objectID,productUuid,title,partner,product,productType,productSource,level,subject,language,availability,flexibility,skills,url,image_url,short_description,weeks_to_complete,weeks_to_complete_min,weeks_to_complete_max,min_hours_per_week,max_hours_per_week,recent_enrollment_count,is_part_of_program,active_run_key
course-0e575a39-da1e-4e33-bb3b-e96cc6ffc58e,0e575a39-da1e-4e33-bb3b-e96cc6ffc58e,How to Learn Online,edX,Course,Course,edX,Introductory,Education & Teacher Training,English,Current,self_paced,Artificial Intelligence; Learning Platforms; Metacognition; Research; Learning Management Systems; Learning Design; Lifelong Learning; Digital Literacy; Time Management,https://www.edx.org/learn/how-to-learn/edx-how-to-learn-online,"https://prod-discovery.edx-cdn.org/cdn-cgi/image/width=auto,height=auto,quality=75,format=webp/media/course/image/0e575a39-da1e-4e33-bb3b-e96cc6ffc58e-403e4a4aaada.png","This course will prepare you with strategies to be a successful online learner. The edX learning team has curated powerful, science-backed techniques which you can start using right away on any learning platform. This course also includes enhancements to address learning online with the advancements of AI tools.",1,,,4,6,34165,False,course-v1:edX+edx201+1T2020
course-73484215-4007-48cd-ba90-c945cde6030d,73484215-4007-48cd-ba90-c945cde6030d,The Science of Happiness,"University of California, Berkeley",Course,Course,edX,Introductory,Social Sciences,English,Current,self_paced,Evolutionary Biology; Psychology; Empathy,https://www.edx.org/learn/happiness/university-of-california-berkeley-the-science-of-happiness,"https://prod-discovery.edx-cdn.org/cdn-cgi/image/width=auto,height=auto,quality=75,format=webp/media/course/image/73484215-4007-48cd-ba90-c945cde6030d-0277a3389713.jpg","The first MOOC to teach positive psychology. Learn science-based principles and practices for a happy, meaningful life.",11,,,4,5,12973,False,BerkeleyX/GG101x/1T2014
course-4d67e5fe-1f51-4f7c-a523-d545cc87fc78,4d67e5fe-1f51-4f7c-a523-d545cc87fc78,Remote Work Revolution for Everyone,Harvard University,Course,Course,edX,Introductory,Business & Management,English,Current,self_paced,Customer Relationship Building; Telecommuting,https://www.edx.org/learn/remote-work/harvard-university-remote-work-revolution-for-everyone,"https://prod-discovery.edx-cdn.org/cdn-cgi/image/width=auto,height=auto,quality=75,format=webp/media/course/image/4d67e5fe-1f51-4f7c-a523-d545cc87fc78-4e11a9fc0776.jpeg","In Remote Work Revolution for Everyone, you will learn to excel in the virtual-work landscape. You will learn how to build trust, increase productivity, use digital tools intelligently, and remain fully aligned with your remote team.",3,,,2,3,30761,True,course-v1:HarvardX+WFH_01+1T2022
course-da1b2400-322b-459b-97b0-0c557f05d017,da1b2400-322b-459b-97b0-0c557f05d017,CS50's Introduction to Computer Science,Harvard University,Course,Course,edX,Introductory,Computer Science; Engineering,English,Current,self_paced,C (Programming Language); Security Software; Forensic Sciences; Data Structures; Python (Programming Language); Cryptography; Finance; JavaScript (Programming Language); Computer Science; HyperText Markup Language (HTML); Resource Management; Cascading Style Sheets (CSS); SQL (Programming Language); Algorithms,https://www.edx.org/learn/computer-science/harvard-university-cs50-s-introduction-to-computer-science,"https://prod-discovery.edx-cdn.org/cdn-cgi/image/width=auto,height=auto,quality=75,format=webp/media/course/image/da1b2400-322b-459b-97b0-0c557f05d017-a3d1899c3344.png",An introduction to the intellectual enterprises of computer science and the art of programming.,12,,,6,18,263727,True,HarvardX/CS50x/2014_T1
course-fa4317f9-e35c-4c7a-b5ef-a14afa1b356d,fa4317f9-e35c-4c7a-b5ef-a14afa1b356d,Data Visualization and Building Dashboards with Excel and Cognos,IBM,Course,Course,edX,Introductory,Data Analysis & Statistics,English,Current,self_paced,IBM Cognos Business Intelligence; Data Visualization; Spreadsheets; Microsoft Excel; Data Analysis,https://www.edx.org/learn/data-visualization/ibm-data-visualization-and-building-dashboards-with-excel-and-cognos,"https://prod-discovery.edx-cdn.org/cdn-cgi/image/width=auto,height=auto,quality=75,format=webp/media/course/image/fa4317f9-e35c-4c7a-b5ef-a14afa1b356d-564b2787e478.jpeg",Build the fundamental knowledge necessary to use Excel and IBM Cognos Analytics to create data visualizations and to create dashboards containing those visualizations to help tell a lucid story about data.,4,,,2,3,5270,True,course-v1:IBM+DV0130+1T2021
course-50f33f6f-be42-43d2-9ccc-d5c5aedbf4fd,50f33f6f-be42-43d2-9ccc-d5c5aedbf4fd,"Six Sigma Part 2: Analyze, Improve, Control",Technical University of Munich,Course,Course,edX,Introductory,Business & Management; Data Analysis & Statistics; Engineering,English,Current,self_paced,Six Sigma Green Belt Certification; Statistics; Six Sigma Yellow Belt; Eight Disciplines Problem Solving (8D); Control Chart; Design For Six Sigma; Lean Six Sigma; Quality Management; Quality Improvement; Lean Manufacturing; Lean Six Sigma Green Belt; Six Sigma Methodology; Statistical Process Controls; Confidence Intervals,https://www.edx.org/learn/six-sigma/technische-universitat-munchen-six-sigma-analyze-improve-control,"https://prod-discovery.edx-cdn.org/cdn-cgi/image/width=auto,height=auto,quality=75,format=webp/media/course/image/50f33f6f-be42-43d2-9ccc-d5c5aedbf4fd-80a3686061ed.jpg","Learn how to statistically analyze process data to determine the root cause and propose solutions for process problems, to implement quality management tools, such as 8D and the 5 Whys, and to understand the concept of Design for Six Sigma (DFSS).",8,,,3,4,1166,True,course-v1:TUMx+QPLS2x+3T2017
course-2cc794d0-316d-42f7-bbfd-25c34e4cd5df,2cc794d0-316d-42f7-bbfd-25c34e4cd5df,CS50's Introduction to Programming with Python,Harvard University,Course,Course,edX,Introductory,Computer Science; Data Analysis & Statistics,English,Current,self_paced,Personal Computers; Regular Expressions; Data Science; SQL (Programming Language); JavaScript (Programming Language); Web Development; Computer Science; Boolean Expression; Web Browsers; Python (Programming Language); C (Programming Language); Unit Testing; Debugging,https://www.edx.org/learn/python/harvard-university-cs50-s-introduction-to-programming-with-python,"https://prod-discovery.edx-cdn.org/cdn-cgi/image/width=auto,height=auto,quality=75,format=webp/media/course/image/2cc794d0-316d-42f7-bbfd-25c34e4cd5df-033e46d516c0.png","An introduction to programming using Python, a popular language for general-purpose programming, data science, web programming, and more.",10,,,3,9,132844,True,course-v1:HarvardX+CS50P+Python
course-256bcc7d-5d2f-4053-b09a-22b48e058798,256bcc7d-5d2f-4053-b09a-22b48e058798,Analyzing Data with Excel,IBM,Course,Course,edX,Introductory,Data Analysis & Statistics,English,Current,self_paced,Data Analysis; Data Science; Data Cleansing; Spreadsheets; Pivot Tables And Charts; Microsoft Excel; Google Sheets; Business Marketing; Data Wrangling; Web Browsers,https://www.edx.org/learn/excel/ibm-analyzing-data-with-excel,"https://prod-discovery.edx-cdn.org/cdn-cgi/image/width=auto,height=auto,quality=75,format=webp/media/course/image/256bcc7d-5d2f-4053-b09a-22b48e058798-8623e73f56a3.jpeg",Build the fundamental knowledge required to use Excel spreadsheets to perform basic data analysis. The course covers the basic workings and key features of Excel to help students analyze their data.,5,,,2,3,9469,True,course-v1:IBM+DA0130+1T2021
course-83991f62-3401-48f2-9b46-f4a76692794c,83991f62-3401-48f2-9b46-f4a76692794c,The Science of Generosity: Do Good…Feel Good,University of Pennsylvania,Course,Course,edX,Introductory,Philanthropy,English,Current,self_paced,,https://www.edx.org/learn/humanities/university-of-pennsylvania-the-science-of-generosity-do-good-feel-good,"https://prod-discovery.edx-cdn.org/cdn-cgi/image/width=auto,height=auto,quality=75,format=webp/media/course/image/83991f62-3401-48f2-9b46-f4a76692794c-70548a27ed2d.png",Explore how generosity can increase your own happiness and make a difference in the communities around you.,4,,,2,4,292,False,course-v1:PennX+GOOD1x+2T2021
course-002fcc00-5258-4760-ae83-8e8f1280e3bd,002fcc00-5258-4760-ae83-8e8f1280e3bd,Entrepreneurial Operations: Launching a Startup,Babson College,Course,Course,edX,Intermediate,Business & Management,English,Current,self_paced,Operations,https://www.edx.org/learn/entrepreneurship/babson-college-entrepreneurial-operations-launching-a-startup,"https://prod-discovery.edx-cdn.org/cdn-cgi/image/width=auto,height=auto,quality=75,format=webp/media/course/image/002fcc00-5258-4760-ae83-8e8f1280e3bd-8409915899e9.jpg",Optimize your business for successby learning the fundamentals of entrepreneurial operations.,4,,,4,6,1421,True,course-v1:BabsonX+EPS03x+2T2018
course-b1e08c5c-4648-4b22-bb22-7b477fcf88d1,b1e08c5c-4648-4b22-bb22-7b477fcf88d1,Marketing Management,Indian Institute of Management Bangalore,Course,Course,edX,Intermediate,Business & Management,English,Current,self_paced,Customer Satisfaction; Marketing Mix; Marketing Management; Management Consulting; Marketing; Customer Service,https://www.edx.org/learn/marketing-management/indian-institute-of-management-bangalore-marketing-management,"https://prod-discovery.edx-cdn.org/cdn-cgi/image/width=auto,height=auto,quality=75,format=webp/media/course/image/b1e08c5c-4648-4b22-bb22-7b477fcf88d1-08eca31e1354.jpg","Learn how to effectively apply marketing management theories and practices, including the marketing mix, through real-world business scenarios.",9,,,2,4,2684,True,course-v1:IIMBx+MK102x+1T2017
course-a00ec61d-e2db-45c8-92c9-4727056c2f4a,a00ec61d-e2db-45c8-92c9-4727056c2f4a,The Foundations of Happiness at Work,"University of California, Berkeley",Course,Course,edX,Introductory,Business & Management; Social Sciences,English,Current,self_paced,Innovation,https://www.edx.org/learn/happiness/university-of-california-berkeley-the-foundations-of-happiness-at-work,"https://prod-discovery.edx-cdn.org/cdn-cgi/image/width=auto,height=auto,quality=75,format=webp/media/course/image/a00ec61d-e2db-45c8-92c9-4727056c2f4a-d24963f66dbe.jpg",Learn why happiness at work matters and how to increase it within yourself and across your organization.,4,,,2,3,1256,True,course-v1:BerkeleyX+GG201x+1T2017
course-8ac6f7ff-0ff9-4894-a5f3-cc34fc5768fa,8ac6f7ff-0ff9-4894-a5f3-cc34fc5768fa,Introduction to Web Accessibility,The World Wide Web Consortium (W3C),Course,Course,edX,Introductory,Computer Science,English,Current,self_paced,Information Technology; User Experience; Web Content Accessibility Guidelines; Web Accessibility; Assistive Technology; Cooperation; Web Accessibility Initiative; International Standards; Rich Internet Application,https://www.edx.org/learn/web-accessibility/the-world-wide-web-consortium-w3c-introduction-to-web-accessibility,"https://prod-discovery.edx-cdn.org/cdn-cgi/image/width=auto,height=auto,quality=75,format=webp/media/course/image/8ac6f7ff-0ff9-4894-a5f3-cc34fc5768fa-8357c71f5fa0.png","Get a strong foundation in digital accessibility to make your websites and apps work well for people with disabilities, meet international standards, and provide a better user experience for everyone.",4,,,4,5,6228,False,course-v1:W3Cx+WAI0.1x+3T2019
course-4145aa87-e1bf-4f84-b6c9-63ef0771e829,4145aa87-e1bf-4f84-b6c9-63ef0771e829,Coaching Skills for Learner-Centred Conversations,Imperial College London,Course,Course,edX,Introductory,Education & Teacher Training; Communication; Social Sciences,English,Archived,self_paced,Life Coaching,https://www.edx.org/learn/coaching/imperial-college-london-coaching-skills-for-learner-centred-conversations,"https://prod-discovery.edx-cdn.org/cdn-cgi/image/width=auto,height=auto,quality=75,format=webp/media/course/image/4145aa87-e1bf-4f84-b6c9-63ef0771e829-f4d0f2475eb0.jpeg","Using coaching approaches in your educational conversations will help you support learners to really maximise their potential, as you become an even more effective and inspiring educator. Over these next four modules, you will become much more familiar with some key coaching principles and skills, and will be equipped to start applying these in your own educational contexts.",4,,,1,2,813,False,course-v1:ImperialX+CSE001+3T2018
course-eacd1533-14d5-4251-903c-bee5708a5bf6,eacd1533-14d5-4251-903c-bee5708a5bf6,Creating Innovative Business Models,"The University of Maryland, College Park",Course,Course,edX,Introductory,Business & Management,English,Current,self_paced,Marketing Strategies; Financial Strategy; Financial Modeling; Value Propositions; Innovation,https://www.edx.org/learn/business-model/university-system-of-maryland-creating-innovative-business-models,"https://prod-discovery.edx-cdn.org/cdn-cgi/image/width=auto,height=auto,quality=75,format=webp/media/course/image/eacd1533-14d5-4251-903c-bee5708a5bf6-2543cca621ba.png","Build your capabilities to create a value proposition, team strategy, market strategy, and financial strategy to transform your ideas into a startup company or innovative corporate venture",4,,,2,3,1088,True,course-v1:USMx+ENES461x+1T2020
course-3a31db71-de8f-45f1-ae65-11981ed9d680,3a31db71-de8f-45f1-ae65-11981ed9d680,CS50's Introduction to Artificial Intelligence with Python,Harvard University,Course,Course,edX,Introductory,Computer Science,English,Current,self_paced,Machine Translation; Intelligent Systems; Handwriting Recognition; Algorithms; Artificial Intelligence; Reinforcement Learning; Python (Programming Language); Computer Science; Medical Diagnosis; Machine Learning; Search Algorithms; Mathematical Optimization; Proofreading,https://www.edx.org/learn/artificial-intelligence/harvard-university-cs50-s-introduction-to-artificial-intelligence-with-python,"https://prod-discovery.edx-cdn.org/cdn-cgi/image/width=auto,height=auto,quality=75,format=webp/media/course/image/3a31db71-de8f-45f1-ae65-11981ed9d680-b801bb328333.png",Learn to use machine learning in Python in this introductory course on artificial intelligence.,7,,,10,30,93447,True,course-v1:HarvardX+CS50AI+1T2020
course-af184b03-15a3-4977-9cee-87f051dc810d,af184b03-15a3-4977-9cee-87f051dc810d,Interdisciplinary Teaching with Museum Objects,The Smithsonian Institution,Course,Course,edX,Introductory,Education & Teacher Training; Art & Culture; History,English,Archived,self_paced,African-American History; Interdisciplinary Teaching,https://www.edx.org/learn/teaching-strategies/the-smithsonian-institution-interdisciplinary-teaching-with-museum-objects,"https://prod-discovery.edx-cdn.org/cdn-cgi/image/width=auto,height=auto,quality=75,format=webp/media/course/image/af184b03-15a3-4977-9cee-87f051dc810d-97f5e9c60014.jpeg","Educators from four Smithsonian museums will explore connections among their collections and model teaching strategies that participants can implement with their students, whether online or in the classroom.",14,,,1,2,228,True,course-v1:SmithsonianX+SIED1.1x+3T2020
course-88391405-e329-495d-bf72-5de13bbf1846,88391405-e329-495d-bf72-5de13bbf1846,CS50's Introduction to Cybersecurity,Harvard University,Course,Course,edX,Introductory,Computer Science; Business & Management; Ethics,English,Current,self_paced,Cyber Security; Usability,https://www.edx.org/learn/cybersecurity/harvard-university-cs50-s-introduction-to-cybersecurity,"https://prod-discovery.edx-cdn.org/cdn-cgi/image/width=auto,height=auto,quality=75,format=webp/media/course/image/88391405-e329-495d-bf72-5de13bbf1846-be5135562618.png",An introduction to cybersecurity for technical and non-technical audiences alike.,5,,,2,6,90082,True,course-v1:HarvardX+CS50CS+Cybersecurity
course-eb57cb64-2f14-4a7e-8626-914cde2b06d0,eb57cb64-2f14-4a7e-8626-914cde2b06d0,Data Science and Agile Systems for Product Management,"The University of Maryland, College Park",Course,Course,edX,Intermediate,Business & Management; Computer Science; Design,English,Current,self_paced,Data Management; Self Service Technologies; Product Management; DevOps; Influencing Skills; Modularity; Operations; Agile Methodology; Data Science; Data Collection; Fault Tolerance; Automation; Design And Technology,https://www.edx.org/learn/product-management/the-university-of-maryland-college-park-data-science-and-agile-systems-for-product-management,"https://prod-discovery.edx-cdn.org/cdn-cgi/image/width=auto,height=auto,quality=75,format=webp/media/course/image/eb57cb64-2f14-4a7e-8626-914cde2b06d0-ceb03dde0483.png","Deliver faster, higher quality, and fault-tolerant products regardless of industry using the latest in Agile, DevOps, and Data Science.",4,,,2,3,1042,True,course-v1:USMx+ENES608.4+2T2020
course-51cf8a23-cffe-4b00-a0e7-badc59927767,51cf8a23-cffe-4b00-a0e7-badc59927767,Climate Change: Financial Risks and Opportunities,Imperial College Business School; Imperial College London,Course,Course,edX,Intermediate,Economics & Finance; Environmental Studies,English,Current,self_paced,Finance; Risk Management; Financial Services; Investments; Capital Markets; Financial Market,https://www.edx.org/learn/climate-change/imperial-college-business-school-climate-change-financial-risks-and-opportunities,"https://prod-discovery.edx-cdn.org/cdn-cgi/image/width=auto,height=auto,quality=75,format=webp/media/course/image/51cf8a23-cffe-4b00-a0e7-badc59927767-c43b00d27ebf.jpg","Explore the risks and opportunities that climate change presents to financial markets, hearing from a range of investment industry leaders and scientific researchers.",4,,,2,10,673,False,course-v1:ImperialBusinessX+ICBS005+3T2018
course-1dc2b7e4-21ab-4c39-9da0-1784d3321948,1dc2b7e4-21ab-4c39-9da0-1784d3321948,Machine Learning and AI with Python,Harvard University,Course,Course,edX,Intermediate,Data Analysis & Statistics; Computer Science,English,Current,self_paced,,https://www.edx.org/learn/machine-learning/harvard-university-machine-learning-and-ai-with-python,"https://prod-discovery.edx-cdn.org/cdn-cgi/image/width=auto,height=auto,quality=75,format=webp/media/course/image/1dc2b7e4-21ab-4c39-9da0-1784d3321948-3f049112c9dd.png","Learn how to use decision trees, the foundational algorithm for your understanding of machine learning and artificial intelligence.",6,,,4,5,40863,True,course-v1:HarvardX+CS109xa+3T2023
course-6774d438-134f-4d20-95a2-ea763f59ff23,6774d438-134f-4d20-95a2-ea763f59ff23,Exercising Leadership: Foundational Principles,Harvard University,Course,Course,edX,Introductory,Business & Management; Communication; Philosophy & Ethics,English,Current,self_paced,Leadership,https://www.edx.org/learn/leadership/harvard-university-exercising-leadership-foundational-principles,"https://prod-discovery.edx-cdn.org/cdn-cgi/image/width=auto,height=auto,quality=75,format=webp/media/course/image/6774d438-134f-4d20-95a2-ea763f59ff23-985bdf6b8a01.png",Mobilize people to tackle tough problems and build the capacity to thrive through the dangers of change,4,,,2,3,44220,True,course-v1:HarvardX+LEAD1x+1T2020a
course-c5e876c0-0a8e-4191-ba43-6c4e6d7a5d35,c5e876c0-0a8e-4191-ba43-6c4e6d7a5d35,Storytelling in the Workplace,Rochester Institute of Technology,Course,Course,edX,Introductory,Communication; Business & Management,English,Current,self_paced,Writing; Target Audience; Communications,https://www.edx.org/learn/storytelling/rochester-institute-of-technology-storytelling-in-the-workplace,"https://prod-discovery.edx-cdn.org/cdn-cgi/image/width=auto,height=auto,quality=75,format=webp/media/course/image/c5e876c0-0a8e-4191-ba43-6c4e6d7a5d35-09dcecf754e5.jpeg",Learn how to craft messages and narratives that will resonate with your target audience to create your desired outcome.,3,,,4,6,1220,True,course-v1:RITx+COMM101+2T2020
course-f11c9289-596e-4c46-a9cb-318052f259ae,f11c9289-596e-4c46-a9cb-318052f259ae,AI for Everyone: Master the Basics,IBM,Course,Course,edX,Introductory,Computer Science; Data Analysis & Statistics; Business & Management,English,Current,self_paced,Deep Learning; Artificial Intelligence; Artificial Neural Networks; Computer Science; Machine Learning,https://www.edx.org/learn/artificial-intelligence/ibm-ai-for-everyone-master-the-basics,"https://prod-discovery.edx-cdn.org/cdn-cgi/image/width=auto,height=auto,quality=75,format=webp/media/course/image/f11c9289-596e-4c46-a9cb-318052f259ae-0b7656599f64.jpeg","Learn what Artificial Intelligence (AI) is by understanding its applications and key concepts including machine learning, deep learning and neural networks.",4,,,1,2,35713,True,course-v1:IBM+AI0101EN+1T2020
course-fcd082c5-7eb6-4b35-909f-20b5ac723d06,fcd082c5-7eb6-4b35-909f-20b5ac723d06,Google Cloud Computing Foundations: Cloud Computing Fundamentals,Google Cloud,Course,Course,edX,Introductory,Computer Science,English,Current,self_paced,Google Cloud; Cloud Computing,https://www.edx.org/learn/cloud-computing/google-cloud-google-cloud-computing-foundations-cloud-computing-fundamentals,"https://prod-discovery.edx-cdn.org/cdn-cgi/image/width=auto,height=auto,quality=75,format=webp/media/course/image/fcd082c5-7eb6-4b35-909f-20b5ac723d06-287bb6bb519f.png","The first course in Google Cloud Computing Foundations Professional Certificate provides an overview of cloud computing, ways to use Google Cloud, and different compute options.",1,,,5,6,984,True,course-v1:GoogleCloud+GCCF1x+3T2022
course-c2004e8e-3882-4927-a883-1c5f39a28865,c2004e8e-3882-4927-a883-1c5f39a28865,Introduction to Data Science with Python,Harvard University,Course,Course,edX,Intermediate,Data Analysis & Statistics; Computer Science,English,Current,self_paced,Matplotlib; R (Programming Language); Artificial Intelligence; Data Science; Algorithms; Parsing; Scientific Methods; Python (Programming Language); Pandas (Python Package); NumPy; Scikit-learn (Machine Learning Library); Machine Learning,https://www.edx.org/learn/data-science/harvard-university-introduction-to-data-science-with-python,"https://prod-discovery.edx-cdn.org/cdn-cgi/image/width=auto,height=auto,quality=75,format=webp/media/course/image/c2004e8e-3882-4927-a883-1c5f39a28865-19b5ff5b0248.jpeg",Learn the concepts and techniques that make up the foundation of data science and machine learning.,8,,,3,4,31478,True,course-v1:HarvardX+CS109x+1T2022
course-f8042b37-6a21-4afa-b9e2-6f51dcd694db,f8042b37-6a21-4afa-b9e2-6f51dcd694db,"Fundamentals of Neuroscience, Part 1: The Electrical Properties of the Neuron",Harvard University,Course,Course,edX,Introductory,Biology & Life Sciences; Science; Medicine,English,Current; Upcoming,self_paced,,https://www.edx.org/learn/neuroscience/harvard-university-fundamentals-of-neuroscience-part-1-the-electrical-properties-of-the-neuron,"https://prod-discovery.edx-cdn.org/cdn-cgi/image/width=auto,height=auto,quality=75,format=webp/media/course/image/f8042b37-6a21-4afa-b9e2-6f51dcd694db-11fbc288a095.png",Learn how electricity makes the neurons in your brain tick.,5,,,3,5,29490,True,course-v1:HarvardX+MCB80.1x+2T2016
course-941c1967-d0ee-49bc-b3c5-e6ccf4681f2a,941c1967-d0ee-49bc-b3c5-e6ccf4681f2a,Rhetoric: The Art of Persuasive Writing and Public Speaking,Harvard University,Course,Course,edX,Introductory,Humanities; Communication; History,English,Current; Upcoming,self_paced,Persuasive Writing; Writing; Persuasive Communication; Artificial Intelligence; Communications; Public Speaking; Rhetoric; Economics,https://www.edx.org/learn/rhetoric/harvard-university-rhetoric-the-art-of-persuasive-writing-and-public-speaking,"https://prod-discovery.edx-cdn.org/cdn-cgi/image/width=auto,height=auto,quality=75,format=webp/media/course/image/941c1967-d0ee-49bc-b3c5-e6ccf4681f2a-14ac60434ff5.jpeg",Gain critical communication skills in writing and public speaking with this introduction to American political rhetoric.,8,,,2,3,27737,True,course-v1:HarvardX+AESTHINT15+3T2019
course-128aab52-0ffe-4dc4-8314-8a3f02d38fcb,128aab52-0ffe-4dc4-8314-8a3f02d38fcb,Building Personal Resilience: Managing Anxiety and Mental Health,Harvard University,Course,Course,edX,Introductory,Social Sciences; Health & Safety,English,Current,self_paced,,https://www.edx.org/learn/mental-health/harvard-university-building-personal-resilience-managing-anxiety-and-mental-health,"https://prod-discovery.edx-cdn.org/cdn-cgi/image/width=auto,height=auto,quality=75,format=webp/media/course/image/128aab52-0ffe-4dc4-8314-8a3f02d38fcb-041b8634795b.jpeg",Join Harvard Medical School faculty Dr. Luana Marques to use applied psychology to build personal resilience with five science-driven skills.,6,,,1,2,25380,True,course-v1:HarvardX+resilience.01x+2T2023
course-91f52ef3-fa3f-4934-9d19-8d5a32635cd4,91f52ef3-fa3f-4934-9d19-8d5a32635cd4,Data Science: R Basics,Harvard University,Course,Course,edX,Introductory,Data Analysis & Statistics; Computer Science,English,Current; Upcoming,self_paced,Linux; Machine Learning; RStudio; Data Visualization; Github; Unix; Probability; Data Science; Sorting; Git (Version Control System); File Organization; Ggplot2; Version Control; Data Analysis; R (Programming Language); Dplyr; Data Wrangling; Document Preparations,https://www.edx.org/learn/r-programming/harvard-university-data-science-r-basics,"https://prod-discovery.edx-cdn.org/cdn-cgi/image/width=auto,height=auto,quality=75,format=webp/media/course/image/91f52ef3-fa3f-4934-9d19-8d5a32635cd4-d99e27f09d19.jpg","Build a foundation in R and learn how to wrangle, analyze, and visualize data.",8,,,1,2,25164,True,course-v1:HarvardX+PH125.1x+2T2017
course-b7d37bb2-5f79-4792-89e0-cf5ec68203f9,b7d37bb2-5f79-4792-89e0-cf5ec68203f9,Justice,Harvard University,Course,Course,edX,Introductory,Humanities; Philosophy & Ethics,English,Current,self_paced,Critical Thinking; Property Rights; Political Philosophy,https://www.edx.org/learn/justice/harvard-university-justice,"https://prod-discovery.edx-cdn.org/cdn-cgi/image/width=auto,height=auto,quality=75,format=webp/media/course/image/b7d37bb2-5f79-4792-89e0-cf5ec68203f9-ad98268b4db1.jpg",This introduction to moral and political philosophy is one of the most popular courses taught at Harvard College.,12,,,3,6,25032,False,course-v1:HarvardX+ER22.1x+2015T3
course-8f8e5124-1dab-47e6-8fa6-3fbdc0738f0a,8f8e5124-1dab-47e6-8fa6-3fbdc0738f0a,CS50's Web Programming with Python and JavaScript,Harvard University,Course,Course,edX,Intermediate,Computer Science,English,Current,self_paced,React.js; Web Development; Scalability; Database Design; Cloud Computing; Application Programming Interface (API); Python (Programming Language); SQL (Programming Language); Computer Science; JavaScript (Programming Language); Application Deployment; Github; Django (Web Framework); Cloud Services,https://www.edx.org/learn/web-development/harvard-university-cs50-s-web-programming-with-python-and-javascript,"https://prod-discovery.edx-cdn.org/cdn-cgi/image/width=auto,height=auto,quality=75,format=webp/media/course/image/8f8e5124-1dab-47e6-8fa6-3fbdc0738f0a-4978ad93b1c3.png","This course picks up where CS50 leaves off, diving more deeply into the design and implementation of web apps with Python, JavaScript, and SQL using frameworks like Django, React, and Bootstrap.",12,,,6,9,24984,True,course-v1:HarvardX+CS50W+1T2018
course-7e5958e8-d709-41ab-8f8c-4339f7a733c9,7e5958e8-d709-41ab-8f8c-4339f7a733c9,Data Science: Building Machine Learning Models,Harvard University,Course,Course,edX,Introductory,Data Analysis & Statistics; Computer Science,English,Current; Upcoming,self_paced,Recommender Systems; Machine Learning Algorithms; Speech Recognition; Machine Learning; Forecasting; Principal Component Analysis; Data Science; Algorithms,https://www.edx.org/learn/machine-learning/harvard-university-data-science-machine-learning,"https://prod-discovery.edx-cdn.org/cdn-cgi/image/width=auto,height=auto,quality=75,format=webp/media/course/image/7e5958e8-d709-41ab-8f8c-4339f7a733c9-bbb3b4ab9455.jpg",Build a movie recommendation system and learn the science behind one of the most popular and successful data science techniques.,8,,,2,4,24062,True,course-v1:HarvardX+PH125.8x+2T2018
course-8290161d-6419-41c6-87a8-b0fa61b8bb86,8290161d-6419-41c6-87a8-b0fa61b8bb86,CS50's Introduction to Programming with Scratch,Harvard University,Course,Course,edX,Introductory,Computer Science; Design; Education & Teacher Training,English,Current,self_paced,Computer Science; Python (Programming Language); Typing; Animations; Visual Programming Language (VPL); Java (Programming Language),https://www.edx.org/learn/scratch-programming/harvard-university-cs50-s-introduction-to-programming-with-scratch,"https://prod-discovery.edx-cdn.org/cdn-cgi/image/width=auto,height=auto,quality=75,format=webp/media/course/image/8290161d-6419-41c6-87a8-b0fa61b8bb86-eab7d4288e46.png",A gentle introduction to programming that prepares you for subsequent courses in coding.,3,,,2,6,23413,False,course-v1:HarvardX+CS50S+Scratch
course-20574fb6-99b9-44cf-afa5-473d8337c7a8,20574fb6-99b9-44cf-afa5-473d8337c7a8,Human Anatomy: Musculoskeletal Cases,Harvard University,Course,Course,edX,Intermediate,Medicine; Biology & Life Sciences; Health & Safety,English,Current,self_paced,Orthopedic Surgery; Dissection; Primary Care; Differential Diagnosis; Anatomy; Radiology; Orthopedics; Histology; Human Musculoskeletal Systems; Musculoskeletal Injuries; Clinical Practices; Operating Room (OR); Dentistry,https://www.edx.org/learn/human-anatomy/harvard-university-human-anatomy-musculoskeletal-cases,"https://prod-discovery.edx-cdn.org/cdn-cgi/image/width=auto,height=auto,quality=75,format=webp/media/course/image/20574fb6-99b9-44cf-afa5-473d8337c7a8-c1588ba86fbd.jpg",Learn the anatomy basic to understanding five musculoskeletal injuries commonly seen in primary care medicine and orthopedic clinical specialty practice. Follow hypothetical patients from injury to operating room.,7,,,3,6,20527,False,HarvardX/AT1x/2T2014
course-3e45c431-10df-423e-9f03-fb98b713cd4a,3e45c431-10df-423e-9f03-fb98b713cd4a,CS50's Introduction to Databases with SQL,Harvard University,Course,Course,edX,Introductory,Computer Science; Data Analysis & Statistics; Business & Management,English,Current,self_paced,Python (Programming Language); Java (Programming Language); Relational Databases; SQL (Programming Language); Data Store; Scalability; PostgreSQL; MySQL; Foreign Keys; SQLite,https://www.edx.org/learn/sql/harvard-university-cs50-s-introduction-to-databases-with-sql,"https://prod-discovery.edx-cdn.org/cdn-cgi/image/width=auto,height=auto,quality=75,format=webp/media/course/image/3e45c431-10df-423e-9f03-fb98b713cd4a-2397c9098976.png",An introduction to databases using a language called SQL.,7,,,6,12,20420,True,course-v1:HarvardX+CS50SQL+3T2023
course-5f1d3726-e78b-41f9-8e71-b904fddd102e,5f1d3726-e78b-41f9-8e71-b904fddd102e,Contract Law: From Trust to Promise to Contract.,Harvard University,Course,Course,edX,Intermediate,Business & Management; Philosophy & Ethics; Law,English,Current,self_paced,Contract Law,https://www.edx.org/learn/business-law/harvard-university-contract-law-from-trust-to-promise-to-contract,"https://prod-discovery.edx-cdn.org/cdn-cgi/image/width=auto,height=auto,quality=75,format=webp/media/course/image/5f1d3726-e78b-41f9-8e71-b904fddd102e-140b8d4f44ff.jpg","Contracts are a part of our everyday life, arising in collaboration, trust, promise and credit. How are contracts formed? What makes a contract enforceable? What happens when one party breaks a promise?",8,,,3,6,19727,False,course-v1:Harvardx+HLS2X+2T2016
course-d61d7a1f-3333-4169-a786-92e2bf690c6f,d61d7a1f-3333-4169-a786-92e2bf690c6f,IELTS Academic Test Preparation,The University of Queensland,Course,Course,edX,Introductory,Communication; Humanities; Language,English,Current,self_paced,English Language; Writing,https://www.edx.org/learn/test-prep/the-university-of-queensland-ielts-academic-test-preparation,"https://prod-discovery.edx-cdn.org/cdn-cgi/image/width=auto,height=auto,quality=75,format=webp/media/course/image/d61d7a1f-3333-4169-a786-92e2bf690c6f-fa8a6909baec.jpg","Prepare for the IELTS Academic tests in this comprehensive, self-paced course covering listening, speaking, reading and writing.",8,,,5,10,18726,False,course-v1:UQx+IELTSx+3T2015
course-381a0046-5d78-4790-8776-74620d59f48e,381a0046-5d78-4790-8776-74620d59f48e,Python Basics for Data Science,IBM,Course,Course,edX,Intermediate,Data Analysis & Statistics; Engineering; Computer Science,English,Current,self_paced,Python (Programming Language); Watson Studio; Data Analysis; Jupyter; Data Science; Data Visualization; Machine Learning,https://www.edx.org/learn/python/ibm-python-basics-for-data-science,"https://prod-discovery.edx-cdn.org/cdn-cgi/image/width=auto,height=auto,quality=75,format=webp/media/course/image/381a0046-5d78-4790-8776-74620d59f48e-e2e7f4677ce2.jpeg","This Python course provides a beginner-friendly introduction to Python for Data Science. Practice through lab exercises, and you'll be ready to create your first Python scripts on your own!",3,,,4,10,16208,True,course-v1:IBM+PY0101EN+2T2018
course-2c9ed992-c007-4182-a9f4-7524b2029082,2c9ed992-c007-4182-a9f4-7524b2029082,"PredictionX: Omens, Oracles & Prophecies",Harvard University,Course,Course,edX,Introductory,Social Sciences; History; Science,English,Current,self_paced,Forecasting; Futures Exchange; Computer Simulation,https://www.edx.org/learn/social-science/harvard-university-predictionx-omens-oracles-prophecies,"https://prod-discovery.edx-cdn.org/cdn-cgi/image/width=auto,height=auto,quality=75,format=webp/media/course/image/2c9ed992-c007-4182-a9f4-7524b2029082-db78cc614b72.jpg","This course is an overview of divination systems, ranging from ancient Chinese bone burning to modern astrology.",1,,,3,5,15704,True,course-v1:HarvardX+SOC1.practx+1T2017
course-387c5b5b-ef7f-43b9-b9b5-4163f3c74a49,387c5b5b-ef7f-43b9-b9b5-4163f3c74a49,Entrepreneurship in Emerging Economies,Harvard University,Course,Course,edX,Introductory,Business & Management; Economics & Finance; Health & Safety,English,Current,self_paced,Management; Social Issue; Infrastructure; Value Systems; Property Rights; Financial Technology (FinTech); LESS; Branding; Innovation; Operations,https://www.edx.org/learn/entrepreneurship/harvard-university-entrepreneurship-in-emerging-economies,"https://prod-discovery.edx-cdn.org/cdn-cgi/image/width=auto,height=auto,quality=75,format=webp/media/course/image/387c5b5b-ef7f-43b9-b9b5-4163f3c74a49-c7a02a264e7c.jpg",Explore how entrepreneurship and innovation tackle complex social problems in emerging economies.,6,,,3,5,15698,False,course-v1:HarvardX+SW47x+2T2017
course-56feae4a-7386-4499-8f1d-cf4b17c6cc87,56feae4a-7386-4499-8f1d-cf4b17c6cc87,Managing Happiness,Harvard University,Course,Course,edX,Introductory,Social Sciences; Health & Safety,English,Current; Upcoming,self_paced,Social Sciences; Lifelong Learning; Research; Psychology,https://www.edx.org/learn/happiness/harvard-university-managing-happiness,"https://prod-discovery.edx-cdn.org/cdn-cgi/image/width=auto,height=auto,quality=75,format=webp/media/course/image/56feae4a-7386-4499-8f1d-cf4b17c6cc87-ef014434d4ee.jpeg","Managing Happiness encourages you to explore the science of happiness, allowing you to find your truest self. Through cutting-edge survey tools, the best research, and trends in social science, positive psychology, neuroscience, and philosophy, learners unlock the strategies to create a more purposeful life, full of long-lasting enjoyment and satisfaction.",6,,,2,3,15513,True,course-v1:HarvardX+happy+2T2021
course-8c411679-4105-4de9-8a4c-9c5b3f4a33a6,8c411679-4105-4de9-8a4c-9c5b3f4a33a6,The Architectural Imagination,Harvard University,Course,Course,edX,Introductory,Architecture; History,English,Current,self_paced,Perspective (Graphical); Innovation; Imagination; Value Systems,https://www.edx.org/learn/architecture/harvard-university-the-architectural-imagination,"https://prod-discovery.edx-cdn.org/cdn-cgi/image/width=auto,height=auto,quality=75,format=webp/media/course/image/8c411679-4105-4de9-8a4c-9c5b3f4a33a6-8e968ff5d2c3.jpg",Learn fundamental principles of architecture — as an academic subject or a professional career — by studying some of history’s most important buildings.,10,,,3,5,13112,False,course-v1:HarvardX+GSD1x+1T2017
course-1e170500-f525-46c1-b8b9-c893cf6910d3,1e170500-f525-46c1-b8b9-c893cf6910d3,Italian Language and Culture: Beginner (2025-2026),Wellesley College,Course,Course,edX,Introductory,Language; Art & Culture; Humanities,Italian,Current,self_paced,Writing; Reading Comprehension; Pronunciation; Grammar; Vocabulary; Language Education; Podcasting; Italian Language; Mobile Devices,https://www.edx.org/learn/italian/wellesley-college-italian-language-and-culture-beginner-2025-2026,"https://prod-discovery.edx-cdn.org/cdn-cgi/image/width=auto,height=auto,quality=75,format=webp/media/course/image/1e170500-f525-46c1-b8b9-c893cf6910d3-641dfb9218ec.jpg","Learn the basics of the Italian language and culture through videos, podcasts, interviews, and much more.",12,,,3,5,11620,True,course-v1:WellesleyX+Italian1x+1T2016
course-8566d539-69cb-43a5-94c2-000502df1a92,8566d539-69cb-43a5-94c2-000502df1a92,Introduction to Kubernetes,The Linux Foundation,Course,Course,edX,Introductory,Computer Science; Business & Management,English,Current,self_paced,Infrastructure; Multitier Architecture; Kubernetes; Cloud-Native Computing,https://www.edx.org/learn/kubernetes/the-linux-foundation-introduction-to-kubernetes,"https://prod-discovery.edx-cdn.org/cdn-cgi/image/width=auto,height=auto,quality=75,format=webp/media/course/image/8566d539-69cb-43a5-94c2-000502df1a92-3717b6f99abc.png",Want to learn Kubernetes? Get an in-depth primer on this powerful system for managing containerized applications.,14,,,2,3,11594,False,course-v1:LinuxFoundationX+LFS158x+2T2017
course-956319ec-8665-4039-8bc6-32c9a9aea5e9,956319ec-8665-4039-8bc6-32c9a9aea5e9,Introduction to Computer Science and Programming Using Python.,Massachusetts Institute of Technology,Course,Course,edX,Introductory,Computer Science; Engineering; Science,English,Current,instructor_paced,Python (Programming Language); Data Science; Sales; Computational Thinking; Computer Science,https://www.edx.org/learn/computer-science/massachusetts-institute-of-technology-introduction-to-computer-science-and-programming-using-python,"https://prod-discovery.edx-cdn.org/cdn-cgi/image/width=auto,height=auto,quality=75,format=webp/media/course/image/956319ec-8665-4039-8bc6-32c9a9aea5e9-885268c71902.jpg",An introduction to computer science as a tool to solve real-world analytical problems using Python 3.5.,9,,,14,16,11457,True,MITx/6.00.1-x/1T2014
course-896f6184-731a-4dae-9e53-ef7a83e5606d,896f6184-731a-4dae-9e53-ef7a83e5606d,Principles of Biochemistry,Harvard University,Course,Course,edX,Intermediate,Medicine; Biology & Life Sciences; Chemistry,English,Current,self_paced,Enzyme Kinetics; Protein Function; Problem Solving; Interconnection; Metabolism; Livers; Macromolecule; Hepatology; Chemical Kinetics; Biochemistry; Cell Biology; Analytical Skills; Metabolic Pathways,https://www.edx.org/learn/biochemistry/harvard-university-principles-of-biochemistry,"https://prod-discovery.edx-cdn.org/cdn-cgi/image/width=auto,height=auto,quality=75,format=webp/media/course/image/896f6184-731a-4dae-9e53-ef7a83e5606d-acc305e9f8d4.jpg","This introduction to biochemistry explores the molecules of life, starting at simple building blocks and culminating in complex metabolism.",15,,,4,6,10275,False,course-v1:HarvardX+MCB63X+3T2015
course-b4072f23-f746-43a1-9819-8e3d8b066f38,b4072f23-f746-43a1-9819-8e3d8b066f38,Data Science: Visualization,Harvard University,Course,Course,edX,Introductory,Data Analysis & Statistics; Computer Science,English,Current; Upcoming,self_paced,Ggplot2; Exploratory Data Analysis; Health Economics; Data Science; Infectious Diseases; Data Visualization; Statistical Programming,https://www.edx.org/learn/data-visualization/harvard-university-data-science-visualization,"https://prod-discovery.edx-cdn.org/cdn-cgi/image/width=auto,height=auto,quality=75,format=webp/media/course/image/b4072f23-f746-43a1-9819-8e3d8b066f38-76465b3bdbcc.jpg",Learn basic data visualization principles and how to apply them using ggplot2.,8,,,1,2,10135,True,course-v1:HarvardX+PH125.2x+3T2017
course-90a15103-767d-42ca-ba2f-6f4c892d6f4c,90a15103-767d-42ca-ba2f-6f4c892d6f4c,A Hands-on Introduction to Engineering Simulations,Cornell University,Course,Course,edX,Intermediate,Engineering,English,Current,self_paced,Finite Element Methods; Computational Fluid Dynamics; Simulations; Ansys Simulation Software; Physics; Fluid Dynamics; Industry Practices; Structural Mechanics,https://www.edx.org/learn/engineering/cornell-university-a-hands-on-introduction-to-engineering-simulations,"https://prod-discovery.edx-cdn.org/cdn-cgi/image/width=auto,height=auto,quality=75,format=webp/media/course/image/90a15103-767d-42ca-ba2f-6f4c892d6f4c-2222edeb0de6.jpg",Learn how to analyze real-world engineering problems using Ansys simulation software and gain important professional skills sought by employers.,6,,,4,6,9554,False,course-v1:CornellX+ENGR2000X+2T2016
course-39b62e2f-9859-4a01-9491-265d28e2c46d,39b62e2f-9859-4a01-9491-265d28e2c46d,Introduction to Probability,Harvard University,Course,Course,edX,Intermediate,Data Analysis & Statistics; Math; Computer Science,English,Current,self_paced,Medical Testing; Algorithms; Data Science; Forecasting; Economics; Engineering Economics; Stochastic Process; Finance; Probability; Statistical Inference; Statistics; Prediction,https://www.edx.org/learn/probability/harvard-university-introduction-to-probability,"https://prod-discovery.edx-cdn.org/cdn-cgi/image/width=auto,height=auto,quality=75,format=webp/media/course/image/39b62e2f-9859-4a01-9491-265d28e2c46d-d0ebdf5f2f8b.png","Learn probability, an essential language and set of tools for understanding data, randomness, and uncertainty.",10,,,5,10,9425,False,course-v1:HarvardX+STAT110x+2T2017
course-94796bd2-6c39-4189-96ac-fce68e613c57,94796bd2-6c39-4189-96ac-fce68e613c57,Statistics and R,Harvard University,Course,Course,edX,Intermediate,Data Analysis & Statistics; Biology & Life Sciences; Science,English,Current,self_paced,Linear Model; Statistical Analysis; Statistical Inference; R (Programming Language); Biology; Confidence Intervals; Data Warehousing; Bioconductor (Bioinformatics Software); Software Engineering; Descriptive Statistics; Functional Genomics; Matrix Algebra; Data Analysis; Statistics; Life Sciences,https://www.edx.org/learn/r-programming/harvard-university-statistics-and-r,"https://prod-discovery.edx-cdn.org/cdn-cgi/image/width=auto,height=auto,quality=75,format=webp/media/course/image/94796bd2-6c39-4189-96ac-fce68e613c57-c76049556dec.jpg",An introduction to basic statistical concepts and R programming skills necessary for analyzing data in the life sciences.,4,,,2,4,9204,True,course-v1:HarvardX+PH525.1x+2T2016
course-0ecf7948-eba0-4787-a544-3d0e2197a151,0ecf7948-eba0-4787-a544-3d0e2197a151,Leadership for Purposeful Change: Creating Public Value,Harvard University,Course,Course,edX,Introductory,Social Sciences,English,Current,self_paced,Value Propositions; Leadership,https://www.edx.org/learn/leadership/harvard-university-leadership-creating-public-value,"https://prod-discovery.edx-cdn.org/cdn-cgi/image/width=auto,height=auto,quality=75,format=webp/media/course/image/0ecf7948-eba0-4787-a544-3d0e2197a151-563518624bc8.jpeg","In Leadership: Creating Public Value, learn how to face and meet today’s challenges and design a public value proposition that is both actionable and value creating.",7,,,2,3,8756,False,course-v1:HarvardX+CPV+2T2021
course-526a4611-1de4-41a5-83b2-01644de9f68a,526a4611-1de4-41a5-83b2-01644de9f68a,Early Childhood Development: Global Strategies for Implementation,Harvard University,Course,Course,edX,Introductory,Education & Teacher Training,English,Current,self_paced,Investments; Child Development; Public Health; Health Research; Child Protection; Social Development; Scalability; Developmental Psychology; Advocacy; Head Start (Education Program); Policy Development,https://www.edx.org/learn/child-development/harvard-university-early-childhood-development-global-strategies-for-implementation,"https://prod-discovery.edx-cdn.org/cdn-cgi/image/width=auto,height=auto,quality=75,format=webp/media/course/image/526a4611-1de4-41a5-83b2-01644de9f68a-796e2d9423ba.jpeg","Examine best practices in child and family policies, advocacy, financing, and pathways to scale—learning how to generate innovative, scalable intervention strategies that supports early childhood development. Together, Harvard University and UNICEF bring global experience from communities to policy makers, evidence and experts from around the world.",7,,,1,3,8644,False,course-v1:HarvardX+ECD01+3T2020
course-1b1b7e50-ae85-4a5f-af09-ef2bf051383a,1b1b7e50-ae85-4a5f-af09-ef2bf051383a,Excel for Beginners,Davidson College,Course,Course,edX,Introductory,Data Analysis & Statistics,English,Current,self_paced,Anatomy; Conditional Formatting; Excel Macros; Data Entry; Google Sheets; Keyboard Shortcuts; Vlookups; Microsoft Excel; Basic Math; Spreadsheets; Pivot Tables And Charts,https://www.edx.org/learn/excel/davidson-college-excel-for-beginners,"https://prod-discovery.edx-cdn.org/cdn-cgi/image/width=auto,height=auto,quality=75,format=webp/media/course/image/1b1b7e50-ae85-4a5f-af09-ef2bf051383a-8352f84950d3.jpeg","No prior knowledge or experience with Excel? No problem!
Mastering a basic skills in Excel will open the door to new opportunities, jobs, and more advanced skills that can help you be more efficient in your work or advance your career in your current or a future position. Come join us and reduce barriers to working with Excel!",4,,,3,5,8472,True,course-v1:DavidsonX+DavidsonX_D008+2T2021
course-8a1c5e35-6538-428c-a707-27d94c907187,8a1c5e35-6538-428c-a707-27d94c907187,Foundations of Modern Finance I,Massachusetts Institute of Technology,Course,Course,edX,Advanced,Economics & Finance; Data Analysis & Statistics,English,Current,self_paced,Finance; Planning; Investments; Financial Market; Market Liquidity; Basic Math; Chartered Financial Analyst; Financial Services; Financial Analysis,https://www.edx.org/learn/finance/massachusetts-institute-of-technology-foundations-of-modern-finance-i,"https://prod-discovery.edx-cdn.org/cdn-cgi/image/width=auto,height=auto,quality=75,format=webp/media/course/image/8a1c5e35-6538-428c-a707-27d94c907187-8bb1447acc40.jpeg",A mathematically rigorous framework to understand financial markets delivered with data-driven insights from MIT professors.,12,,,10,14,8456,True,course-v1:MITx+15.415.1x+1T2020
course-c6ad9bb7-cafc-48c8-92e5-5f0900460e66,c6ad9bb7-cafc-48c8-92e5-5f0900460e66,English Grammar and Style,The University of Queensland,Course,Course,edX,Introductory,Humanities; Language; Literature,English,Current,self_paced,Writing; Grammar; Punctuation And Capitalization,https://www.edx.org/learn/grammar/the-university-of-queensland-english-grammar-and-style,"https://prod-discovery.edx-cdn.org/cdn-cgi/image/width=auto,height=auto,quality=75,format=webp/media/course/image/c6ad9bb7-cafc-48c8-92e5-5f0900460e66-5ab5f1eef36d.jpg",Learn key concepts and strategies in grammar and style to help enhance your writing and confidently respond to the demand of high levels of literacy in the 21st century.,8,,,3,4,8171,False,course-v1:UQx+Write101x+1T2016
course-5c90d49e-e57d-4789-a729-334980458fe0,5c90d49e-e57d-4789-a729-334980458fe0,Data Analytics Basics for Everyone,IBM,Course,Course,edX,Introductory,Data Analysis & Statistics,English,Current,self_paced,Data Warehousing; Big Data; Extract Transform Load (ETL); Data Lakes; Data Structures; Relational Databases; Data Analysis,https://www.edx.org/learn/data-analysis/ibm-data-analytics-basics-for-everyone,"https://prod-discovery.edx-cdn.org/cdn-cgi/image/width=auto,height=auto,quality=75,format=webp/media/course/image/5c90d49e-e57d-4789-a729-334980458fe0-cc522b69c4f7.jpeg","Learn the fundamentals of Data Analytics and gain an understanding of the data ecosystem, the process and lifecycle of data analytics, career opportunities, and the different learning paths you can take to be a Data Analyst.",5,,,2,3,8133,True,course-v1:IBM+DA0100+1T2021
course-9ed274f9-9db1-4e08-93a6-0fa07e684970,9ed274f9-9db1-4e08-93a6-0fa07e684970,Introduction to Corporate Finance,Columbia University,Course,Course,edX,Introductory,Business & Management; Economics & Finance,English,Current,self_paced,Cost Of Capital; Time Value Of Money; Investments; Stocks (Finance); Corporate Finance; Capital Budgeting; Master Of Business Administration (MBA); Finance,https://www.edx.org/learn/corporate-finance/columbia-university-introduction-to-corporate-finance,"https://prod-discovery.edx-cdn.org/cdn-cgi/image/width=auto,height=auto,quality=75,format=webp/media/course/image/9ed274f9-9db1-4e08-93a6-0fa07e684970-b981b527b9e1.jpg","Learn key financial concepts for evaluating and valuing investment opportunities, including how to value stocks and bonds.",4,,,3,4,7789,True,course-v1:ColumbiaX+CORPFIN1x+2T2017
course-1bf266b1-0a55-43e5-ae9f-f0c9a51aa515,1bf266b1-0a55-43e5-ae9f-f0c9a51aa515,Mathematical Methods for Quantitative Finance,Massachusetts Institute of Technology,Course,Course,edX,Advanced,Economics & Finance; Math; Engineering,English,Current,self_paced,Chartered Financial Analyst; Linear Algebra; Finance; Mathematical Finance; Decision Making; Investments; Planning; Financial Market; Investment Management; Forecasting; Financial Engineering; Statistics; Stochastic Process; Probability,https://www.edx.org/learn/finance/massachusetts-institute-of-technology-mathematical-methods-for-quantitative-finance,"https://prod-discovery.edx-cdn.org/cdn-cgi/image/width=auto,height=auto,quality=75,format=webp/media/course/image/1bf266b1-0a55-43e5-ae9f-f0c9a51aa515-cd41794112bc.jpeg","Learn the mathematical foundations essential for financial engineering and quantitative finance: linear algebra, optimization, probability, stochastic processes, statistics, and applied computational techniques in R.",12,,,10,14,7748,True,course-v1:MITx+15.455x+3T2020
course-09532745-c837-467b-9078-093b8e1265a8,09532745-c837-467b-9078-093b8e1265a8,Supply Chain Analytics,Massachusetts Institute of Technology,Course,Course,edX,Introductory,Business & Management; Engineering,English,Current; Upcoming,instructor_paced,Regression Analysis; Statistics; Supply Chain Management; Sales; Probability And Statistics; Data-Driven Decision-Making; Benefits Enrollment Processes; Quantitative Research; Policy Evaluation; Planning; Supply Chain; Management; Analytical Techniques; Network Planning And Design; Mathematical Optimization; Supply Chain Analysis; Probability; Spreadsheets; Statistical Hypothesis Testing; Decision Analysis,https://www.edx.org/learn/supply-chain-design/massachusetts-institute-of-technology-supply-chain-analytics,"https://prod-discovery.edx-cdn.org/cdn-cgi/image/width=auto,height=auto,quality=75,format=webp/media/course/image/09532745-c837-467b-9078-093b8e1265a8-edd8f0801486.jpeg","Master and apply the core methodologies used in supply chain analysis and modeling, including statistics, regression, optimization and probability ​- part of the MITx Supply Chain Management MicroMasters Credential.",15,,,8,12,7524,True,course-v1:MITx+CTL.SC0x+3T2016
course-b66c15da-04d4-46f6-a4ea-69109bf159ee,b66c15da-04d4-46f6-a4ea-69109bf159ee,Fundamentals of TinyML,Harvard University,Course,Course,edX,Introductory,Data Analysis & Statistics; Computer Science,English,Current,self_paced,Data Science; Embedded Systems; Machine Learning; Algorithms; Machine Learning Algorithms; Data Collection; Deep Learning; Smartphone Operation,https://www.edx.org/learn/machine-learning/harvard-university-fundamentals-of-tinyml,"https://prod-discovery.edx-cdn.org/cdn-cgi/image/width=auto,height=auto,quality=75,format=webp/media/course/image/b66c15da-04d4-46f6-a4ea-69109bf159ee-de00f7d8d932.jpeg","Focusing on the basics of machine learning and embedded systems, such as smartphones, this course will introduce you to the “language” of TinyML.",5,,,2,4,7293,True,course-v1:HarvardX+TinyML1+3T2020
course-ac54aecf-26c9-4e7e-a3be-82a9bec871b3,ac54aecf-26c9-4e7e-a3be-82a9bec871b3,American Government: Constitutional Foundations,Harvard University,Course,Course,edX,Introductory,Social Sciences; History; Law,English,Current,self_paced,Limited Government; Influencing Skills,https://www.edx.org/learn/government/harvard-university-american-government-constitutional-foundations,"https://prod-discovery.edx-cdn.org/cdn-cgi/image/width=auto,height=auto,quality=75,format=webp/media/course/image/ac54aecf-26c9-4e7e-a3be-82a9bec871b3-c0d83d235303.png",Learn how early American politics informed the U.S. Constitution and why its promise of liberty and equality has yet to be fully realized.,4,,,2,4,7102,True,course-v1:HarvardX+HKS101A_1+2T2018
course-30bf5a48-c40b-49ae-86d9-0a7cd75ae56e,30bf5a48-c40b-49ae-86d9-0a7cd75ae56e,The Path to Happiness: What Chinese Philosophy Teaches us about the Good Life,Harvard University,Course,Course,edX,Introductory,Philosophy & Ethics; Humanities; History,English,Current,self_paced,Animations; Political Philosophy; Language Translation,https://www.edx.org/learn/happiness/harvard-university-the-path-to-happiness-what-chinese-philosophy-teaches-us-about-the-good-life,"https://prod-discovery.edx-cdn.org/cdn-cgi/image/width=auto,height=auto,quality=75,format=webp/media/course/image/30bf5a48-c40b-49ae-86d9-0a7cd75ae56e-a6cda063cfd6.jpeg","Why should we care about Confucius? Explore ancient Chinese philosophy, ethics, and political theory to challenge your assumptions of what it means to be happy, live a meaningful life, and change the world.",13,,,1,2,7036,False,course-v1:HarvardX+ChinaPhil+2T2020
course-5a631d1c-cb20-4cfc-9b49-1cc9c8fc981e,5a631d1c-cb20-4cfc-9b49-1cc9c8fc981e,Introduction to Linux,The Linux Foundation,Course,Course,edX,Introductory,Computer Science,English,Current; Upcoming,self_paced,Linux; Linux Distribution; Command-Line Interface; Graphical User Interface; Supercomputing; Android (Operating System); Mainframe Computing,https://www.edx.org/learn/linux/the-linux-foundation-introduction-to-linux,"https://prod-discovery.edx-cdn.org/cdn-cgi/image/width=auto,height=auto,quality=75,format=webp/media/course/image/5a631d1c-cb20-4cfc-9b49-1cc9c8fc981e-5949e438d0ed.png",Never learned Linux? Want a refresh? Develop a good working knowledge of Linux using both the graphical interface and command line across the major Linux distribution families.,14,,,5,7,7010,False,course-v1:LinuxFoundationX+LFS101x+1T2016
course-3204fe1c-e279-4948-abf3-37df0e0ff5ff,3204fe1c-e279-4948-abf3-37df0e0ff5ff,Masterpieces of World Literature,Harvard University,Course,Course,edX,Introductory,Literature; History,English,Current; Upcoming,self_paced,,https://www.edx.org/learn/literature/harvard-university-masterpieces-of-world-literature,"https://prod-discovery.edx-cdn.org/cdn-cgi/image/width=auto,height=auto,quality=75,format=webp/media/course/image/3204fe1c-e279-4948-abf3-37df0e0ff5ff-2c54ff277a05.jpg","Embark on a global journey to explore the past, present, and future of World Literature.",12,,,5,7,6919,False,course-v1:HarvardX+HUM12x+3T2016
course-9fd3a74d-cf0c-4d0b-b458-6536aeae9f00,9fd3a74d-cf0c-4d0b-b458-6536aeae9f00,Cell Biology: Mitochondria,Harvard University,Course,Course,edX,Introductory,Biology & Life Sciences; Science,English,Current; Upcoming,self_paced,Metabolism; Cell Biology; Biology; Mitochondria; Macromolecule; Algae,https://www.edx.org/learn/cellular-biology/harvard-university-cell-biology-mitochondria,"https://prod-discovery.edx-cdn.org/cdn-cgi/image/width=auto,height=auto,quality=75,format=webp/media/course/image/9fd3a74d-cf0c-4d0b-b458-6536aeae9f00-03a664dae192.jpg",A human-centered approach to the fundamentals of cell biology with a focus on the power plants of the cell - mitochondria.,4,,,2,4,6606,False,course-v1:HarvardX+MCB64.1x+2T2016
course-315ce06a-d9f7-4c7e-ac11-1fe99e20893e,315ce06a-d9f7-4c7e-ac11-1fe99e20893e,CS50's Computer Science for Lawyers,Harvard University,Course,Course,edX,Introductory,Computer Science; Law,English,Current,self_paced,Cloud Computing; Algorithms; SQL (Programming Language); Scalability; Computer Programming; Computer Science; Patents; Decision Making; Python (Programming Language); Data Mining; Certified Computer Programmer,https://www.edx.org/learn/computer-science/harvard-university-cs50-s-computer-science-for-lawyers,"https://prod-discovery.edx-cdn.org/cdn-cgi/image/width=auto,height=auto,quality=75,format=webp/media/course/image/315ce06a-d9f7-4c7e-ac11-1fe99e20893e-07b519ab21bc.png","This course is a variant of Harvard University's introduction to computer science, CS50, designed especially for lawyers (and law students).",10,,,3,6,6602,False,course-v1:HarvardX+CS50L+1T2019
course-9c1d402e-ed9e-49e3-874b-dd86d5500408,9c1d402e-ed9e-49e3-874b-dd86d5500408,Child Protection: Children's Rights in Theory and Practice,Harvard University,Course,Course,edX,Introductory,Social Sciences; Health & Safety,English,Current,self_paced,Systems Thinking; Child Protection; Displacement (Fluid); Research; Exploitation; Law Enforcement; International Laws,https://www.edx.org/learn/childrens-rights/harvard-university-child-protection-children-s-rights-in-theory-and-practice,"https://prod-discovery.edx-cdn.org/cdn-cgi/image/width=auto,height=auto,quality=75,format=webp/media/course/image/9c1d402e-ed9e-49e3-874b-dd86d5500408-f33c93f671fd.jpg","Learn how to protect children from violence, exploitation, and neglect through law, policy, and practice in a human rights framework.",16,,,2,6,6572,False,course-v1:HarvardX+FXB001+2T2018
course-54a056bd-bfd5-45a2-ba71-aad017e1d275,54a056bd-bfd5-45a2-ba71-aad017e1d275,Data Science: Probability,Harvard University,Course,Course,edX,Introductory,Data Analysis & Statistics; Math,English,Current; Upcoming,self_paced,Statistical Inference; Statistical Hypothesis Testing; Financial Crisis; Securities (Finance); Random Variables; Probability Theories; Data Science; Probability; Monte Carlo Methods; Data Analysis,https://www.edx.org/learn/probability/harvard-university-data-science-probability,"https://prod-discovery.edx-cdn.org/cdn-cgi/image/width=auto,height=auto,quality=75,format=webp/media/course/image/54a056bd-bfd5-45a2-ba71-aad017e1d275-a2fbb913691a.jpg",Learn probability theory -- essential for a data scientist -- using a case study on the financial crisis of 2007-2008.,8,,,1,2,6561,True,course-v1:HarvardX+PH125.3x+1T2018
course-7c566601-6ddb-4013-aa8e-e0cf29482e35,7c566601-6ddb-4013-aa8e-e0cf29482e35,Financial Accounting,Massachusetts Institute of Technology,Course,Course,edX,Advanced,Economics & Finance; Data Analysis & Statistics,English,Current,self_paced,Financial Analysis; Corporate Finance; Financial Services; Planning; Valuation Models; Chartered Financial Analyst; Accounting; Financial Accounting; Financial Statements; Finance; Business Performance Management,https://www.edx.org/learn/financial-accounting/massachusetts-institute-of-technology-financial-accounting,"https://prod-discovery.edx-cdn.org/cdn-cgi/image/width=auto,height=auto,quality=75,format=webp/media/course/image/7c566601-6ddb-4013-aa8e-e0cf29482e35-fb2b80811d13.jpeg","How do investors, creditors, and other users analyze financial statements to assess corporate performance? Learn financial accounting, how to read financial statements, and how to gather inputs to valuation models.",12,,,10,14,6408,True,course-v1:MITx+15.516x+3T2020
course-8f9c73ef-73f5-45dd-aca1-7dad3696f743,8f9c73ef-73f5-45dd-aca1-7dad3696f743,Circuits and Electronics 1: Basic Circuit Analysis,Massachusetts Institute of Technology,Course,Course,edX,Introductory,Electronics; Engineering; Computer Science,English,Current,self_paced,Network Switches; Electrical Circuit Analysis; Smartphone Operation; Computer Science; Combinational Logic; Electronics; Electrical Engineering,https://www.edx.org/learn/circuits/massachusetts-institute-of-technology-circuits-and-electronics-1-basic-circuit-analysis,"https://prod-discovery.edx-cdn.org/cdn-cgi/image/width=auto,height=auto,quality=75,format=webp/media/course/image/8f9c73ef-73f5-45dd-aca1-7dad3696f743-d417c0e28aed.jpg","Learn techniques that are foundational to the design of microchips used in smartphones, self-driving cars, computers, and the Internet.",5,,,5,7,6219,True,course-v1:MITx+6.002.1x+2T2019
course-41e295ce-a84b-4952-a9a7-fa613201d896,41e295ce-a84b-4952-a9a7-fa613201d896,Pre-University Calculus,Delft University of Technology,Course,Course,edX,Introductory,Math,English,Current,self_paced,Basic Math; Calculus; Integration; Analytic Geometry,https://www.edx.org/learn/calculus/delft-university-of-technology-pre-university-calculus,"https://prod-discovery.edx-cdn.org/cdn-cgi/image/width=auto,height=auto,quality=75,format=webp/media/course/image/41e295ce-a84b-4952-a9a7-fa613201d896-43f61d701b2e.jpg","Prepare for introductory calculus courses by reviewing functions, equations, differentiation, integration and analytic geometry.",8,,,6,8,6161,True,course-v1:DelftX+Calc001x+2T2016
course-ee4f4f12-e6ec-45ac-94df-b90b4b022903,ee4f4f12-e6ec-45ac-94df-b90b4b022903,TOEFL iBT Test Preparation: The Insider’s Guide,Educational Testing Service,Course,Course,edX,Introductory,Communication; Language; Education & Teacher Training,English,Current,self_paced,English Language; Planning; Test Of English As A Foreign Language (TOEFL); Artificial Intelligence,https://www.edx.org/learn/test-prep/educational-testing-service-toefl-r-test-preparation-the-insiders-guide,"https://prod-discovery.edx-cdn.org/cdn-cgi/image/width=auto,height=auto,quality=75,format=webp/media/course/image/ee4f4f12-e6ec-45ac-94df-b90b4b022903-aaf6257f767b.jpeg","Prepare for the TOEFL iBT test and learn how to improve your score and English language skills from the experts who create the exam.

This course has been updated to reflect the enhanced TOEFL iBT test.",6,,,2,4,5946,False,course-v1:ETSx+TOEFLx+2T2016
course-e540320a-f125-4021-8f1c-9cbc84c96d87,e540320a-f125-4021-8f1c-9cbc84c96d87,Computing in Python I: Fundamentals and Procedural Programming,The Georgia Institute of Technology,Course,Course,edX,Introductory,Computer Science,English,Current; Upcoming,self_paced,Python (Programming Language); Procedural Programming; Operations; Debugging; Logical Operators; Relational Operator,https://www.edx.org/learn/python/the-georgia-institute-of-technology-computing-in-python-i-fundamentals-and-procedural-programming,"https://prod-discovery.edx-cdn.org/cdn-cgi/image/width=auto,height=auto,quality=75,format=webp/media/course/image/e540320a-f125-4021-8f1c-9cbc84c96d87-cd703d5892ba.jpg","Learn the fundamentals of computing in Python, including variables, operators, and writing and debugging your own programs.",5,,,9,10,5672,True,course-v1:GTx+CS1301xI+1T2018
course-356d8a70-fc0b-4a75-9c3e-eb9f87f6d85c,356d8a70-fc0b-4a75-9c3e-eb9f87f6d85c,"U.S. Public Policy: Social, Economic, and Foreign Policies",Harvard University,Course,Course,edX,Introductory,Social Sciences; History; Law,English,Current,self_paced,Trade Agreement; Foreign Policies; Economics; Public Policies; Economic Growth,https://www.edx.org/learn/public-policy/harvard-university-u-s-public-policy-social-economic-and-foreign-policies,"https://prod-discovery.edx-cdn.org/cdn-cgi/image/width=auto,height=auto,quality=75,format=webp/media/course/image/356d8a70-fc0b-4a75-9c3e-eb9f87f6d85c-286e210cc8d7.png",Learn about public policy in America and the dynamics of American politics.,4,,,2,4,5632,True,course-v1:HarvardX+HKS101A_4+3T2018
course-4b284afd-836e-4c53-b28e-6431a49f3d21,4b284afd-836e-4c53-b28e-6431a49f3d21,Foundations of Finance,University of Cambridge,Course,Course,edX,Introductory,Economics & Finance,English,Current,self_paced,Finance; Problem Solving; Corporate Finance; Financial Management,https://www.edx.org/learn/finance/university-of-cambridge-foundations-of-finance,"https://prod-discovery.edx-cdn.org/cdn-cgi/image/width=auto,height=auto,quality=75,format=webp/media/course/image/4b284afd-836e-4c53-b28e-6431a49f3d21-056cec408673.jpeg","This course provides a rigorous, but straightforward, introduction to the key concepts of financial understanding. Using real-world case studies and practitioner interviews, as well as timely knowledge checks, you will integrate your new knowledge and problem solving skills with practical application.
No prior knowledge is required or assumed.",5,,,3,5,5467,True,course-v1:UniversityofCambridge+2021edx009+2T2021
course-7c396f0f-b38e-42ac-8207-1834d4dcd4a1,7c396f0f-b38e-42ac-8207-1834d4dcd4a1,Structure and Function of Argument: Introduction to Critical Thinking,Harvard University,Course,Course,edX,Introductory,Philosophy & Ethics,English,Current,self_paced,,https://www.edx.org/learn/philosophy-ethics/harvard-university-structure-and-function-of-argument-introduction-to-critical-thinking,"https://prod-discovery.edx-cdn.org/cdn-cgi/image/width=auto,height=auto,quality=75,format=webp/media/course/image/7c396f0f-b38e-42ac-8207-1834d4dcd4a1-cf567f2ceb9a.png",Explore the underlying structures of everyday arguments and develop the tools to communicate effectively.,8,,,2,3,5407,False,course-v1:HarvardX+Argue_v1+1T2025
course-2df50737-b55d-48b7-a86f-77b326e3ee88,2df50737-b55d-48b7-a86f-77b326e3ee88,"Bioethics: The Law, Medicine, and Ethics of Reproductive Technologies and Genetics",Harvard University,Course,Course,edX,Introductory,Medicine; Philosophy & Ethics; Law,English,Current; Upcoming,self_paced,In Vitro Fertilisation; Bioethics; Genetics,https://www.edx.org/learn/ethics/harvard-university-bioethics-the-law-medicine-and-ethics-of-reproductive-technologies-and-genetics,"https://prod-discovery.edx-cdn.org/cdn-cgi/image/width=auto,height=auto,quality=75,format=webp/media/course/image/2df50737-b55d-48b7-a86f-77b326e3ee88-9c5471ae24d1.png",An introduction to the study of bioethics and the application of legal and ethical reasoning.,10,,,1,2,5308,False,course-v1:HarvardX+HLS4X+3T2016
course-c654bfe1-69ba-4a2b-8be1-9acb2e846855,c654bfe1-69ba-4a2b-8be1-9acb2e846855,Data Science: Inference and Modeling,Harvard University,Course,Course,edX,Introductory,Data Analysis & Statistics; Computer Science,English,Current; Upcoming,self_paced,Confidence Intervals; Data Analysis; Bayesian Modeling; Data Science; Forecasting; Probability,https://www.edx.org/learn/data-science/harvard-university-data-science-inference-and-modeling,"https://prod-discovery.edx-cdn.org/cdn-cgi/image/width=auto,height=auto,quality=75,format=webp/media/course/image/c654bfe1-69ba-4a2b-8be1-9acb2e846855-3aa512994f13.jpg","Learn inference and modeling, two of the most widely used statistical tools in data analysis.",8,,,1,2,5235,True,course-v1:HarvardX+PH125.4x+1T2018
course-fec44d1b-55db-461b-8731-35fcbf369dbe,fec44d1b-55db-461b-8731-35fcbf369dbe,Introduction to Cognitive Psychology and Neuropsychology,University of Cambridge,Course,Course,edX,Introductory,Biology & Life Sciences,English,Current,self_paced,Neurotrauma; Psychology; Research Methodologies; Cognitive Psychology; Neuroimaging; Cognitive Processing; Neuropsychology,https://www.edx.org/learn/cognitive-science/university-of-cambridge-introduction-to-cognitive-psychology-and-neuropsychology,"https://prod-discovery.edx-cdn.org/cdn-cgi/image/width=auto,height=auto,quality=75,format=webp/media/course/image/fec44d1b-55db-461b-8731-35fcbf369dbe-c16b94710919.jpeg","This course is an introduction to human cognition and how it is explored. You will explore how Psychology was born as a separate discipline and how we began to study the nervous system in terms of functions, abilities and traits linking brain, mind, behavior and relationship with the environment.
With this course we will also explore the main cognitive functions, such as memory, language, attention and perception and look at how they are investigated.",5,,,2,5,5180,False,course-v1:UniversityofCambridge+2324EDX001+2T2023
course-faa68eb2-102a-443c-8dd9-115902208684,faa68eb2-102a-443c-8dd9-115902208684,Food Fermentation: The Science of Cooking with Microbes,Harvard University,Course,Course,edX,Introductory,Biology & Life Sciences; Food & Nutrition,English,Current,self_paced,Microbiology; Chemistry; Fermentation; Experimentation; Biochemistry; Cooking,https://www.edx.org/learn/cooking/harvard-university-food-fermentation-the-science-of-cooking-with-microbes,"https://prod-discovery.edx-cdn.org/cdn-cgi/image/width=auto,height=auto,quality=75,format=webp/media/course/image/faa68eb2-102a-443c-8dd9-115902208684-a909119c41db.jpeg","In Food Fermentation: The Science of Cooking with Microbes, explore the roles that microbes play in the production, preservation, and enhancement of diverse foods in a variety of culinary traditions, and learn about the history of food fermentations.",14,,,2,3,5168,True,course-v1:HarvardX+FERM+1T2021
course-a5433ed4-63d1-4d9f-a487-4563c52c87d5,a5433ed4-63d1-4d9f-a487-4563c52c87d5,Intro to Stock Trading,New York Institute of Finance,Course,Course,edX,Introductory,Economics & Finance,English,Current,self_paced,Psychology; Equities; Money Management; Stock Markets; Finance,https://www.edx.org/learn/stocks/new-york-institute-of-finance-intro-to-stock-trading,"https://prod-discovery.edx-cdn.org/cdn-cgi/image/width=auto,height=auto,quality=75,format=webp/media/course/image/a5433ed4-63d1-4d9f-a487-4563c52c87d5-ade06ecc71ca.jpeg",Learn the basics of stock trading and gain a solid foundation in the strategies and techniques used to navigate volatile equities markets.,3,,,1,2,5123,True,course-v1:NYIF+Stpcx.1+3T2022
course-05f61d04-5acc-452b-9c34-6d447af6437f,05f61d04-5acc-452b-9c34-6d447af6437f,Computer Science 101,Stanford University,Course,Course,edX,Introductory,Computer Science,English,Current,self_paced,Web Browsers; Experimentation; Computer Science,https://www.edx.org/learn/computer-science/stanford-university-computer-science-101,"https://prod-discovery.edx-cdn.org/cdn-cgi/image/width=auto,height=auto,quality=75,format=webp/media/course/image/05f61d04-5acc-452b-9c34-6d447af6437f-7a7861d50d40.png",Introduction to Computer Science for a zero-prior-experience audience. Play with little phrases of code to understand what computers are all about.,6,,,4,6,4892,False,course-v1:StanfordOnline+CSX0001+1T2020
course-18cf89ce-aa23-493a-91ce-1c341b7e1621,18cf89ce-aa23-493a-91ce-1c341b7e1621,Data Science: Productivity Tools,Harvard University,Course,Course,edX,Introductory,Data Analysis & Statistics; Computer Science,English,Current; Upcoming,self_paced,Version Control; Productivity Software; Unix; Linux; Rmarkdown; Git (Version Control System); Markdown; Data Science; Report Writing; Data Analysis; R (Programming Language); Github; File Systems,https://www.edx.org/learn/data-science/harvard-university-data-science-productivity-tools,"https://prod-discovery.edx-cdn.org/cdn-cgi/image/width=auto,height=auto,quality=75,format=webp/media/course/image/18cf89ce-aa23-493a-91ce-1c341b7e1621-a575bd6c50e6.jpg","Keep your projects organized and produce reproducible reports using GitHub, git, Unix/Linux, and RStudio.",8,,,1,2,4792,True,course-v1:HarvardX+PH125.5x+1T2018
course-7248ea90-dad7-4b7d-b4f3-946ed6eae5e3,7248ea90-dad7-4b7d-b4f3-946ed6eae5e3,Databases: Relational Databases and SQL,Stanford University,Course,Course,edX,Introductory,Computer Science,English,Current,self_paced,Computer Science; Concurrency Controls; SQL (Programming Language); Data Abstraction; Reliability; Persistence; Relational Databases; Scalability; Authorization (Computing); Database Systems; Query Languages; Online Analytical Processing; Database Design,https://www.edx.org/learn/relational-databases/stanford-university-databases-relational-databases-and-sql,"https://prod-discovery.edx-cdn.org/cdn-cgi/image/width=auto,height=auto,quality=75,format=webp/media/course/image/7248ea90-dad7-4b7d-b4f3-946ed6eae5e3-ce956c9963c7.png","This course is one of five self-paced courses on the topic of Databases, originating as one of Stanford's three inaugural massive open online courses released in the fall of 2011. The original ""Databases"" courses are now all available on edx.org.
This course provides an introduction to relational databases and comprehensive coverage of SQL, the long-accepted standard query language for relational database systems.
Databases: Advanced Topics in SQL and Databases: OLAP and Recursion are follow-on courses to this course and can be taken in either order. Advanced Topics is a broad and practical course covering indexes, transactions, constraints, triggers, views, and authorization, while OLAP and Recursion is recommended for learners with specific interest in these topics.",2,,,8,10,4743,True,course-v1:StanfordOnline+SOE.YDB-SQL0001+2T2020
course-b4943c80-33c7-4f11-b6f8-4de028dd7251,b4943c80-33c7-4f11-b6f8-4de028dd7251,Energy and Thermodynamics,Harvard University,Course,Course,edX,Introductory,Chemistry; Physics; Energy & Earth Sciences,English,Current,self_paced,Thermodynamics; Thermochemistry; Chemistry; Enthalpy; Thermal Management; Renewable Energy; Biology; Heat Transfer,https://www.edx.org/learn/chemistry/harvard-university-energy-and-thermodynamics,"https://prod-discovery.edx-cdn.org/cdn-cgi/image/width=auto,height=auto,quality=75,format=webp/media/course/image/b4943c80-33c7-4f11-b6f8-4de028dd7251-721496b86026.jpeg","Learn the fundamentals of chemistry and energy, from the types of energy to atomic mass and matter to enthalpy and thermodynamics.",10,,,4,8,4682,True,course-v1:HarvardX+PS11.1aX+3T2021
course-c8724b01-78c5-4152-809a-841106fdb138,c8724b01-78c5-4152-809a-841106fdb138,Excel for Everyone: Core Foundations,University of British Columbia,Course,Course,edX,Introductory,Data Analysis & Statistics; Business & Management,English,Current,self_paced,Spreadsheets; Management; Operations; Data Wrangling; Data Analysis,https://www.edx.org/learn/excel/university-of-british-columbia-excel-for-everyone-core-foundations,"https://prod-discovery.edx-cdn.org/cdn-cgi/image/width=auto,height=auto,quality=75,format=webp/media/course/image/c8724b01-78c5-4152-809a-841106fdb138-469bc5395663.png","Learn Excel fundamentals including data wrangling, spreadsheet management, and basic data analysis.",6,,,4,6,4681,True,course-v1:UBCx+Excel1.1x+1T2021
course-2f5692de-8f38-466c-b4fa-3e8fe42df639,2f5692de-8f38-466c-b4fa-3e8fe42df639,Improving Global Health: Focusing on Quality and Safety,Harvard University,Course,Course,edX,Intermediate,Social Sciences; Medicine; Health & Safety,English,Current,self_paced,Public Health,https://www.edx.org/learn/healthcare/harvard-university-improving-global-health-focusing-on-quality-and-safety,"https://prod-discovery.edx-cdn.org/cdn-cgi/image/width=auto,height=auto,quality=75,format=webp/media/course/image/2f5692de-8f38-466c-b4fa-3e8fe42df639-7fa225befd20.jpg",An introduction to the emerging field of global healthcare quality.,10,,,2,4,4670,False,HarvardX/PH555x/2014_T2
course-65ecb868-e9bf-41e6-a345-46c90fd968ea,65ecb868-e9bf-41e6-a345-46c90fd968ea,Introduction to Prompt Engineering,IBM,Course,Course,edX,Introductory,Computer Science,English,Current,self_paced,Image Generation; Artificial Intelligence; Podcasting,https://www.edx.org/learn/artificial-intelligence/ibm-introduction-to-prompt-engineering,"https://prod-discovery.edx-cdn.org/cdn-cgi/image/width=auto,height=auto,quality=75,format=webp/media/course/image/65ecb868-e9bf-41e6-a345-46c90fd968ea-e9cff65bc8d6.jpeg",Learn to craft effective generative AI prompts that produce the results you’re looking for quickly.,3,,,1,3,4656,True,course-v1:IBM+AI0131EN+3T2023
course-e2c8487f-5a70-4643-86e9-07e240059d6f,e2c8487f-5a70-4643-86e9-07e240059d6f,Statistical Learning with Python,Stanford University,Course,Course,edX,Introductory,Data Analysis & Statistics,English,Current,self_paced,Python (Programming Language); Unsupervised Learning; Artificial Neural Networks; Statistical Learning Theory; Random Forest Algorithm; Lasso (Programming Language); Deep Learning; Basic Math; Data Science; Supervised Learning; Statistical Modeling; Principal Component Analysis; Linear Discriminant Analysis; K-Means Clustering; Lecturing; Support Vector Machine; Logistic Regression; Bootstrap (Front-End Framework); Boosting; Statistics; Polynomial Regression,https://www.edx.org/learn/python/stanford-university-statistical-learning-with-python,"https://prod-discovery.edx-cdn.org/cdn-cgi/image/width=auto,height=auto,quality=75,format=webp/media/course/image/e2c8487f-5a70-4643-86e9-07e240059d6f-b8a7f5450a8c.jpeg","Learn some of the main tools used in statistical modeling and data science. We cover both traditional as well as exciting new methods, and how to use them in Python.",11,,,3,5,4596,False,course-v1:StanfordOnline+SOHS-YSTATSLEARNINGP+1T2024
course-2d5b1959-d856-4a35-8aa4-c6cb67b233a9,2d5b1959-d856-4a35-8aa4-c6cb67b233a9,Introduction to Generative AI,IBM,Course,Course,edX,Introductory,Computer Science,English,Current,self_paced,Artificial Intelligence,https://www.edx.org/learn/computer-science/ibm-introduction-to-generative-ai,"https://prod-discovery.edx-cdn.org/cdn-cgi/image/width=auto,height=auto,quality=75,format=webp/media/course/image/2d5b1959-d856-4a35-8aa4-c6cb67b233a9-ab02091a5368.jpeg","In this course, you will learn about the fundamentals of generative AI. You will explore the capabilities and applications of generative AI across different domains. You will explore the capabilities and features of common generative AI models and tools.",3,,,1,3,4582,True,course-v1:IBM+AI0121EN+3T2023
course-5e2ea83a-3ec3-4461-86ab-94d17ab0c3f0,5e2ea83a-3ec3-4461-86ab-94d17ab0c3f0,Digital Marketing Strategy,The University of Edinburgh,Course,Course,edX,Intermediate,Business & Management,English,Current,self_paced,Digital Marketing; Strategic Planning; Marketing,https://www.edx.org/learn/digital-marketing/the-university-of-edinburgh-digital-marketing-strategy,"https://prod-discovery.edx-cdn.org/cdn-cgi/image/width=auto,height=auto,quality=75,format=webp/media/course/image/5e2ea83a-3ec3-4461-86ab-94d17ab0c3f0-48921b894e85.jpeg",Learn how to create a digital marketing strategy for implementation in your business.,8,,,4,6,4566,True,course-v1:EdinburghX+DM1.2PCx+3T2020
course-86bd9937-82eb-42c0-9acd-ad32445424d7,86bd9937-82eb-42c0-9acd-ad32445424d7,Introduction to Data Wise: A Collaborative Process to Improve Learning & Teaching,Harvard University,Course,Course,edX,Intermediate,Education & Teacher Training,English,Current; Upcoming,self_paced,Look And Feel; Personal Protective Equipment; Teaching,https://www.edx.org/learn/teacher-training/harvard-university-introduction-to-data-wise-a-collaborative-process-to-improve-learning-teaching,"https://prod-discovery.edx-cdn.org/cdn-cgi/image/width=auto,height=auto,quality=75,format=webp/media/course/image/86bd9937-82eb-42c0-9acd-ad32445424d7-9018596b5942.jpg",Learn what is involved in using data wisely to build a culture of collaborative inquiry.,10,,,1,2,4533,False,course-v1:HarvardX+GSE3x+2T2016
course-08f162d1-6943-490b-8e0b-ee6fd5ab256e,08f162d1-6943-490b-8e0b-ee6fd5ab256e,Calculus Applied!,Harvard University,Course,Course,edX,Intermediate,Math; Biology & Life Sciences; Physics,English,Current,self_paced,Differential Equations; Data Modeling; Mathematical Modeling; Calculus; Biology; X-Ray Computed Tomography; Physical Science; Derivatives,https://www.edx.org/learn/calculus/harvard-university-calculus-applied,"https://prod-discovery.edx-cdn.org/cdn-cgi/image/width=auto,height=auto,quality=75,format=webp/media/course/image/08f162d1-6943-490b-8e0b-ee6fd5ab256e-e59757cca83d.jpg","Apply tools of single-variable calculus to create and analyze mathematical models used by real practitioners in social, life, and physical sciences.",10,,,3,6,4514,False,course-v1:HarvardX+CalcAPL1x+2T2017
course-e480038e-8bf2-4e42-9f05-905b1573e27a,e480038e-8bf2-4e42-9f05-905b1573e27a,Ancient Masterpieces of World Literature,Harvard University,Course,Course,edX,Introductory,Literature; Humanities; Art & Culture,English,Current; Upcoming,self_paced,Collections; Writing,https://www.edx.org/learn/literature/harvard-university-ancient-masterpieces-of-world-literature,"https://prod-discovery.edx-cdn.org/cdn-cgi/image/width=auto,height=auto,quality=75,format=webp/media/course/image/e480038e-8bf2-4e42-9f05-905b1573e27a-c276716d7bd7.jpg","Examine how cultures of the ancient world defined themselves through literature and how their vision of literature contributes to our understanding of civilization, culture, and literature today.",6,,,3,6,4458,False,course-v1:HarvardX+HUM12.1x+3T2017
course-99b172af-6317-4f82-a34e-5bfe67287637,99b172af-6317-4f82-a34e-5bfe67287637,Project Management Basics,IBM,Course,Course,edX,Introductory,Business & Management,English,Current,self_paced,,https://www.edx.org/learn/business-management/ibm-project-management-basics,"https://prod-discovery.edx-cdn.org/cdn-cgi/image/width=auto,height=auto,quality=75,format=webp/media/course/image/99b172af-6317-4f82-a34e-5bfe67287637-8fdbd62bbcc0.jpeg",Start your project management journey learning the core principles of project management and valuable insights from industry experts. Ideal for beginners. No prior experience required.,5,,,1,2,4446,True,course-v1:IBM+PRM100EN+3T2024
course-f910ba78-cf5d-4da6-9168-d3b716a9d0e7,f910ba78-cf5d-4da6-9168-d3b716a9d0e7,Data Science: Wrangling,Harvard University,Course,Course,edX,Introductory,Data Analysis & Statistics; Computer Science,English,Current; Upcoming,self_paced,HyperText Markup Language (HTML); Data Wrangling; Web Pages; Data Science; Text Mining; Parsing,https://www.edx.org/learn/data-science/harvard-university-data-science-wrangling,"https://prod-discovery.edx-cdn.org/cdn-cgi/image/width=auto,height=auto,quality=75,format=webp/media/course/image/f910ba78-cf5d-4da6-9168-d3b716a9d0e7-7aba00af22f0.jpg",Learn to process and convert raw data into formats needed for analysis.,8,,,1,2,4409,True,course-v1:HarvardX+PH125.6x+1T2018
course-3fa209ce-db34-44a6-93a5-dcb74507d38e,3fa209ce-db34-44a6-93a5-dcb74507d38e,Inglés para todos: nivel básico,Universidad del Rosario,Course,Course,edX,Introductory,Language; Communication,Spanish,Current,self_paced,Non-Verbal Communication; Presentations; English Language,https://www.edx.org/learn/language/universidad-del-rosario-ingles-para-todos-nivel-basico,"https://prod-discovery.edx-cdn.org/cdn-cgi/image/width=auto,height=auto,quality=75,format=webp/media/course/image/3fa209ce-db34-44a6-93a5-dcb74507d38e-bee9969d74e8.jpeg",Este curso te proporciona herramientas para que inicies tu aprendizaje de inglés desde las expresiones y estructuras más básicas.,4,,,4,6,4379,False,course-v1:URosarioX+URX34+2T2021
course-ac3a7ef0-00e1-454b-aa69-abded71c6129,ac3a7ef0-00e1-454b-aa69-abded71c6129,The Health Effects of Climate Change,Harvard University,Course,Course,edX,Introductory,Environmental Studies; Health & Safety; Food & Nutrition,English,Current,self_paced,Climate Variability And Change; Greenhouse Gas; Infectious Diseases; Research Methodologies,https://www.edx.org/learn/climate-change/harvard-university-the-health-effects-of-climate-change,"https://prod-discovery.edx-cdn.org/cdn-cgi/image/width=auto,height=auto,quality=75,format=webp/media/course/image/ac3a7ef0-00e1-454b-aa69-abded71c6129-c8f266d9a432.jpg","Learn how global warming impacts human health, and the ways we can diminish those impacts.",7,,,3,5,4316,False,course-v1:HarvardX+PH278.Ax+3T2018
course-5023c1fa-ede3-42cf-a340-016f6c4e907f,5023c1fa-ede3-42cf-a340-016f6c4e907f,Data Science: Capstone,Harvard University,Course,Course,edX,Introductory,Data Analysis & Statistics; Computer Science; Math,English,Current; Upcoming,self_paced,Machine Learning; Data Visualization; Data Modeling; Probability; Data Analysis; Data Science; Data Wrangling; R (Programming Language),https://www.edx.org/learn/data-science/harvard-university-data-science-capstone,"https://prod-discovery.edx-cdn.org/cdn-cgi/image/width=auto,height=auto,quality=75,format=webp/media/course/image/5023c1fa-ede3-42cf-a340-016f6c4e907f-63d710d0c36a.jpg",Show what you've learned from the Professional Certificate Program in Data Science.,2,,,15,20,4314,True,course-v1:HarvardX+PH125.9x+2T2018
course-dc5f4caa-2013-41c7-b7b4-3a7a6e9a2a2e,dc5f4caa-2013-41c7-b7b4-3a7a6e9a2a2e,Power BI: Get started with Microsoft data analytics.,Microsoft,Course,Course,edX,Intermediate,Computer Science,English,Current,self_paced,Dashboard; Power BI; Data Modeling; Data Analysis; Data-Driven Decision-Making,https://www.edx.org/learn/computer-science/microsoft-power-bi-get-started-with-microsoft-data-analytics,"https://prod-discovery.edx-cdn.org/cdn-cgi/image/width=auto,height=auto,quality=75,format=webp/media/course/image/dc5f4caa-2013-41c7-b7b4-3a7a6e9a2a2e-2edc79882b92.jpeg",This course offers a beginner's guide to Microsoft Data Analytics and Power BI. You will learn the fundamentals of using Power BI for data analysis and visualization.,1,,,1,2,4248,True,course-v1:Microsoft+GSMDAPBI+1T2025
course-3356a2fd-44ff-488f-92ca-0c970cd01fb3,3356a2fd-44ff-488f-92ca-0c970cd01fb3,The Psychology of Emotions: An Introduction to Embodied Cognition,University of Cambridge,Course,Course,edX,Intermediate,Biology & Life Sciences; Communication; Business & Management,English,Current,self_paced,Human Factors; Self-Awareness; Cognitive Neuroscience; Decision Making; Psychology; Research; Neuroimaging; Cognitive Psychology,https://www.edx.org/learn/behavioral-psychology/university-of-cambridge-the-psychology-of-emotions-an-introduction-to-embodied-cognition,"https://prod-discovery.edx-cdn.org/cdn-cgi/image/width=auto,height=auto,quality=75,format=webp/media/course/image/3356a2fd-44ff-488f-92ca-0c970cd01fb3-77a55d0225aa.jpeg","This fascinating introduction to the cognitive psychology of emotions explores how, when we see others’ emotions, not only the mind, but also the body is engaged in the recognition. You will explore how to measure our ability to understand the feelings of others.",5,,,2,5,4092,False,course-v1:UniversityofCambridge+2122edx012+1T2022
course-322eed0a-1534-4a29-a337-595f58e1fac2,322eed0a-1534-4a29-a337-595f58e1fac2,Introduction to Family Engagement in Education,Harvard University,Course,Course,edX,Introductory,Education & Teacher Training,English,Current,self_paced,Family Engagement,https://www.edx.org/learn/teacher-training/harvard-university-introduction-to-family-engagement-in-education,"https://prod-discovery.edx-cdn.org/cdn-cgi/image/width=auto,height=auto,quality=75,format=webp/media/course/image/322eed0a-1534-4a29-a337-595f58e1fac2-85a19ae03179.jpg",Learn about successful collaborations between families and educators and why they lead to improved outcomes for students and schools.,8,,,2,3,4075,True,course-v1:HarvardX+GSE4x+2T2016
course-8dc20524-0918-43ff-8026-2d208d533ed9,8dc20524-0918-43ff-8026-2d208d533ed9,Introduction to Digital Humanities,Harvard University,Course,Course,edX,Introductory,Humanities; Computer Science,English,Current,self_paced,Digital Humanities; Collections; Curiosity; Optical Character Recognition (OCR); Curation,https://www.edx.org/learn/humanities/harvard-university-introduction-to-digital-humanities,"https://prod-discovery.edx-cdn.org/cdn-cgi/image/width=auto,height=auto,quality=75,format=webp/media/course/image/8dc20524-0918-43ff-8026-2d208d533ed9-0aa983aa6ed7.jpg",Develop skills in digital research and visualization techniques across subjects and fields within the humanities.,7,,,2,4,3976,False,course-v1:HarvardX+DigHum_01+1T2019
course-40ee8009-f37d-4dd3-9467-6c4c35730749,40ee8009-f37d-4dd3-9467-6c4c35730749,Français élémentaire 1,Université de Montréal,Course,Course,edX,Introductory,Language,French,Current,self_paced,Grammar; French Language; Phonetics; Vocabulary,https://www.edx.org/learn/language/universite-de-montreal-francais-elementaire-1,"https://prod-discovery.edx-cdn.org/cdn-cgi/image/width=auto,height=auto,quality=75,format=webp/media/course/image/40ee8009-f37d-4dd3-9467-6c4c35730749-d8f90b5cdda5.jpeg",A French course for beginners! Learn the basics of French and develop your oral and written skills.,5,,,4,5,3882,False,course-v1:UMontrealX+FRAE1+2T2023
course-1bab9c85-a855-4abb-a326-9cbec5781c4c,1bab9c85-a855-4abb-a326-9cbec5781c4c,Backyard Meteorology: The Science of Weather,Harvard University,Course,Course,edX,Introductory,Science; Physics,English,Current,self_paced,Forecasting; Meteorology; Weather Forecasting; Computer Simulation,https://www.edx.org/learn/natural-sciences/harvard-university-backyard-meteorology-the-science-of-weather,"https://prod-discovery.edx-cdn.org/cdn-cgi/image/width=auto,height=auto,quality=75,format=webp/media/course/image/1bab9c85-a855-4abb-a326-9cbec5781c4c-f04010033293.jpg",Learn to forecast the weather just by looking out your window.,6,,,3,5,3782,False,course-v1:HarvardX+SKY101x+3T2018
course-f3ec0b52-25b8-4f44-a960-e553167fd200,f3ec0b52-25b8-4f44-a960-e553167fd200,"Fundamentals of Neuroscience, Part 2: Neurons and Networks.",Harvard University,Course,Course,edX,Introductory,Biology & Life Sciences; Science; Medicine,English,Current; Upcoming,self_paced,Animations; Complex Networks; Electronic Circuits; Documentary Films,https://www.edx.org/learn/neuroscience/harvard-university-fundamentals-of-neuroscience-part-2-neurons-and-networks,"https://prod-discovery.edx-cdn.org/cdn-cgi/image/width=auto,height=auto,quality=75,format=webp/media/course/image/f3ec0b52-25b8-4f44-a960-e553167fd200-e4782c1966e0.png",Discover how neurons work together to create complex networks inside the brain.,6,,,3,5,3768,True,course-v1:HarvardX+MCB80.2x+2T2016
course-fcbfcbb3-0bb8-47e6-aa77-b58c6afe879f,fcbfcbb3-0bb8-47e6-aa77-b58c6afe879f,"Tangible Things: Discovering History Through Artworks, Artifacts, Scientific Specimens, and the Stuff Around You",Harvard University,Course,Course,edX,Introductory,Humanities; Art & Culture; History,English,Current,self_paced,Painting; Collections; Museum Studies; Turkish Language,https://www.edx.org/learn/art-history/harvard-university-tangible-things-discovering-history-through-artworks-artifacts-scientific-specimens-and-the-stuff-around-you,"https://prod-discovery.edx-cdn.org/cdn-cgi/image/width=auto,height=auto,quality=75,format=webp/media/course/image/fcbfcbb3-0bb8-47e6-aa77-b58c6afe879f-d7855a574c3c.jpg","Gain an understanding of history, museum studies, and curation by looking at, organizing, and interpreting art, artifacts, scientific curiosities, and the stuff of everyday life.",10,,,1,3,3697,False,course-v1:HarvardX+USW30x+1T2016
course-2b907cc6-4020-4242-a369-38a48ae95f83,2b907cc6-4020-4242-a369-38a48ae95f83,SQL for Data Science,IBM,Course,Course,edX,Introductory,Data Analysis & Statistics; Computer Science; Business & Management,English,Current,self_paced,Data Science; Machine Learning; Jupyter; Relational Databases; SQL (Programming Language); Python (Programming Language),https://www.edx.org/learn/data-science/ibm-sql-for-data-science,"https://prod-discovery.edx-cdn.org/cdn-cgi/image/width=auto,height=auto,quality=75,format=webp/media/course/image/2b907cc6-4020-4242-a369-38a48ae95f83-53ead9cc7188.jpeg",Learn how to use and apply the powerful language of SQL to better communicate and extract data from databases - a must for anyone working in the data science field.,4,,,2,4,3645,True,course-v1:IBM+DB0201EN+1T2020
course-36eb1cb5-abab-4f1c-b9f7-1c386f5b11e7,36eb1cb5-abab-4f1c-b9f7-1c386f5b11e7,Shakespeare's Life and Work,Harvard University,Course,Course,edX,Introductory,Humanities; History; Literature,English,Current,self_paced,Literary Studies,https://www.edx.org/learn/shakespeare/harvard-university-shakespeare-s-life-and-work,"https://prod-discovery.edx-cdn.org/cdn-cgi/image/width=auto,height=auto,quality=75,format=webp/media/course/image/36eb1cb5-abab-4f1c-b9f7-1c386f5b11e7-bdeb33ef6de9.jpg","Learn how to read William Shakespeare's plays through his biography, Elizabethan and Jacobean history, and modern performance.",4,,,5,7,3624,True,course-v1:HarvardX+Hum3.0x+3T2019
course-01f5d0c5-b9e5-41ff-a0ff-e3067d1e75d1,01f5d0c5-b9e5-41ff-a0ff-e3067d1e75d1,Upper-Intermediate English: Business and Industry,Universitat Politècnica de València,Course,Course,edX,Intermediate,Language,English,Current,self_paced,Grammar; Listening Skills; Industrial Design; English Language; Vocabulary; Radio Broadcasting; Reading Comprehension,https://www.edx.org/learn/english/universitat-politecnica-de-valencia-upper-intermediate-english-business-and-industry,"https://prod-discovery.edx-cdn.org/cdn-cgi/image/width=auto,height=auto,quality=75,format=webp/media/course/image/01f5d0c5-b9e5-41ff-a0ff-e3067d1e75d1-4c1313303735.jpg","Take your English language skills to the next level. Learn how to write letters, use appropriate verbal tenses and enhance your vocabulary and grammar, all within the context of business.",4,,,3,5,3608,True,course-v1:UPValenciaX+HIENGLISH201.1x+3T2018
course-fe3bf07f-bc54-49db-b8ff-28eb54692ac6,fe3bf07f-bc54-49db-b8ff-28eb54692ac6,"Women Making History: Ten Objects, Many Stories",Harvard University,Course,Course,edX,Introductory,History; Humanities; Social Sciences,English,Current,self_paced,Innovation; Archives; Library,https://www.edx.org/learn/history/harvard-university-women-making-history-ten-objects-many-stories,"https://prod-discovery.edx-cdn.org/cdn-cgi/image/width=auto,height=auto,quality=75,format=webp/media/course/image/fe3bf07f-bc54-49db-b8ff-28eb54692ac6-62ef926a0655.jpg","Learn how American women created, confronted, and embraced change in the 20th century while exploring ten objects from Radcliffe’s Schlesinger Library.",8,,,2,3,3586,False,course-v1:HarvardX+USW1920+3T2018
course-a01716cf-27f7-4f6d-b6fb-88394a3523c1,a01716cf-27f7-4f6d-b6fb-88394a3523c1,Graphic Design Essentials,LCI Education,Course,Course,edX,Introductory,Design; Art & Culture; Communication,English,Current,self_paced,,https://www.edx.org/learn/graphic-design/lci-education-graphic-design-essentials,"https://prod-discovery.edx-cdn.org/cdn-cgi/image/width=auto,height=auto,quality=75,format=webp/media/course/image/a01716cf-27f7-4f6d-b6fb-88394a3523c1-bd4ca99a6788.png",Acquire the essential skills to become a working Graphic Designer from the basics of color theory to presenting a project to a client.,4,,,1,2,3562,True,course-v1:LCIEducation+120.1x+1T2024
course-6e2a897c-0899-4822-a734-cca41703105b,6e2a897c-0899-4822-a734-cca41703105b,Financial Accounting and Analysis,Indian Institute of Management Bangalore,Course,Course,edX,Intermediate,Business & Management,English,Current,self_paced,Operations; Decision Making; Finance; Supply Chain Strategy; Supply Chain; Financial Data; Financial Statements; Accounting; Marketing Operations; Management; Financial Accounting,https://www.edx.org/learn/financial-accounting/indian-institute-of-management-bangalore-financial-accounting-and-analysis,"https://prod-discovery.edx-cdn.org/cdn-cgi/image/width=auto,height=auto,quality=75,format=webp/media/course/image/6e2a897c-0899-4822-a734-cca41703105b-0545ccc2ff95.jpg",Understand and analyse a company’s financial statements for informed decision-making.,6,,,4,5,3472,False,course-v1:IIMBx+AC105x+3T2017
course-cc2b4496-bccb-4ddc-b6d9-a6ad7d05d28f,cc2b4496-bccb-4ddc-b6d9-a6ad7d05d28f,Beginners Guide to Cybersecurity,IBM,Course,Course,edX,Introductory,Computer Science,English,Current,self_paced,Encryption; Multi-Factor Authentication; Cyber Threat Intelligence; Vulnerability; Access Controls; Cyber Security; Web Browsers; Phishing; Hardening; Technical Support,https://www.edx.org/learn/cybersecurity/ibm-beginners-guide-to-cybersecurity,"https://prod-discovery.edx-cdn.org/cdn-cgi/image/width=auto,height=auto,quality=75,format=webp/media/course/image/cc2b4496-bccb-4ddc-b6d9-a6ad7d05d28f-2378c1db3bb6.png",Build an essential understanding of cybersecurity and how to address common security threats and reduce risks.,4,,,2,4,3418,True,course-v1:IBM+CS0221EN+3T2022
course-4178fda1-e8c7-476c-81e8-8a6b453a6a76,4178fda1-e8c7-476c-81e8-8a6b453a6a76,Humanitarian Response to Conflict and Disaster,Harvard University,Course,Course,edX,Introductory,Health & Safety,English,Current,self_paced,Ebola; Displacement (Fluid),https://www.edx.org/learn/humanitarianism/harvard-university-humanitarian-response-to-conflict-and-disaster,"https://prod-discovery.edx-cdn.org/cdn-cgi/image/width=auto,height=auto,quality=75,format=webp/media/course/image/4178fda1-e8c7-476c-81e8-8a6b453a6a76-569208c21635.png","Learn the principles guiding humanitarian response to modern emergencies, and the challenges faced in the field today.",5,,,3,4,3403,False,course-v1:HarvardX+PH558x+2T2016
course-54f10d8d-e1cd-44a9-9fe3-af78afe8a9ed,54f10d8d-e1cd-44a9-9fe3-af78afe8a9ed,Fundamentals of Statistics,Massachusetts Institute of Technology,Course,Course,edX,Advanced,Data Analysis & Statistics; Math; Science,English,Current; Upcoming,instructor_paced,Estimators; Statistical Inference; Data Warehousing; Machine Learning; Artificial Intelligence; Linear Regression; Statistics; Basic Math; Statistical Hypothesis Testing; Parametric Modeling; Data Science; Forecasting; Construction,https://www.edx.org/learn/statistics/massachusetts-institute-of-technology-fundamentals-of-statistics,"https://prod-discovery.edx-cdn.org/cdn-cgi/image/width=auto,height=auto,quality=75,format=webp/media/course/image/54f10d8d-e1cd-44a9-9fe3-af78afe8a9ed-e646d043ea61.jpg","Develop a deep understanding of the principles that underpin statistical inference: estimation, hypothesis testing and prediction. -- Part of the MITx MicroMasters program in Statistics and Data Science.",17,,,10,14,3382,True,course-v1:MITx+18.6501x+3T2018
course-3ee3be46-26a9-4594-bd90-1a91386c534a,3ee3be46-26a9-4594-bd90-1a91386c534a,Energy Within Environmental Constraints,Harvard University,Course,Course,edX,Introductory,Environmental Studies; Economics & Finance; Engineering,English,Current,self_paced,Energetic; Operating Cost; Environmentalism; Energy Production,https://www.edx.org/learn/environmental-science/harvard-university-energy-within-environmental-constraints,"https://prod-discovery.edx-cdn.org/cdn-cgi/image/width=auto,height=auto,quality=75,format=webp/media/course/image/3ee3be46-26a9-4594-bd90-1a91386c534a-ccf0b9afbb2c.jpg",A quantitative introduction to the energy system and its environmental impacts.,10,,,3,5,3362,False,course-v1:HarvardX+ENGSCI137x+2T2016
course-84f89d1e-6533-4d22-a601-2a3e3a9fe3eb,84f89d1e-6533-4d22-a601-2a3e3a9fe3eb,Quantum Mechanics for Scientists and Engineers 1,Stanford University,Course,Course,edX,Introductory,Engineering; Physics; Science,English,Current,self_paced,Quantum Mechanics; Materials Science; Physical Science,https://www.edx.org/learn/quantum-physics-mechanics/stanford-university-quantum-mechanics-for-scientists-and-engineers-1,"https://prod-discovery.edx-cdn.org/cdn-cgi/image/width=auto,height=auto,quality=75,format=webp/media/course/image/84f89d1e-6533-4d22-a601-2a3e3a9fe3eb-382e5f314c22.jpeg","This 9 week course aims to teach quantum mechanics to anyone with a reasonable college-level understanding of physical science or engineering. Quantum mechanics was once mostly of interest to physicists, chemists and other basic scientists. Now the concepts and techniques of quantum mechanics are essential in many areas of engineering and science such as materials science, nanotechnology, electronic devices, and photonics.
This course is a substantial introduction to quantum mechanics and how to use it. It is specifically designed to be accessible not only to physicists but also to students and technical professionals over a wide range of science and engineering backgrounds.",9,,,5,10,3346,False,course-v1:StanfordOnline+SOE-YEEQMSE01+3T2020
course-dfe7307e-319c-43b4-8926-57800e71c643,dfe7307e-319c-43b4-8926-57800e71c643,AI Applications and Prompt Engineering,edX,Course,Course,edX,Introductory,Computer Science,English,Current,self_paced,Node.js; Application Programming Interface (API); Artificial Intelligence; Emerging Technologies; JavaScript (Programming Language); Applications Of Artificial Intelligence,https://www.edx.org/learn/computer-programming/edx-ai-applications-and-prompt-engineering,"https://prod-discovery.edx-cdn.org/cdn-cgi/image/width=auto,height=auto,quality=75,format=webp/media/course/image/dfe7307e-319c-43b4-8926-57800e71c643-37f5d63bef48.png","Learn to create AI applications with prompt engineering in this introductory online course. Go beyond AI basics, and learn technical and practical skills to harness the power of this emerging technology. Some experience with JavaScript, Node.js, and APIs is recommended.",1,,,5,10,3299,False,course-v1:edX+BC-OC-ai+2T2023
course-e88b2359-c517-4316-8e32-5c7d54a85b8a,e88b2359-c517-4316-8e32-5c7d54a85b8a,Data Science: Linear Regression,Harvard University,Course,Course,edX,Introductory,Data Analysis & Statistics; Computer Science; Math,English,Current; Upcoming,self_paced,Statistical Modeling; Linear Regression; Data Science,https://www.edx.org/learn/data-science/harvard-university-data-science-linear-regression,"https://prod-discovery.edx-cdn.org/cdn-cgi/image/width=auto,height=auto,quality=75,format=webp/media/course/image/e88b2359-c517-4316-8e32-5c7d54a85b8a-7bcab4d968c1.jpg","Learn how to use R to implement linear regression, one of the most common statistical modeling approaches in data science.",8,,,1,2,3290,True,course-v1:HarvardX+PH125.7x+2T2018
course-92c2891c-7016-44fd-8813-90d249075777,92c2891c-7016-44fd-8813-90d249075777,Business Transformation through a Culture of Health,Harvard University,Course,Course,edX,Introductory,Business & Management; Health & Safety,English,Current,self_paced,Business Transformation; Employee Retention,https://www.edx.org/learn/healthcare/harvard-university-improving-your-business-through-a-culture-of-health,"https://prod-discovery.edx-cdn.org/cdn-cgi/image/width=auto,height=auto,quality=75,format=webp/media/course/image/92c2891c-7016-44fd-8813-90d249075777-53aca3a2dbf6.png","Learn how a Culture of Health can transform your business by integrating worker, customer, community, and environmental well-being for sustainable success.",9,,,1,3,3252,False,course-v1:HarvardX+PH211x+1T2018
course-311ada4e-ba47-4c56-a55b-1538854835ac,311ada4e-ba47-4c56-a55b-1538854835ac,"U.S. Political Institutions: Congress, Presidency, Courts, and Bureaucracy",Harvard University,Course,Course,edX,Introductory,Social Sciences; History; Law,English,Current,self_paced,Foreign Policies,https://www.edx.org/learn/political-science/harvard-university-u-s-political-institutions-congress-presidency-courts-and-bureaucracy,"https://prod-discovery.edx-cdn.org/cdn-cgi/image/width=auto,height=auto,quality=75,format=webp/media/course/image/311ada4e-ba47-4c56-a55b-1538854835ac-4bbeb8c1b95e.png",Examine the inner workings of the three branches of the U.S. Federal Government,5,,,2,4,3195,True,course-v1:HarvardX+HKS101A_2+2T2018
course-327c8e4f-315a-417b-9857-046dfc90c243,327c8e4f-315a-417b-9857-046dfc90c243,Introduction to Project Management,Adelaide University,Course,Course,edX,Introductory,Business & Management; Engineering; Economics & Finance,English,Current,self_paced,Project Risk Management; People Management; Project Planning; Scheduling; Leadership; Management; Project Management,https://www.edx.org/learn/project-management/university-of-adelaide-introduction-to-project-management,"https://prod-discovery.edx-cdn.org/cdn-cgi/image/width=auto,height=auto,quality=75,format=webp/media/course/image/327c8e4f-315a-417b-9857-046dfc90c243-a238db594e59.png",Study Introduction to Project Management to learn the principles of project management and apply them in your own work and life.,6,,,2,3,3145,True,course-v1:AdelaideX+Project101x+1T2016
course-a693b822-2495-42f3-a24e-c2d0ea9095c0,a693b822-2495-42f3-a24e-c2d0ea9095c0,Foundations of Generative AI,The Georgia Institute of Technology,Course,Course,edX,Introductory,Computer Science; Data Analysis & Statistics; Business & Management,English,Current,self_paced,Machine Learning; Business Software; Innovation; Mechanics; Statistical Methods; Artificial Neural Networks; Forecasting; Artificial Intelligence; Curiosity,https://www.edx.org/learn/artificial-intelligence/the-georgia-institute-of-technology-introduction-to-genai,"https://prod-discovery.edx-cdn.org/cdn-cgi/image/width=auto,height=auto,quality=75,format=webp/media/course/image/a693b822-2495-42f3-a24e-c2d0ea9095c0-1fd709f6413d.png","Learn the foundations of generative AI — how it works, why it matters, and how to move beyond basic use into practical integration through our artificial intelligence online course.
This course provides an accessible but comprehensive introduction to the world of generative artificial intelligence. Organized into ten modules, it takes you on a journey from the earliest ideas of artificial intelligence to the state‑of‑the‑art techniques that power today’s most advanced generative systems.",3,,,2,3,3126,False,course-v1:GTx+GENAI101x+3T2025
course-32368d50-bf31-4696-98f8-35626e988116,32368d50-bf31-4696-98f8-35626e988116,Pre-University Physics,Delft University of Technology,Course,Course,edX,Introductory,Physics,English,Current,self_paced,Electrical Engineering; Mechanical Engineering; Physics; Applied Physics; Aerospace Engineering,https://www.edx.org/learn/physics/delft-university-of-technology-pre-university-physics,"https://prod-discovery.edx-cdn.org/cdn-cgi/image/width=auto,height=auto,quality=75,format=webp/media/course/image/32368d50-bf31-4696-98f8-35626e988116-b4ff1b6fab91.jpeg",Prepare for your technical studies by reviewing the fundamentals of physics. Become familiar with the way physics and physics-related topics are taught at university level.,5,,,6,8,3120,True,course-v1:DelftX+PUP01x+2T2021
course-fd2b565f-8730-4264-957a-3fbfa1b649b0,fd2b565f-8730-4264-957a-3fbfa1b649b0,Introduction to Aeronautical Engineering,Delft University of Technology,Course,Course,edX,Introductory,Engineering,English,Current,self_paced,Propulsion; Curiosity; Aerospace Engineering; Aerodynamics; Mechanics,https://www.edx.org/learn/aeronautical-engineering/delft-university-of-technology-introduction-to-aeronautical-engineering,"https://prod-discovery.edx-cdn.org/cdn-cgi/image/width=auto,height=auto,quality=75,format=webp/media/course/image/fd2b565f-8730-4264-957a-3fbfa1b649b0-a009c3f10751.jpg","Come discover the fascinating world of flying through the exploration of aeronautics, aerodynamics and flight mechanics!",8,,,6,8,3109,True,course-v1:DelftX+AE1110x+2T2015
course-18833403-d3a4-4b16-9c28-271748847951,18833403-d3a4-4b16-9c28-271748847951,Modern Masterpieces of World Literature,Harvard University,Course,Course,edX,Introductory,Literature; Humanities; Art & Culture,English,Current; Upcoming,self_paced,,https://www.edx.org/learn/literature/harvard-university-modern-masterpieces-of-world-literature,"https://prod-discovery.edx-cdn.org/cdn-cgi/image/width=auto,height=auto,quality=75,format=webp/media/course/image/18833403-d3a4-4b16-9c28-271748847951-bfb66a6577e6.jpg",Examine how great modern writers capture the intricacies of our globalized world and how their works circulate within that world to find their own audiences.,8,,,3,6,3103,False,course-v1:HarvardX+HUM12.2x+3T2017
course-37e67dee-6b18-4cc2-a489-247eb377fc71,37e67dee-6b18-4cc2-a489-247eb377fc71,Fundamentals of Digital Marketing,"The University of Maryland, College Park",Course,Course,edX,Introductory,Business & Management,English,Current,self_paced,Marketing Mix Modeling; Influencing Skills; Management; Online Advertising; Entrepreneurship; Digital Marketing; Marketing Channel; Marketing; Social Media,https://www.edx.org/learn/digital-marketing/the-university-of-maryland-college-park-fundamentals-of-digital-marketing,"https://prod-discovery.edx-cdn.org/cdn-cgi/image/width=auto,height=auto,quality=75,format=webp/media/course/image/37e67dee-6b18-4cc2-a489-247eb377fc71-8ef8ee01ac70.jpeg","Learn the varied and changing approaches to digital marketing, such as mobile and omnichannel marketing and attribution and marketing mix modeling to inform your organization’s digital marketing strategy.",4,,,3,5,3089,True,course-v1:USMx+DM01+1T2021
course-90b77f2e-90c4-4187-9165-a73b688b9c24,90b77f2e-90c4-4187-9165-a73b688b9c24,Arabic for non-Arabic Speakers,Qatar University,Course,Course,edX,Introductory,Language,English,Current,self_paced,Pedagogy; Learning Platforms; Interactive Learning; Arabic Language; Writing; Non-Verbal Communication,https://www.edx.org/learn/language/qatar-university-arabic-for-non-arabic-speakers,"https://prod-discovery.edx-cdn.org/cdn-cgi/image/width=auto,height=auto,quality=75,format=webp/media/course/image/90b77f2e-90c4-4187-9165-a73b688b9c24-2162c7628750.jpeg",This course offers the basics for starting essential conversations in Arabic via engaging videos that feature native Arabic speakers and numerous interactive learning activities.,5,,,5,8,3075,False,course-v1:QUx+QU01X02+3T2022
course-a2139fb0-ef8f-4c5c-8ff3-fcddc7f3c827,a2139fb0-ef8f-4c5c-8ff3-fcddc7f3c827,Causal Diagrams: Draw Your Assumptions Before Your Conclusions,Harvard University,Course,Course,edX,Introductory,Data Analysis & Statistics; Health & Safety; Math,English,Current,instructor_paced,Data Analysis; Clinical Study Design; Statistical Methods; Research; Directed Acyclic Graph (Directed Graphs); Causal Inference,https://www.edx.org/learn/data-analysis/harvard-university-causal-diagrams-draw-your-assumptions-before-your-conclusions,"https://prod-discovery.edx-cdn.org/cdn-cgi/image/width=auto,height=auto,quality=75,format=webp/media/course/image/a2139fb0-ef8f-4c5c-8ff3-fcddc7f3c827-22730e17f471.jpg",Learn simple graphical rules that allow you to use intuitive pictures to improve study design and data analysis for causal inference.,9,,,2,3,3047,False,course-v1:HarvardX+PH559x+3T2017
course-911175d0-6724-4276-a058-c7b052773dd1,911175d0-6724-4276-a058-c7b052773dd1,Programming for Everybody (Getting Started with Python),The University of Michigan,Course,Course,edX,Introductory,Computer Science,English,Current,self_paced,Web Browsers; Data Structures; Python (Programming Language),https://www.edx.org/learn/python/the-university-of-michigan-programming-for-everybody-getting-started-with-python,"https://prod-discovery.edx-cdn.org/cdn-cgi/image/width=auto,height=auto,quality=75,format=webp/media/course/image/911175d0-6724-4276-a058-c7b052773dd1-aba3108f3ab9.png","This course is a ""no prerequisite"" introduction to Python Programming. You will learn about variables, conditional execution, repeated execution and how we use functions. The homework is done in a web browser so you can do all of the programming assignments on a phone or public computer.",7,,,2,4,3025,False,course-v1:MichiganX+py4e101x+1T2019
course-c0ac1bf7-6791-4bb9-9e0b-ff0fda69b898,c0ac1bf7-6791-4bb9-9e0b-ff0fda69b898,Science & Cooking: From Haute Cuisine to Soft Matter Science (physics),Harvard University,Course,Course,edX,Introductory,Physics; Food & Nutrition; Science,English,Current,self_paced,Physics; Chemistry; Experimentation; Cooking; Baking; Soft Matter; Research,https://www.edx.org/learn/food-science/harvard-university-science-cooking-from-haute-cuisine-to-soft-matter-science-physics,"https://prod-discovery.edx-cdn.org/cdn-cgi/image/width=auto,height=auto,quality=75,format=webp/media/course/image/c0ac1bf7-6791-4bb9-9e0b-ff0fda69b898-f5d20eae6c71.jpg","Top chefs and Harvard researchers explore how traditional and modernist cooking techniques can illuminate basic principles in chemistry, physics, and engineering. Learn about elasticity, viscosity, mayonnaise, baking, and more!",16,,,2,3,3024,True,course-v1:HarvardX+SPU27.2x+2T2017
course-0ebb25a7-244b-4702-84d6-e11cb84e3995,0ebb25a7-244b-4702-84d6-e11cb84e3995,Intro to AI for Digital Marketing,Davidson College; Universidad Galileo,Course,Course,edX,Introductory,Business & Management,English,Current,self_paced,Digital Marketing; Marketing; Artificial Intelligence; Social Media; Customer Engagement,https://www.edx.org/learn/artificial-intelligence/davidson-and-galileo-intro-to-ai-for-digital-marketing,"https://prod-discovery.edx-cdn.org/cdn-cgi/image/width=auto,height=auto,quality=75,format=webp/media/course/image/0ebb25a7-244b-4702-84d6-e11cb84e3995-d4546d5f378f.jpeg","Discover AI's role in marketing evolution, essential concepts, real-world applications, and effective strategies for leveraging AI in digital marketing.",3,,,3,5,2957,True,course-v1:Davidson_Galileo+AIMark_01+2T2024
course-65433bff-efc4-4e62-8a91-af05dc37802a,65433bff-efc4-4e62-8a91-af05dc37802a,Embedded Systems Essentials with Arm: Getting Started,Arm Education,Course,Course,edX,Intermediate,Computer Science; Engineering; Electronics,English,Current,self_paced,Smart Device; Pulse-Width Modulation; 5G Technology; Connected Devices; Embedded Systems; Peripheral Devices; Artificial Intelligence; Application Programming Interface (API); Internet Of Things (IoT); Sourcing; Digital Audio Player,https://www.edx.org/learn/embedded-systems/arm-education-embedded-systems-essentials-with-arm-getting-started,"https://prod-discovery.edx-cdn.org/cdn-cgi/image/width=auto,height=auto,quality=75,format=webp/media/course/image/65433bff-efc4-4e62-8a91-af05dc37802a-50be0e5c3716.png",Get practical without hardware. Quickly prototype and build microcontroller projects using industry-standard APIs.,6,,,3,6,2916,True,course-v1:ArmEducation+EDARMXES1.6x+3T2020
course-063a76a8-ab8e-4c48-8126-49aa81373f3a,063a76a8-ab8e-4c48-8126-49aa81373f3a,Use AI for Everyday Tasks,Microsoft,Course,Course,edX,Introductory,Computer Science,English,Current,self_paced,,https://www.edx.org/learn/computer-science/microsoft-use-ai-for-everyday-tasks,"https://prod-discovery.edx-cdn.org/cdn-cgi/image/width=auto,height=auto,quality=75,format=webp/media/course/image/063a76a8-ab8e-4c48-8126-49aa81373f3a-a55128711307.png","This course covers basics, use cases, and responsible use of AI. Learn prompting, try examples in Copilot, and personalize prompts. Explore resources, tools, and test your knowledge in using AI for Everyday Tasks.",1,,,1,2,2880,False,course-v1:Microsoft+UAIFET+1T2025
course-3485a2a4-d2ae-4ea1-87cb-a6a837114a63,3485a2a4-d2ae-4ea1-87cb-a6a837114a63,Quantitative Methods for Biology,Harvard University,Course,Course,edX,Introductory,Computer Science; Medicine,English,Current,self_paced,Quantitative Research; MATLAB; Python (Programming Language); JavaScript (Programming Language); Data Analysis; Biology,https://www.edx.org/learn/biology/harvard-university-quantitative-methods-for-biology,"https://prod-discovery.edx-cdn.org/cdn-cgi/image/width=auto,height=auto,quality=75,format=webp/media/course/image/3485a2a4-d2ae-4ea1-87cb-a6a837114a63-5792a4ead176.jpg","Learn introductory programming and data analysis in MATLAB, with applications to biology and medicine.",10,,,3,5,2874,False,course-v1:HarvardX+QMB1+2T2017
course-ae17a348-78ed-496e-a0b7-a1c7098a3ad0,ae17a348-78ed-496e-a0b7-a1c7098a3ad0,"Introduction to Web Development with HTML5, CSS3, and JavaScript.",IBM,Course,Course,edX,Intermediate,Computer Science; Business & Management,English,Current,self_paced,Cascading Style Sheets (CSS); Github; Gitlab; Bootstrap (Front-End Framework); JavaScript (Programming Language); Cloud Development; Web Development; Front End (Software Engineering); Git (Version Control System); Version Control; Application Development; Back End (Software Engineering); Project Files; Full Stack Development; HTML5,https://www.edx.org/learn/web-development/ibm-introduction-to-web-development-with-html5-css3-and-javascript,"https://prod-discovery.edx-cdn.org/cdn-cgi/image/width=auto,height=auto,quality=75,format=webp/media/course/image/ae17a348-78ed-496e-a0b7-a1c7098a3ad0-ce63b370631f.jpeg","Learn the key tools and programming languages to bootstrap your career as a Cloud Developer. Get started with web development using HTML5, CSS3, JavaScript and GitHub.",2,,,2,4,2870,True,course-v1:IBM+CAD101EN+2T2020
course-e7a63f2a-0288-4a69-9c51-b2ecf5473bce,e7a63f2a-0288-4a69-9c51-b2ecf5473bce,Electrochemistry,Harvard University,Course,Course,edX,Introductory,Chemistry,English,Current,self_paced,Energy Production; Chemical Transformation; Public Policies; Electric Vehicles; Mechanics; Chemistry; Chemical Equilibrium; Fossil Fuel; Research; Acid/Base Chemistry,https://www.edx.org/learn/chemistry/harvard-university-electrochemistry,"https://prod-discovery.edx-cdn.org/cdn-cgi/image/width=auto,height=auto,quality=75,format=webp/media/course/image/e7a63f2a-0288-4a69-9c51-b2ecf5473bce-dba56922ff91.jpeg","Learn the significance of electrochemistry, understanding how electrical, chemical, and mechanical energy are linked.",10,,,4,8,2859,True,course-v1:HarvardX+PS11.1cX+3T2021
course-59cf8545-1fbc-4b99-b9c7-88614de7d1d2,59cf8545-1fbc-4b99-b9c7-88614de7d1d2,Christianity Through Its Scriptures,Harvard University,Course,Course,edX,Introductory,Humanities; History,English,Current,self_paced,,https://www.edx.org/learn/christianity/harvard-university-christianity-through-its-scriptures,"https://prod-discovery.edx-cdn.org/cdn-cgi/image/width=auto,height=auto,quality=75,format=webp/media/course/image/59cf8545-1fbc-4b99-b9c7-88614de7d1d2-989d29c1eec2.jpg","Learn about Christianity through a study of its sacred scriptures. We will explore how diverse Christians have interpreted these writings and practiced their teachings over a 2000 year, global history.",4,,,5,10,2857,True,course-v1:HarvardX+HDS3221.2x+1T2016
course-53e0b3db-0712-495f-9ce6-f12045373a5b,53e0b3db-0712-495f-9ce6-f12045373a5b,Cybersecurity Basics: Tools and Cyberattacks,IBM,Course,Course,edX,Introductory,Computer Science,English,Current,self_paced,Critical Thinking; Forecasting; Cyber Threat Intelligence; Cyber Security,https://www.edx.org/learn/cybersecurity/ibm-cybersecurity-basics-tools-and-cyberattacks,"https://prod-discovery.edx-cdn.org/cdn-cgi/image/width=auto,height=auto,quality=75,format=webp/media/course/image/53e0b3db-0712-495f-9ce6-f12045373a5b-c07ca535b451.jpeg",Jumpstart your cybersecurity career with this introductory course.,4,,,4,8,2856,True,course-v1:IBM+Cybfun.1.0+1T2021
course-19697253-fdef-4265-824c-86267c79c40b,19697253-fdef-4265-824c-86267c79c40b,Global Health Case Studies from a Biosocial Perspective,Harvard University,Course,Course,edX,Introductory,Social Sciences; Biology & Life Sciences; Science,English,Current,self_paced,Social Theories; Sociology,https://www.edx.org/learn/healthcare/harvard-university-global-health-case-studies-from-a-biosocial-perspective,"https://prod-discovery.edx-cdn.org/cdn-cgi/image/width=auto,height=auto,quality=75,format=webp/media/course/image/19697253-fdef-4265-824c-86267c79c40b-8f35f2346f4a.jpg",Reimagine global health problems with some of the leading global health thinkers and actors through a case-based biosocial framework.,12,,,3,5,2846,False,course-v1:HarvardX+SW25x.1+2015
course-4f629b47-ae5f-4cd2-a48e-944aebb563b3,4f629b47-ae5f-4cd2-a48e-944aebb563b3,Deploying TinyML,Harvard University,Course,Course,edX,Intermediate,Data Analysis & Statistics; Computer Science,English,Current,self_paced,Embedded Systems; Deep Learning; Speech Recognition; Audio Signal Processing; TensorFlow; Machine Learning; Computer Science; Computer Vision; ARM Architecture; Electrical Engineering,https://www.edx.org/learn/tinyml/harvard-university-deploying-tinyml,"https://prod-discovery.edx-cdn.org/cdn-cgi/image/width=auto,height=auto,quality=75,format=webp/media/course/image/4f629b47-ae5f-4cd2-a48e-944aebb563b3-3419c61b6931.jpeg","Learn to program in TensorFlow Lite for microcontrollers so that you can write the code, and deploy your model to your very own tiny microcontroller. Before you know it, you’ll be implementing an entire TinyML application.",5,,,2,4,2819,True,course-v1:HarvardX+TinyML3+1T2021
course-0d09a15e-1ab8-4f5f-8a31-ab7d95eac82c,0d09a15e-1ab8-4f5f-8a31-ab7d95eac82c,We the People: Civic Engagement in a Constitutional Democracy,Harvard University,Course,Course,edX,Introductory,Social Sciences,English,Current,self_paced,Influencing Skills; Civic Engagement,https://www.edx.org/learn/democracy/harvard-university-we-the-people-civic-engagement-in-a-constitutional-democracy,"https://prod-discovery.edx-cdn.org/cdn-cgi/image/width=auto,height=auto,quality=75,format=webp/media/course/image/0d09a15e-1ab8-4f5f-8a31-ab7d95eac82c-7dc7a5be7679.jpeg","Gain a foundational knowledge of American constitutional democracy and understand how to encourage others to explore their own civic paths, while in parallel crafting your own civic voice and identity.",7,,,1,3,2722,False,course-v1:HarvardX+CIV101+1T2021
course-7b36cc3e-d414-4602-95b7-c96e32311456,7b36cc3e-d414-4602-95b7-c96e32311456,Mental Health and Nutrition,University of Canterbury,Course,Course,edX,Introductory,Food & Nutrition; Biology & Life Sciences; Medicine,English,Current; Upcoming,self_paced,Toxicology; Mental Health; Psychology; Legal Discovery,https://www.edx.org/learn/nutrition/university-of-canterbury-mental-health-and-nutrition,"https://prod-discovery.edx-cdn.org/cdn-cgi/image/width=auto,height=auto,quality=75,format=webp/media/course/image/7b36cc3e-d414-4602-95b7-c96e32311456-ab3dd637141e.jpeg",Learn what foods and nutrients should and should not be consumed to improve mental wellbeing and explore the fundamental role that nutrition plays in our mental health.,8,,,2,6,2716,False,course-v1:UCx+PSY01ucX+3T2020
course-aad55b53-a751-4e24-840e-131a3e9ba466,aad55b53-a751-4e24-840e-131a3e9ba466,Analyzing and Visualizing Data with Power BI,Davidson College,Course,Course,edX,Introductory,Data Analysis & Statistics,English,Current,self_paced,Data Visualization; Report Writing; Data Analysis; Business Analytics; Virtual Machines; Microsoft 365; Infographics; Power BI,https://www.edx.org/learn/power-bi/davidson-college-analyzing-and-visualizing-data-with-power-bi,"https://prod-discovery.edx-cdn.org/cdn-cgi/image/width=auto,height=auto,quality=75,format=webp/media/course/image/aad55b53-a751-4e24-840e-131a3e9ba466-74b7e571e339.png",Step up your analytics game and learn one of the most in-demand job skills in the United States. Content rebooted in September 2023!,4,,,10,20,2710,True,course-v1:DavidsonX+DavidsonX.D005+1T2020
course-f82b110f-51b0-4841-bcc0-1dc00ccb22e3,f82b110f-51b0-4841-bcc0-1dc00ccb22e3,Introduction to Human Resources (HR) leadership and HR management strategies,Stellenbosch University,Course,Course,edX,Intermediate,Business & Management,English,Current,self_paced,Governance; Industrial And Organizational Psychology; Human Resource Management; Human Resource Strategy; Strategic Management; Leadership,https://www.edx.org/learn/human-resources/stellenbosch-university-introduction-to-human-resources-hr-leadership-and-hr-management-strategies,"https://prod-discovery.edx-cdn.org/cdn-cgi/image/width=auto,height=auto,quality=75,format=webp/media/course/image/f82b110f-51b0-4841-bcc0-1dc00ccb22e3-83cdfe6d161c.jpeg","This introductory course will introduce the learner to ‘strategic HR’ as a key, value-adding function in the organization – helping it to achieve its business objectives. It will unpack key concepts from a strategic HR point of view, such as ‘ethics and governance’, ‘HR risk management’ and a ‘digital HR strategy’. Finally, it will consider the future of work and what a global HR strategy entails.",2,,,5,8,2671,True,course-v1:StellenboschX+HRintro.1+2T2022
course-128522e4-22b2-40c3-8b64-d628041b7f64,128522e4-22b2-40c3-8b64-d628041b7f64,AI in Architectural Design: Introduction,Delft University of Technology,Course,Course,edX,Introductory,Design; Computer Science; Architecture,English,Current,self_paced,Enthusiasm; Artificial Intelligence; Open Source Technology; Architectural Design; Computer Vision; Python (Programming Language); Machine Learning; Design Thinking,https://www.edx.org/learn/design/delft-university-of-technology-introduction-to-ai-in-architectural-design,"https://prod-discovery.edx-cdn.org/cdn-cgi/image/width=auto,height=auto,quality=75,format=webp/media/course/image/128522e4-22b2-40c3-8b64-d628041b7f64-ad3d37666151.png","Learn about the elements of AI, machine learning and computer vision. Discover the open-source AI tools, and hidden AI gems. Learn how to play with architectural design data using freely available AI model.",8,,,2,4,2580,False,course-v1:DelftX+AIfE2x+1T2024
course-239e085d-8118-43bd-bd46-5820e7242151,239e085d-8118-43bd-bd46-5820e7242151,Introduction To Music Theory,Berklee College of Music,Course,Course,edX,Introductory,Humanities; Music,English,Current,self_paced,Music Theory,https://www.edx.org/learn/music-theory/berklee-college-of-music-introduction-to-music-theory,"https://prod-discovery.edx-cdn.org/cdn-cgi/image/width=auto,height=auto,quality=75,format=webp/media/course/image/239e085d-8118-43bd-bd46-5820e7242151-6b0d734f0380.jpg","Learn key concepts and approaches needed to understand, create, and perform contemporary music.",6,,,3,5,2564,False,course-v1:BerkleeX+OHARM100x+1T2018
course-95f61afe-f3d7-4782-8210-618e9080bada,95f61afe-f3d7-4782-8210-618e9080bada,Unlocking Investment and Finance in Emerging Markets and Developing Economies (EMDEs),World Bank Group,Course,Course,edX,Introductory,Economics & Finance; Social Sciences,English,Current,self_paced,Investments; Finance; Sustainable Development; Institutional Investing,https://www.edx.org/learn/finance/world-bank-group-unlocking-investment-and-finance-in-emerging-markets-and-developing-economies-emdes,"https://prod-discovery.edx-cdn.org/cdn-cgi/image/width=auto,height=auto,quality=75,format=webp/media/course/image/95f61afe-f3d7-4782-8210-618e9080bada-193ed45f47d8.jpg","To achieve the Sustainable Development Goals (SDGs) by 2030, an estimated $4.5 trillion per year in additional investment and finance in EMDEs will need to be mobilized. This free online course assesses global efforts and innovations by international investors, multilateral development banks and policymakers to unlock massive investment opportunities in EMDEs, while also tackling some of the world’s most pressing development challenges of our time.",4,,,4,6,2548,False,course-v1:WBGx+EMDE01x+1T2019
course-7a1a677e-be4c-4e1d-9630-2d60323db911,7a1a677e-be4c-4e1d-9630-2d60323db911,Introduction to Cloud Computing,IBM,Course,Course,edX,Introductory,Computer Science; Business & Management; Data Analysis & Statistics,English,Current,self_paced,Software as a Service (SaaS); Business Case; Cyber Security; DevOps; Private Cloud; Cloud Computing; Blockchain; Virtualization; Cloud Services; File Explorer; Full Stack Development; Infrastructure As A Service (IaaS); Cloud Computing Architecture; Cloud Engineering; Microservices; Amazon Web Services; Multi-Cloud; Cloud Security Architecture; Platform as a Service (PaaS); Cloud-Native Computing; Cloud Infrastructure; Cloud Security Infrastructure; Public Cloud; Serverless Computing; Cloud Computing Security; IBM Cloud Computing; Hybrid Cloud Computing; Reliability Engineering,https://www.edx.org/learn/cloud-computing/ibm-introduction-to-cloud-computing,"https://prod-discovery.edx-cdn.org/cdn-cgi/image/width=auto,height=auto,quality=75,format=webp/media/course/image/7a1a677e-be4c-4e1d-9630-2d60323db911-82b7d78fcc53.jpeg","Jumpstart your cloud expertise and explore offerings of AWS, Google, and IBM; delve into IaaS, PaaS, SaaS models, and cloud security. Experience IBM Cloud app deployment. Perfect for executives, students, and budding professionals.",3,,,2,4,2542,True,course-v1:IBM+CC0101EN+2T2020
course-da835018-cdd6-4ef8-82e3-150f3131b8aa,da835018-cdd6-4ef8-82e3-150f3131b8aa,Applications of TinyML,Harvard University,Course,Course,edX,Intermediate,Data Analysis & Statistics; Computer Science,English,Current,self_paced,Anomaly Detection; Machine Learning; Speech Recognition; Android (Operating System); Deep Learning; Artificial Neural Networks; Smartphone Operation,https://www.edx.org/learn/tinyml/harvard-university-applications-of-tinyml,"https://prod-discovery.edx-cdn.org/cdn-cgi/image/width=auto,height=auto,quality=75,format=webp/media/course/image/da835018-cdd6-4ef8-82e3-150f3131b8aa-14d2886cdb9a.jpeg","Get the opportunity to see TinyML in practice. You will see examples of TinyML applications, and learn first-hand how to train these models for tiny applications such as keyword spotting, visual wake words, and gesture recognition.",6,,,2,4,2467,True,course-v1:HarvardX+TinyML2+3T2020
course-bfd20bb1-5a8a-4545-a6e3-1a32dc02f588,bfd20bb1-5a8a-4545-a6e3-1a32dc02f588,Strengthening Community Health Worker Programs,Harvard University,Course,Course,edX,Introductory,Health & Safety; Business & Management; Social Sciences,English,Current,self_paced,Digital Content; Primary Health Care; Community Health; Mentorship; Advocacy; Mobile Phones; Resource Mobilization,https://www.edx.org/learn/healthcare/harvard-university-strengthening-community-health-worker-programs,"https://prod-discovery.edx-cdn.org/cdn-cgi/image/width=auto,height=auto,quality=75,format=webp/media/course/image/bfd20bb1-5a8a-4545-a6e3-1a32dc02f588-6a56277fbeba.jpg",Learn to deliver high-quality primary health care at scale through national community health worker programs.,6,,,2,4,2455,False,course-v1:HarvardX+CHA01+2T2019
course-5bd0ff26-d1d2-47b6-9b8b-86f01cab2583,5bd0ff26-d1d2-47b6-9b8b-86f01cab2583,English For Tech Professionals,University of Cape Town,Course,Course,edX,Intermediate,Language,English,Current,self_paced,,https://www.edx.org/learn/language/university-of-cape-town-english-for-tech-professionals,"https://prod-discovery.edx-cdn.org/cdn-cgi/image/width=auto,height=auto,quality=75,format=webp/media/course/image/5bd0ff26-d1d2-47b6-9b8b-86f01cab2583-5fa0324fb949.jpeg","Learn five main English skills (vocabulary, grammar, pronunciation, speaking, and writing) using real-life tech-focused examples. Become a more effective communicator and prepare to land a job at an international tech company.",6,,,2,6,2455,True,course-v1:UCT+UCTELC01+3T2024
course-c9d14131-a515-462b-82e2-6eaec5bc1c17,c9d14131-a515-462b-82e2-6eaec5bc1c17,Using Python for Research,Harvard University,Course,Course,edX,Intermediate,Computer Science; Data Analysis & Statistics; Science,English,Current,self_paced,Python (Programming Language); Research; Go (Programming Language),https://www.edx.org/learn/python/harvard-university-using-python-for-research,"https://prod-discovery.edx-cdn.org/cdn-cgi/image/width=auto,height=auto,quality=75,format=webp/media/course/image/c9d14131-a515-462b-82e2-6eaec5bc1c17-07a3a07fc0a1.jpg",Take your introductory knowledge of Python programming to the next level and learn how to use Python 3 for your research.,12,,,2,4,2436,False,course-v1:HarvardX+PH526x+3T2016
course-8ca64392-a75b-462e-aca1-e686a5b4e70a,8ca64392-a75b-462e-aca1-e686a5b4e70a,Prompt Engineering for Microsoft 365 Copilot,Microsoft,Course,Course,edX,Introductory,Computer Science,English,Current,self_paced,Artificial Intelligence; Goal-Oriented; Microsoft Excel; Microsoft OneNote; Microsoft 365; Microsoft Outlook; Microsoft PowerPoint,https://www.edx.org/learn/computer-science/microsoft-learning-path-craft-effective-prompts-for-microsoft-365-copilot,"https://prod-discovery.edx-cdn.org/cdn-cgi/image/width=auto,height=auto,quality=75,format=webp/media/course/image/8ca64392-a75b-462e-aca1-e686a5b4e70a-b304331a0718.jpeg","Learning how to write effective AI prompts is an emerging skill. This course teaches practical AI productivity strategies to generate meaningful insights, automate tasks, and enhance collaboration",1,,,2,3,2424,True,course-v1:Microsoft+CEPFM365C+1T2025
course-5dca1b6e-6df3-4194-ae3d-86451aa48abd,5dca1b6e-6df3-4194-ae3d-86451aa48abd,Practical Improvement Science in Health Care: A Roadmap for Getting Results,Harvard University,Course,Course,edX,Introductory,Business & Management; Social Sciences; Health & Safety,English,Current,self_paced,Theory Of Change; ANCC Certified; Continuing Medical Education; Healthcare Quality; Curiosity,https://www.edx.org/learn/healthcare/harvard-university-practical-improvement-science-in-health-care-a-roadmap-for-getting-results,"https://prod-discovery.edx-cdn.org/cdn-cgi/image/width=auto,height=auto,quality=75,format=webp/media/course/image/5dca1b6e-6df3-4194-ae3d-86451aa48abd-0dc8e16e5c9c.jpg","Learn the skills and tools of improvement science to make positive changes in health, healthcare, and your daily life.",7,,,2,5,2378,False,course-v1:HarvardX+PH556X+1T2018
course-4dc670b3-4bdc-443e-9c62-862146f79877,4dc670b3-4bdc-443e-9c62-862146f79877,Corporate Finance,Indian Institute of Management Bangalore,Course,Course,edX,Intermediate,Business & Management; Economics & Finance,English,Current,self_paced,Net Present Value; Corporate Finance; Decision Making; Investments; Financial Planning; Finance; Management; Time Value Of Money; Purchasing,https://www.edx.org/learn/finance/indian-institute-of-management-bangalore-corporate-finance,"https://prod-discovery.edx-cdn.org/cdn-cgi/image/width=auto,height=auto,quality=75,format=webp/media/course/image/4dc670b3-4bdc-443e-9c62-862146f79877-332fb1253345.png","Learn the ideas, concepts and tools managers use to make the right financial decisions.",5,,,3,5,2370,True,course-v1:IIMBx+FC101x+3T2016
course-5fda4000-8baf-4c1a-b6e6-840189eda463,5fda4000-8baf-4c1a-b6e6-840189eda463,"Data Structures & Algorithms I: ArrayLists, LinkedLists, Stacks and Queues",The Georgia Institute of Technology,Course,Course,edX,Intermediate,Computer Science,English,Current; Upcoming,self_paced,Abstract Data Types; Time Complexity; Object-Oriented Programming (OOP); Algorithms; Operations; Data Storage Technologies; Nodes (Networking); Java (Programming Language); Data Structures,https://www.edx.org/learn/data-structures/the-georgia-institute-of-technology-data-structures-algorithms-i-arraylists-linkedlists-stacks-and-queues,"https://prod-discovery.edx-cdn.org/cdn-cgi/image/width=auto,height=auto,quality=75,format=webp/media/course/image/5fda4000-8baf-4c1a-b6e6-840189eda463-954cccca3c64.jpeg","Work with the principles of data storage in Arrays, ArrayLists &amp; LinkedList nodes. Understand their operations and performance with visualizations. Implement low-level linear, linked data structures with recursive methods, and explore their edge cases. Extend these structures to the Abstract Data Types, Stacks, Queues and Deques.",5,,,9,10,2357,True,course-v1:GTx+CS1332xI+2T2020
course-2ee68576-f98f-4190-9113-60b543203cb4,2ee68576-f98f-4190-9113-60b543203cb4,Shakespeare's Hamlet: The Ghost,Harvard University,Course,Course,edX,Introductory,Humanities; Literature; History,English,Current,self_paced,,https://www.edx.org/learn/shakespeare/harvard-university-shakespeare-s-hamlet-the-ghost,"https://prod-discovery.edx-cdn.org/cdn-cgi/image/width=auto,height=auto,quality=75,format=webp/media/course/image/2ee68576-f98f-4190-9113-60b543203cb4-d7ff38a4fa6c.jpg",Explore the haunting figure at the heart of one of William Shakespeare’s most famous plays.,4,,,5,7,2350,True,course-v1:HarvardX+Hum3.1x+1T2016
course-c055d29e-2e82-4d6d-829c-dc5afae7abee,c055d29e-2e82-4d6d-829c-dc5afae7abee,International Law,Université catholique de Louvain,Course,Course,edX,Advanced,Law,English,Current,self_paced,Foreign Direct Investments; International Relations; International Laws,https://www.edx.org/learn/international-law/universite-catholique-de-louvain-international-law,"https://prod-discovery.edx-cdn.org/cdn-cgi/image/width=auto,height=auto,quality=75,format=webp/media/course/image/c055d29e-2e82-4d6d-829c-dc5afae7abee-55bae9c0f3c9.jpg","Learn about the Law of the International Community, including how International Law is created, applied and upheld in today's world.",12,,,6,8,2331,True,course-v1:LouvainX+Louv5x+3T2015
course-bb5e9463-0248-4f78-a337-b8bb9d829f2b,bb5e9463-0248-4f78-a337-b8bb9d829f2b,C Programming: Getting Started,Dartmouth College; IMT,Course,Course,edX,Introductory,Computer Science; Engineering,English,Current,self_paced,Smartphone Operation; C (Programming Language); Linux; Computer Engineering; Embedded Systems; Web Browsers,https://www.edx.org/learn/c-programming/dartmouth-college-c-programming-getting-started,"https://prod-discovery.edx-cdn.org/cdn-cgi/image/width=auto,height=auto,quality=75,format=webp/media/course/image/bb5e9463-0248-4f78-a337-b8bb9d829f2b-a71b8e897830.jpeg",Start learning one of the most powerful and widely used programming languages: C.,5,,,2,4,2330,True,course-v1:Dartmouth_IMTx+DART.IMT.C.01+1T2018
course-05088267-88e4-4b3c-92b3-5d596d8af344,05088267-88e4-4b3c-92b3-5d596d8af344,The Psychology of Criminal Justice,The University of Queensland,Course,Course,edX,Introductory,Humanities; Biology & Life Sciences; Law,English,Current,self_paced,,https://www.edx.org/learn/humanities/the-university-of-queensland-the-psychology-of-criminal-justice-7,"https://prod-discovery.edx-cdn.org/cdn-cgi/image/width=auto,height=auto,quality=75,format=webp/media/course/image/05088267-88e4-4b3c-92b3-5d596d8af344-3e10c906d978.jpeg",Learn how behavioural science can improve our criminal justice system.,8,,,1,2,2304,False,course-v1:UQx+CRIME101Ax+1T2025
course-2d87cc8a-d13a-412e-89d8-f33a10de75c2,2d87cc8a-d13a-412e-89d8-f33a10de75c2,Digital Humanities in Practice: From Research Questions to Results,Harvard University,Course,Course,edX,Intermediate,Humanities,English,Current,self_paced,Public Speaking; Research; Data Science; Digital Humanities; Text Mining; Electronic Documents; Printing Press; Typewriters; Journalism,https://www.edx.org/learn/metadata/harvard-university-digital-humanities-in-practice-from-research-questions-to-results,"https://prod-discovery.edx-cdn.org/cdn-cgi/image/width=auto,height=auto,quality=75,format=webp/media/course/image/2d87cc8a-d13a-412e-89d8-f33a10de75c2-196804cea530.jpeg",Combine literary research with data science to find answers in unexpected ways. Learn basic coding tools to help save time and draw insights from thousands of digital documents at once.,10,,,2,3,2301,False,course-v1:HarvardX+DH102+3T2022
course-e497f49a-11af-4e68-9d0d-284b1fff5250,e497f49a-11af-4e68-9d0d-284b1fff5250,"CitiesX: The Past, Present and Future of Urban Life",Harvard University,Course,Course,edX,Introductory,Social Sciences; Economics & Finance; History,English,Current,self_paced,Journalism; Human Capital; Sociology; Urban Planning; Consolidation; Anthropology; Economics,https://www.edx.org/learn/urban-planning/harvard-university-citiesx-the-past-present-and-future-of-urban-life,"https://prod-discovery.edx-cdn.org/cdn-cgi/image/width=auto,height=auto,quality=75,format=webp/media/course/image/e497f49a-11af-4e68-9d0d-284b1fff5250-12020d5212c0.jpg","Explore what makes cities energizing, amazing, challenging, and perhaps humanity’s greatest invention.",11,,,5,7,2288,False,course-v1:HarvardX+Urban101x+1T2018
course-9bd10bfb-a8cd-4907-a26d-37fe3ea74919,9bd10bfb-a8cd-4907-a26d-37fe3ea74919,Introduction to Data Science,IBM,Course,Course,edX,Introductory,Data Analysis & Statistics; Computer Science; Business & Management,English,Current,self_paced,Tax Collections; Data Science; Forecasting; Big Data,https://www.edx.org/learn/data-science/ibm-introduction-to-data-science,"https://prod-discovery.edx-cdn.org/cdn-cgi/image/width=auto,height=auto,quality=75,format=webp/media/course/image/9bd10bfb-a8cd-4907-a26d-37fe3ea74919-84d6f99154c1.png",Learn about the world of data science first-hand from real data scientists.,6,,,3,6,2284,True,course-v1:IBM+DS0101EN+1T2020
course-88b779f3-1d98-4069-8d55-4fed53181cb2,88b779f3-1d98-4069-8d55-4fed53181cb2,Leadership Development,"University of Oxford; Saïd Business School, University of Oxford",Course,Course,edX,Introductory,Business & Management,English,Current,self_paced,Influencing Skills; Leadership Development; Research; Adaptability; Leadership,https://www.edx.org/learn/business-management/university-of-oxford-leadership-development,"https://prod-discovery.edx-cdn.org/cdn-cgi/image/width=auto,height=auto,quality=75,format=webp/media/course/image/88b779f3-1d98-4069-8d55-4fed53181cb2-fa5ff5a0aeb6.jpeg","Elevate your leadership skills with a focus on motivation, adaptability, diversity and influence to drive team success and long-term impact.",4,,,2,4,2279,False,course-v1:OxfordX+OXFMNB01+2T2025
course-62c71fa0-bd42-4a75-90a8-d35efda5fb30,62c71fa0-bd42-4a75-90a8-d35efda5fb30,CS50's Introduction to Programming with R,Harvard University,Course,Course,edX,Introductory,Computer Science; Data Analysis & Statistics,English,Current,self_paced,Grammar; Integrated Development Environments; RStudio; Computational Statistics; Data Science,https://www.edx.org/learn/r-programming/harvard-university-cs50-s-introduction-to-programming-with-r,"https://prod-discovery.edx-cdn.org/cdn-cgi/image/width=auto,height=auto,quality=75,format=webp/media/course/image/62c71fa0-bd42-4a75-90a8-d35efda5fb30-87ec4df7d6ce.png","An introduction to programming using a language called R, a popular language for statistical computing and graphics in data science and other domains.",7,,,6,12,2276,True,course-v1:HarvardX+CS50R+2T2024
course-840acc48-0d64-4a9d-a424-712406a034a6,840acc48-0d64-4a9d-a424-712406a034a6,Steps in Japanese for Beginners1 Part1,Waseda University,Course,Course,edX,Introductory,Language; Communication; Art & Culture,English,Current,self_paced,,https://www.edx.org/learn/japanese/waseda-university-steps-in-japanese-for-beginners1-part1,"https://prod-discovery.edx-cdn.org/cdn-cgi/image/width=auto,height=auto,quality=75,format=webp/media/course/image/840acc48-0d64-4a9d-a424-712406a034a6-2ba1eb03fbae.png",Learn basic Japanese expressions to survive in Japanese.,5,,,3,5,2262,True,course-v1:WasedaX+SJB1-1.101x+3T2019
course-da8f2fe1-e792-4213-93c9-327cd92cf860,da8f2fe1-e792-4213-93c9-327cd92cf860,Online Advertising & Social Media.,"The University of Maryland, College Park",Course,Course,edX,Introductory,Business & Management,English,Current,self_paced,Online Advertising; Social Networks; Email Marketing; Lead Generation; Social Media Planning; Advertising Strategy; Big Data; Marketing; Google Ads; Digital Marketing; Video Ads; Decision Making; Planning; Technology Ecosystems; Search Engine Optimization; Content Marketing; Social Media Advertising; Social Media,https://www.edx.org/learn/social-media-marketing/the-university-of-maryland-college-park-online-advertising-social-media,"https://prod-discovery.edx-cdn.org/cdn-cgi/image/width=auto,height=auto,quality=75,format=webp/media/course/image/da8f2fe1-e792-4213-93c9-327cd92cf860-b65418ee459d.jpeg",Learn how to develop Online Advertising Ecosystems complete with Social Media/Social Network and Media Big Data analysis for better decision making in all forms of outreach.,4,,,3,5,2249,True,course-v1:USMx+DM03+1T2021
course-7575d263-e153-4acc-b972-dfcf8edd9b0c,7575d263-e153-4acc-b972-dfcf8edd9b0c,Databases: Advanced Topics in SQL,Stanford University,Course,Course,edX,Introductory,Computer Science,English,Current,self_paced,Reliability; Data Abstraction; Database Design; Relational Databases; Concurrency Controls; Database Systems; Scalability; SQL (Programming Language); Computer Science; Persistence; Query Languages; Telecommunications; Authorization (Computing); Referential Integrity,https://www.edx.org/learn/sql/stanford-university-databases-advanced-topics-in-sql,"https://prod-discovery.edx-cdn.org/cdn-cgi/image/width=auto,height=auto,quality=75,format=webp/media/course/image/7575d263-e153-4acc-b972-dfcf8edd9b0c-43dbae799606.png","This course is one of five self-paced courses on the topic of Databases, originating as one of Stanford's three inaugural massive open online courses released in the fall of 2011. The original ""Databases"" courses are now all available on edx.org.
This course is broad and practical, covering indexes, transactions, constraints, triggers, views, and authorization, all in the context of relational database systems and the SQL language. This course builds on concepts introduced in Databases: Relational Databases and SQL and is recommended for learners seeking to advance their understanding and use of relational databases.

The Indexes and Transactions section of this course covers two important features of database systems from the application-builder's perspective: indexing for increased performance, and transactions for concurrency control and failure recovery.
The Constraints and Triggers section of this course explains key, referential integrity, and ""check"" constraints, followed by comprehensive coverage of database triggers.
The Views and Authorization section of this course provides extensive coverage of how database views can be created, used, and updated, and introduces standard techniques for authorization in relational databases.",2,,,8,10,2240,True,course-v1:StanfordOnline+SOE.YDB-ADVSQL0001+2T2020
course-0c06765f-e449-482c-97cf-9d0e8a9f810e,0c06765f-e449-482c-97cf-9d0e8a9f810e,"Principles, Statistical and Computational Tools for Reproducible Data Science",Harvard University,Course,Course,edX,Intermediate,Data Analysis & Statistics; Science,English,Current,self_paced,Research Methodologies; Applied Mathematics; Software Design Patterns; Research; Computational Biology; Life Sciences; Bioinformatics; Statistical Methods; Presentations; Astrophysics; Public Health; R (Programming Language); Computational Tools; RStudio; Git (Version Control System); Github; Data Science; Statistics; Political Sciences; Biostatistics,https://www.edx.org/learn/data-science/harvard-university-principles-statistical-and-computational-tools-for-reproducible-data-science,"https://prod-discovery.edx-cdn.org/cdn-cgi/image/width=auto,height=auto,quality=75,format=webp/media/course/image/0c06765f-e449-482c-97cf-9d0e8a9f810e-435ce9ee74b3.jpg","Learn skills and tools that support data science and reproducible research, to ensure you can trust your own research results, reproduce them yourself, and communicate them to others.",8,,,3,8,2221,False,course-v1:HarvardX+PH527x+3T2017
course-63b7029d-0eb4-40ba-8140-2f9781915ca4,63b7029d-0eb4-40ba-8140-2f9781915ca4,"Prescription Drug Regulation, Cost, and Access: Current Controversies in Context",Harvard University,Course,Course,edX,Introductory,Medicine; Health & Safety; Law,English,Current,self_paced,Drug Development; Medical Education; Pharmaceuticals; Marketing; Medical Prescription; Drug Administration; Safety Monitoring,https://www.edx.org/learn/drugs/harvard-university-prescription-drug-regulation-cost-and-access-current-controversies-in-context,"https://prod-discovery.edx-cdn.org/cdn-cgi/image/width=auto,height=auto,quality=75,format=webp/media/course/image/63b7029d-0eb4-40ba-8140-2f9781915ca4-de783ac6c899.jpg","Understand how the FDA regulates pharmaceuticals and explore debates on prescription drug costs, marketing, and testing.",8,,,2,5,2207,False,course-v1:HarvardX+1962USRx+2T2018
course-3096d18e-5466-41af-8214-461e1dc25498,3096d18e-5466-41af-8214-461e1dc25498,Applied Scrum for Agile Project Management,"The University of Maryland, College Park",Course,Course,edX,Advanced,Engineering; Business & Management; Philosophy & Ethics,English,Current,self_paced,Scrum (Software Development); Lean Manufacturing; Auditing; New Product Development; Project Management Professional Certification; PMI Agile Certified Practitioner; Agile Software Development; Backlogs; Project Management; Extreme Programming; Agile Methodology; Sprint Planning; Kanban Principles; Agile Project Management; Project Management Institute (PMI) Methodology; Software Development; Certified Scrum Master; Mechanics,https://www.edx.org/learn/scrum/the-university-of-maryland-college-park-applied-scrum-for-agile-project-management,"https://prod-discovery.edx-cdn.org/cdn-cgi/image/width=auto,height=auto,quality=75,format=webp/media/course/image/3096d18e-5466-41af-8214-461e1dc25498-1fc8eec23060.jpg","Learn the project management processes, roles, mechanics, and philosophies behind Scrum, the simplest and most pure approach to managing work at the team level.",4,,,2,3,2199,True,course-v1:USMx+ENCE607.1x+3T2018
course-d37884e7-363e-471b-ad1b-1250b1fdae23,d37884e7-363e-471b-ad1b-1250b1fdae23,Science & Cooking: From Haute Cuisine to Soft Matter Science (chemistry),Harvard University,Course,Course,edX,Introductory,Chemistry; Physics; Food & Nutrition,English,Current,self_paced,Chemical Reactions; Research; Physics; Influencing Skills; Soft Matter; Chemistry; Cooking,https://www.edx.org/learn/food-science/harvard-university-science-cooking-from-haute-cuisine-to-soft-matter-science-chemistry,"https://prod-discovery.edx-cdn.org/cdn-cgi/image/width=auto,height=auto,quality=75,format=webp/media/course/image/d37884e7-363e-471b-ad1b-1250b1fdae23-049d56aeefd9.jpg","Top chefs and Harvard researchers explore how everyday cooking and haute cuisine can illuminate basic principles in chemistry, physics, and engineering. Learn about food molecules and how chemical reactions can affect food texture and flavor.",16,,,2,3,2181,True,course-v1:HarvardX+SPU27.1x+1T2018
course-cb555d73-5183-446c-8555-69a7ffd19206,cb555d73-5183-446c-8555-69a7ffd19206,High-Dimensional Data Analysis,Harvard University,Course,Course,edX,Advanced,Data Analysis & Statistics; Biology & Life Sciences; Science,English,Current,self_paced,R (Programming Language); Data Warehousing; Forecasting; Data Visualization; Factor Analysis; Software Engineering; Genomics; K-Means Clustering; Life Sciences; Statistical Inference; Matrix Algebra; Dimensionality Reduction; Data Analysis; Linear Model; Biology; Statistics; Bioconductor (Bioinformatics Software); Prediction; Principal Component Analysis; Multidimensional Scaling; Functional Genomics; Data Science; Machine Learning; Hierarchical Clustering; Algorithms,https://www.edx.org/learn/data-analysis/harvard-university-high-dimensional-data-analysis,"https://prod-discovery.edx-cdn.org/cdn-cgi/image/width=auto,height=auto,quality=75,format=webp/media/course/image/cb555d73-5183-446c-8555-69a7ffd19206-f67a7e019e9d.jpg",A focus on several techniques that are widely used in the analysis of high-dimensional data.,4,,,2,4,2173,True,course-v1:HarvardX+PH525.4x+2T2016
course-c414e4d1-0ae8-4492-b442-4fe93b1dbfee,c414e4d1-0ae8-4492-b442-4fe93b1dbfee,Innovating in Health Care,Harvard University,Course,Course,edX,Intermediate,Business & Management; Economics & Finance; Health & Safety,English,Current,self_paced,Investments; Accountability; Business Modeling; Public Policies; Innovation; Consulting; Technical Management,https://www.edx.org/learn/healthcare/harvard-university-innovating-in-health-care,"https://prod-discovery.edx-cdn.org/cdn-cgi/image/width=auto,height=auto,quality=75,format=webp/media/course/image/c414e4d1-0ae8-4492-b442-4fe93b1dbfee-9553f6813c3d.jpg","Find innovation opportunities in health care technology, management, consulting, or investing by examining health care cost, quality, and access.",9,,,6,8,2173,False,HarvardX/BUS5.1x/1T2014
course-f2c178f0-21d1-481c-a7e0-7529b78c3a45,f2c178f0-21d1-481c-a7e0-7529b78c3a45,Software Engineering Basics for Everyone,IBM,Course,Course,edX,Introductory,Computer Science,English,Current,self_paced,Safety Assurance; User Experience; Agile Methodology; Sales; Software Engineering; Marketing; Software Development; Systems Development Life Cycle; Scrum (Software Development); Software Development Methodologies; Software Development Life Cycle,https://www.edx.org/learn/software-engineering/ibm-software-engineering-basics-for-everyone,"https://prod-discovery.edx-cdn.org/cdn-cgi/image/width=auto,height=auto,quality=75,format=webp/media/course/image/f2c178f0-21d1-481c-a7e0-7529b78c3a45-ee442688d49a.png","Build the foundation for an in-demand Software Engineering related career. Explore fundamental software engineering principles, processes, architecture, tools, and stacks. Hear from software experts discuss what it takes to be successful.",6,,,10,14,2162,True,course-v1:IBM+CS0131EN+3T2022
course-ab015617-33c9-40f8-8c3d-4c12033b735d,ab015617-33c9-40f8-8c3d-4c12033b735d,A Complete Guide to Game Design,HP,Course,Course,edX,Introductory,Computer Science,English,Current,self_paced,Innovation; Mechanics; eSports Management; eSports; Video Game Development; Game Design,https://www.edx.org/learn/game-design/hp-a-complete-guide-to-game-design,"https://prod-discovery.edx-cdn.org/cdn-cgi/image/width=auto,height=auto,quality=75,format=webp/media/course/image/ab015617-33c9-40f8-8c3d-4c12033b735d-7bacf423a0c1.jpeg","From crafting immersive game worlds and designing captivating gameplay mechanics to mastering storytelling and level creation, explore the intricacies of game design with this comprehensive course from HP. Receive a verified certificate for free using referral code6FJGJOTX7MFH5M2H.",4,,,3,5,2142,True,course-v1:HP+HPGG02.en+2T2023
course-520c39be-89c1-4cad-9e9b-ff1f0cdc8b99,520c39be-89c1-4cad-9e9b-ff1f0cdc8b99,Transforming Our World: Achieving the Sustainable Development Goals,SDG Academy,Course,Course,edX,Intermediate,Environmental Studies; Social Sciences; Education & Teacher Training,English,Current,self_paced,Sustainable Development; Corporate Sustainability; Sustainability,https://www.edx.org/learn/sustainable-development/sdg-academy-transforming-our-world-achieving-the-sustainable-development-goals,"https://prod-discovery.edx-cdn.org/cdn-cgi/image/width=auto,height=auto,quality=75,format=webp/media/course/image/520c39be-89c1-4cad-9e9b-ff1f0cdc8b99-27b2c1c2e54f.jpg",What will it take to achieve the Sustainable Development Goals by 2030?,1,,,2,4,2130,True,course-v1:SDGAcademyX+TOW001+3T2018
course-ef2fc3ac-b0bc-4004-bd30-d610832d0cdd,ef2fc3ac-b0bc-4004-bd30-d610832d0cdd,Statistical Learning with R,Stanford University,Course,Course,edX,Introductory,Data Analysis & Statistics,English,Current,self_paced,Deep Learning; Statistics; Random Forest Algorithm; Polynomial Regression; Boosting; Statistical Modeling; Data Analysis; Lecturing; Bootstrap (Front-End Framework); Principal Component Analysis; K-Means Clustering; R (Programming Language); Logistic Regression; Python (Programming Language); Support Vector Machine; Supervised Learning; Unsupervised Learning; Lasso (Programming Language); Linear Discriminant Analysis; Statistical Learning Theory; Data Science; Artificial Neural Networks,https://www.edx.org/learn/statistics/stanford-university-statistical-learning,"https://prod-discovery.edx-cdn.org/cdn-cgi/image/width=auto,height=auto,quality=75,format=webp/media/course/image/ef2fc3ac-b0bc-4004-bd30-d610832d0cdd-b971c6b5f47b.png","Learn some of the main tools used in statistical modeling and data science. We cover both traditional as well as exciting new methods, and how to use them in R. Course material updated in 2021 for second edition of the course textbook.",11,,,3,5,2119,False,course-v1:StanfordOnline+STATSX0001+1T2020
course-131ce1df-6106-4de3-a337-e85f8731dab7,131ce1df-6106-4de3-a337-e85f8731dab7,Calculus I: From Functions to Differential Equations,Delft University of Technology,Course,Course,edX,Intermediate,Math,English,Current,self_paced,Physics; Dynamical Systems; Calculus; Fluid Dynamics; Differential Equations; Basic Math,https://www.edx.org/learn/calculus/delft-university-of-technology-calculus-i-from-functions-to-differential-equations,"https://prod-discovery.edx-cdn.org/cdn-cgi/image/width=auto,height=auto,quality=75,format=webp/media/course/image/131ce1df-6106-4de3-a337-e85f8731dab7-c83605546100.jpeg",Refresh and review your bachelor-level calculus. This course covers all the various differentiation and integration techniques and guides you through several important methods for solving differential equations.,6,,,4,6,2111,True,course-v1:DelftX+MMFEC1X+2T2023
course-772eb266-036a-4248-ac03-c3c0bac56c70,772eb266-036a-4248-ac03-c3c0bac56c70,Critical Thinking & Problem Solving,Rochester Institute of Technology,Course,Course,edX,Introductory,Communication; Business & Management,English,Current,self_paced,Critical Thinking; Problem Solving; Leadership,https://www.edx.org/learn/critical-thinking-skills/rochester-institute-of-technology-critical-thinking-problem-solving,"https://prod-discovery.edx-cdn.org/cdn-cgi/image/width=auto,height=auto,quality=75,format=webp/media/course/image/772eb266-036a-4248-ac03-c3c0bac56c70-fdbb956edc7f.jpeg","The most successful professionals are able to assess the environment, analyze a situation, design a solution, and ultimately win in a competitive scenario.",3,,,4,6,2083,True,course-v1:RITx+LEAD103+2T2020
course-c41c076c-4944-4974-ae73-cdba2f76f7ce,c41c076c-4944-4974-ae73-cdba2f76f7ce,Computing in Python III: Data Structures,The Georgia Institute of Technology,Course,Course,edX,Introductory,Computer Science,English,Current; Upcoming,self_paced,Python (Programming Language); Data Structures; Object-Oriented Programming (OOP),https://www.edx.org/learn/python/the-georgia-institute-of-technology-computing-in-python-iii-data-structures,"https://prod-discovery.edx-cdn.org/cdn-cgi/image/width=auto,height=auto,quality=75,format=webp/media/course/image/c41c076c-4944-4974-ae73-cdba2f76f7ce-d8c2243ca89a.jpeg","Learn more complex ways of handling data, including files, lists, and dictionaries for building complex programs.",5,,,9,10,2077,True,course-v1:GTx+CS1301xIII+1T2018
course-896ef47f-237f-47aa-a993-2beff9752254,896ef47f-237f-47aa-a993-2beff9752254,Technology Entrepreneurship: Lab to Market,Harvard University,Course,Course,edX,Introductory,Business & Management; Engineering; Biology & Life Sciences,English,Current,self_paced,Technology Entrepreneurship; Commercialization; Research And Development; Innovation; Critical Thinking,https://www.edx.org/learn/technology/harvard-university-technology-entrepreneurship-lab-to-market,"https://prod-discovery.edx-cdn.org/cdn-cgi/image/width=auto,height=auto,quality=75,format=webp/media/course/image/896ef47f-237f-47aa-a993-2beff9752254-036e4db702a9.png",Explore how entrepreneurs build successful businesses by moving technology from lab to market.,5,,,2,4,2077,False,course-v1:HarvardX+LBTechX1+1T2019
course-b6bb8a1e-cece-4c43-a3dc-3b00e6843f25,b6bb8a1e-cece-4c43-a3dc-3b00e6843f25,Italian Language and Culture: Intermediate (2025-2026),Wellesley College,Course,Course,edX,Intermediate,Language; Art & Culture; Humanities,Italian,Current,self_paced,Writing; Pronunciation; Vocabulary; Italian Language; Reading Comprehension; Grammar; Language Education,https://www.edx.org/learn/italian/wellesley-college-italian-language-and-culture-intermediate-2025-2026,"https://prod-discovery.edx-cdn.org/cdn-cgi/image/width=auto,height=auto,quality=75,format=webp/media/course/image/b6bb8a1e-cece-4c43-a3dc-3b00e6843f25-17ba1808405d.jpg","Improve your Italian language skills and expand your vocabulary while you learn about Italian art, literature and contemporary society.",12,,,3,5,2070,True,course-v1:WellesleyX+Italian2x+1T2016
course-343693bd-4202-4956-843d-ad44d8699750,343693bd-4202-4956-843d-ad44d8699750,AI for Workplace Productivity,Microsoft,Course,Course,edX,Introductory,Computer Science,English,Current,self_paced,Workflow Management; Artificial Intelligence; Decision Making,https://www.edx.org/learn/computer-science/microsoft-learning-path-work-smarter-with-ai,"https://prod-discovery.edx-cdn.org/cdn-cgi/image/width=auto,height=auto,quality=75,format=webp/media/course/image/343693bd-4202-4956-843d-ad44d8699750-c6224b9263e7.jpeg",AI is increasingly used to streamline workflows and optimize efficiency. This course highlights practical AI tools that can support better decision-making and automate repetitive tasks.,1,,,2,3,2061,True,course-v1:Microsoft+WSWAI+1T2025
course-95e8f7af-8d8f-4786-a070-317e0e3d3658,95e8f7af-8d8f-4786-a070-317e0e3d3658,SOLIDWORKS CAD Fundamentals,Dassault Systèmes SOLIDWORKS,Course,Course,edX,Introductory,Design; Engineering,English,Current,self_paced,Sketching; Solidworks Certification; Engineering Design Process; Mechanical Design; SolidWorks (CAD); Computer-Aided Design; New Product Development; 3D Modeling,https://www.edx.org/learn/engineering/dassault-systemes-solidworks-solidworks-cad-fundamentals,"https://prod-discovery.edx-cdn.org/cdn-cgi/image/width=auto,height=auto,quality=75,format=webp/media/course/image/95e8f7af-8d8f-4786-a070-317e0e3d3658-26f3553a0bb4.png","Start learning SOLIDWORKS 3D Computer-Aided Design (CAD) software today. We will discuss the fundamentals of sketching, features, parts, assemblies, and drawings. This is your chance to learn the best-in-class engineering design software application!",5,,,2,4,2056,False,course-v1:SOLIDWORKS+SWCAD1.0+3T2021a
course-3acfcae0-ed5a-413e-87a0-0c1fd4606b86,3acfcae0-ed5a-413e-87a0-0c1fd4606b86,Business Strategy from Wharton: Competitive Advantage,The Wharton School of the University of Pennsylvania,Course,Course,edX,Intermediate,Business & Management,English,Current,self_paced,Business Strategies,https://www.edx.org/learn/business-strategy/the-wharton-school-of-the-university-of-pennsylvania-business-strategy-from-wharton-competitive-advantage,"https://prod-discovery.edx-cdn.org/cdn-cgi/image/width=auto,height=auto,quality=75,format=webp/media/course/image/3acfcae0-ed5a-413e-87a0-0c1fd4606b86-5843a5170ed8.png",Learn how to develop and execute strategies to gain competitive advantage and improve your position in the marketplace.,6,,,3,4,2056,True,course-v1:Wharton+StrategyX+3T2016
course-d1768ac3-9e71-45ee-9174-2d553968c8a5,d1768ac3-9e71-45ee-9174-2d553968c8a5,Introduction to Marketing,University of British Columbia,Course,Course,edX,Introductory,Business & Management,English,Current,self_paced,Social Media Strategy; Brand Strategy; Integrated Marketing Communications; Business Marketing; Decision Making; Marketing; Market Research,https://www.edx.org/learn/marketing/university-of-british-columbia-introduction-to-marketing,"https://prod-discovery.edx-cdn.org/cdn-cgi/image/width=auto,height=auto,quality=75,format=webp/media/course/image/d1768ac3-9e71-45ee-9174-2d553968c8a5-f7464068d1b4.jpg","Learn the fundamentals to marketing, including strategies and tools used across industries.",6,,,3,5,2039,True,course-v1:UBCx+Marketing1x+3T2015
course-0673236f-aaf9-4e38-ba92-c990f4f7b4cb,0673236f-aaf9-4e38-ba92-c990f4f7b4cb,Introduction to Linear Models and Matrix Algebra,Harvard University,Course,Course,edX,Intermediate,Math; Computer Science,English,Current,self_paced,Life Sciences; Algebra; Data Analysis; Matrix Algebra; Software Engineering; Biology; R (Programming Language); Statistical Inference; Statistics; Bioconductor (Bioinformatics Software); Linear Model; Data Warehousing; Experimental Design; Functional Genomics,https://www.edx.org/learn/linear-algebra/harvard-university-introduction-to-linear-models-and-matrix-algebra,"https://prod-discovery.edx-cdn.org/cdn-cgi/image/width=auto,height=auto,quality=75,format=webp/media/course/image/0673236f-aaf9-4e38-ba92-c990f4f7b4cb-909797220855.jpg",Learn to use R programming to apply linear models to analyze data in life sciences.,4,,,2,4,2025,True,course-v1:HarvardX+PH525.2x+2T2016
course-32b3ea65-7cf4-4b68-b9b3-974b9521e7a0,32b3ea65-7cf4-4b68-b9b3-974b9521e7a0,From Code to Creation: Mastering Game Programming,HP,Course,Course,edX,Introductory,Computer Science,English,Current,self_paced,Mechanics; Development Testing; Audio Engineering; Game Programming; Artificial Intelligence; Video Game Development; eSports Management; eSports; Innovation,https://www.edx.org/learn/game-development/hp-from-code-to-creation-mastering-game-programming,"https://prod-discovery.edx-cdn.org/cdn-cgi/image/width=auto,height=auto,quality=75,format=webp/media/course/image/32b3ea65-7cf4-4b68-b9b3-974b9521e7a0-7f1a3b575f3a.jpeg","From coding dynamic game mechanics and optimizing performance to understanding AI integration and developing interactive experiences, delve into the intricacies of game programming with this comprehensive course from HP. Receive a verified certificate for free using referral code6FJGJOTX7MFH5M2H.",4,,,3,5,2016,True,course-v1:HP+HPGG03.en+2T2023
course-ede1c935-fcb5-4a1f-8f98-c479fd430a43,ede1c935-fcb5-4a1f-8f98-c479fd430a43,Marketing Psychology: How We Decide,"University of Oxford; Saïd Business School, University of Oxford",Course,Course,edX,Introductory,Business & Management,English,Current,self_paced,Artificial Intelligence; Business-To-Consumer; Marketing Strategies; Consumer Behaviour; Influencing Skills; Business To Business; Psychology; Purchasing; Digital Marketing; Marketing; Decision Making; Persuasive Communication,https://www.edx.org/learn/business-management/university-of-oxford-marketing-psychology-how-we-decide,"https://prod-discovery.edx-cdn.org/cdn-cgi/image/width=auto,height=auto,quality=75,format=webp/media/course/image/ede1c935-fcb5-4a1f-8f98-c479fd430a43-7d7fc242d0c5.jpeg","Explore marketing psychology and consumer behaviour to master decision-making in marketing, uncovering cognitive biases and psychological drivers behind buying choices.",4,,,2,4,2013,False,course-v1:OxfordX+OXFDIG01+2T2025
course-49a56967-0578-4b25-925e-4cce1a79d3ea,49a56967-0578-4b25-925e-4cce1a79d3ea,Product Management Fundamentals,"The University of Maryland, College Park",Course,Course,edX,Introductory,Business & Management; Computer Science; Design,English,Current,self_paced,Product Management; New Product Development; Commercialization; Target Market; Innovation; Marketing Concepts; Management; Market Development; Team Leadership,https://www.edx.org/learn/product-management/the-university-of-maryland-college-park-product-management-fundamentals,"https://prod-discovery.edx-cdn.org/cdn-cgi/image/width=auto,height=auto,quality=75,format=webp/media/course/image/49a56967-0578-4b25-925e-4cce1a79d3ea-84eec47d4d2e.png",Understand the keys to successfully navigating the roles and responsibilities of being a product manager to champion change with internal and external collaborators and influencers,4,,,2,3,2005,True,course-v1:USMx+ENES608.1+2T2020
course-e6463475-12af-48ca-a5ca-4526783965b4,e6463475-12af-48ca-a5ca-4526783965b4,Power BI: Build data models and create reports,Microsoft,Course,Course,edX,Introductory,Computer Science,English,Current,self_paced,Spreadsheets; Data Analysis; Data Modeling; Data Structures; Dashboard; Communications; Power BI; Cloud Services,https://www.edx.org/learn/computer-science/microsoft-power-bi-build-data-models-and-create-reports,"https://prod-discovery.edx-cdn.org/cdn-cgi/image/width=auto,height=auto,quality=75,format=webp/media/course/image/e6463475-12af-48ca-a5ca-4526783965b4-5bbd7c2a125d.jpeg","This course provides training on building data models and creating reports using Power BI. You will learn how to connect to data, design data models, and create interactive reports and visualizations to analyze and present insights.",2,,,2,3,2001,True,course-v1:Microsoft+BDMCRPBI+1T2025
course-47e58eaa-191b-465f-ace4-a5156d5ad8a7,47e58eaa-191b-465f-ace4-a5156d5ad8a7,Maths Essentials,The London School of Economics and Political Science,Course,Course,edX,Introductory,Math,English,Current,self_paced,Algebra; Differential Calculus; Economics; Basic Math; Calculus; Elementary Algebra; Integral Calculus; Political Sciences,https://www.edx.org/learn/math/the-london-school-of-economics-and-political-science-maths-essentials,"https://prod-discovery.edx-cdn.org/cdn-cgi/image/width=auto,height=auto,quality=75,format=webp/media/course/image/47e58eaa-191b-465f-ace4-a5156d5ad8a7-968e4374f37c.jpeg",This self-paced course aims to introduce basic mathematical concepts and maximize your chances of success in undergraduate-level quantitative subjects.,6,,,6,10,1979,False,course-v1:LSE+LSEMT001+1T2023
course-38040d47-4cf1-4098-b389-2743638268be,38040d47-4cf1-4098-b389-2743638268be,The Craft of Storytelling,University of Alaska Fairbanks,Course,Course,edX,Introductory,Communication; Language; Business & Management,English,Current,self_paced,Documentary Films; Podcasting; Creative Writing; Storytelling; Communications; Social Media; Quick Learning; Public Speaking,https://www.edx.org/learn/storytelling/university-of-alaska-fairbanks-the-craft-of-storytelling,"https://prod-discovery.edx-cdn.org/cdn-cgi/image/width=auto,height=auto,quality=75,format=webp/media/course/image/38040d47-4cf1-4098-b389-2743638268be-26e7b271f867.png",Tell captivating stories your audiences will love.,4,,,3,5,1979,False,course-v1:AlaskaX+STORY481+1T2022
course-356fc3d5-e738-4cb3-8c6d-0cff70afcf4b,356fc3d5-e738-4cb3-8c6d-0cff70afcf4b,50-hour English Language Teaching Methodology,TEFL Org,Course,Course,edX,Intermediate,Education & Teacher Training,English,Current,self_paced,,https://www.edx.org/learn/education/tefl-org-50-hour-english-language-teaching-methodology,"https://prod-discovery.edx-cdn.org/cdn-cgi/image/width=auto,height=auto,quality=75,format=webp/media/course/image/356fc3d5-e738-4cb3-8c6d-0cff70afcf4b-8a40197c9275.png",50-hour English Language Teaching Methodology,10,,,1,5,1968,True,course-v1:TEFLx+MET.50.2x+2T2023
course-4c354854-5235-4119-8dbf-8b2f6ac678af,4c354854-5235-4119-8dbf-8b2f6ac678af,Mandarin Chinese Level 1,MandarinX,Course,Course,edX,Introductory,Language; Business & Management; Art & Culture,English,Current,self_paced,Mandarin Chinese; Pronunciation; Communications; Language Education,https://www.edx.org/learn/mandarin-chinese/mandarinx-mandarin-chinese-level-1,"https://prod-discovery.edx-cdn.org/cdn-cgi/image/width=auto,height=auto,quality=75,format=webp/media/course/image/4c354854-5235-4119-8dbf-8b2f6ac678af-a6bcf0897aef.jpg","Mandarin Chinese is rapidly becoming one of the top languages to learn, especially for business. Learnbasic language skills for business scenarios in Mandarin-speaking countries.",6,,,4,10,1948,True,course-v1:MandarinX+MX502X+2T2018
course-efff5748-4be0-46e0-8762-58c281354435,efff5748-4be0-46e0-8762-58c281354435,Medical Terminology,Doane University,Course,Course,edX,Introductory,Biology & Life Sciences; Medicine,English,Current,self_paced,Auditing; Physiology; Anatomy; Academic Integrity; Pathology; Medical Terminology,https://www.edx.org/learn/medicine/doane-university-medical-terminology,"https://prod-discovery.edx-cdn.org/cdn-cgi/image/width=auto,height=auto,quality=75,format=webp/media/course/image/efff5748-4be0-46e0-8762-58c281354435-049f1aa37fef.jpeg","Medical terminology is the study of the rules of medical word building. Receive a thorough grounding in basic medical terminology through a study of root words, prefixes and suffixes.
This course is eligible for Audit and Verified Certificate only.",8,,,5,10,1939,False,course-v1:DoaneX+BIOL-210x+3T2018
course-6e281c1e-577b-4265-9a18-d869838d4ee9,6e281c1e-577b-4265-9a18-d869838d4ee9,"Citizen Politics in America: Public Opinion, Elections, Interest Groups, and the Media",Harvard University,Course,Course,edX,Introductory,Social Sciences; History; Law,English,Current,self_paced,Social Movements; Public Opinion; Demonstration Skills; Influencing Skills; Polling,https://www.edx.org/learn/politics/harvard-university-citizen-politics-in-america-public-opinion-elections-interest-groups-and-the-media,"https://prod-discovery.edx-cdn.org/cdn-cgi/image/width=auto,height=auto,quality=75,format=webp/media/course/image/6e281c1e-577b-4265-9a18-d869838d4ee9-bbc818f6fb2a.png",Learn about the forces in American politics that seek to influence the electorate and shift the political landscape.,4,,,2,4,1929,True,course-v1:HarvardX+HKS101A_3+3T2018
course-3c05fb77-83cf-4be6-a982-d0fc0cbd31ea,3c05fb77-83cf-4be6-a982-d0fc0cbd31ea,"Nutrition, Exercise and Sports",Wageningen University & Research,Course,Course,edX,Intermediate,Food & Nutrition; Biology & Life Sciences; Health & Safety,English,Current,self_paced,Sports Coaching; Physical Therapy; Exercise Physiology,https://www.edx.org/learn/nutrition/wageningen-university-research-nutrition-exercise-and-sports,"https://prod-discovery.edx-cdn.org/cdn-cgi/image/width=auto,height=auto,quality=75,format=webp/media/course/image/3c05fb77-83cf-4be6-a982-d0fc0cbd31ea-dd80f754b9a5.jpg","Learn about Nutrition, Exercise and Sports and understand how nutrition can support exercise and sports performance.",6,,,4,8,1906,False,course-v1:WageningenX+NUTR107x+3T2019
course-58977d3a-894b-45bb-9d5a-2dbbb5031163,58977d3a-894b-45bb-9d5a-2dbbb5031163,Introduction to SQL,IBM,Course,Course,edX,Introductory,Computer Science,English,Current,self_paced,Data Analysis; Operations; Data Science; Database Systems; Communications; Data Manipulation; Microsoft Access; Relational Database Management Systems; IBM DB2; Nested Queries; Data Engineering; PostgreSQL; Relational Databases; MySQL; SQL (Programming Language); Oracle SQL Developer,https://www.edx.org/learn/sql/ibm-introduction-to-sql,"https://prod-discovery.edx-cdn.org/cdn-cgi/image/width=auto,height=auto,quality=75,format=webp/media/course/image/58977d3a-894b-45bb-9d5a-2dbbb5031163-7689343dc89d.jpeg","Learn how to use and apply the powerful language of SQL to better communicate and extract data from databases - a must for anyone working in Data Engineering, Data Analytics or Data Science.",5,,,2,4,1903,True,course-v1:IBM+DB0111EN+1T2022
course-8820abc8-45a1-4ec1-ad51-d2a020ae4ef2,8820abc8-45a1-4ec1-ad51-d2a020ae4ef2,Buddhism Through Its Scriptures.,Harvard University,Course,Course,edX,Introductory,Humanities; History,English,Current,self_paced,,https://www.edx.org/learn/buddhism/harvard-university-buddhism-through-its-scriptures,"https://prod-discovery.edx-cdn.org/cdn-cgi/image/width=auto,height=auto,quality=75,format=webp/media/course/image/8820abc8-45a1-4ec1-ad51-d2a020ae4ef2-a65bd9ef1946.png","Learn about the rich and diverse beliefs and practices of Buddhists across time and place. Experience Buddhism through its scriptures, both relationally as well as academically.",4,,,5,10,1902,True,course-v1:HarvardX+HDS3221.3x+2T2016
course-1c30e9b3-78ee-4c57-9af9-922153073d99,1c30e9b3-78ee-4c57-9af9-922153073d99,Business Foundations,University of British Columbia,Course,Course,edX,Introductory,Business & Management,English,Current,self_paced,Accounting; Value Propositions; Business Modeling,https://www.edx.org/learn/business-administration/university-of-british-columbia-business-foundations,"https://prod-discovery.edx-cdn.org/cdn-cgi/image/width=auto,height=auto,quality=75,format=webp/media/course/image/1c30e9b3-78ee-4c57-9af9-922153073d99-9ee0f4e21475.jpg",This is business in a nutshell; learn key concepts and frameworks that underpin business.,6,,,3,5,1867,True,course-v1:UBCx+COMM120x+3T2017
course-fb0df571-1822-4f40-926e-036709e8beaf,fb0df571-1822-4f40-926e-036709e8beaf,Case Studies in Functional Genomics,Harvard University,Course,Course,edX,Advanced,Data Analysis & Statistics; Biology & Life Sciences; Science,English,Current,self_paced,Bioconductor (Bioinformatics Software); Software Engineering; Ribonucleic Acid Sequencing; Data Warehousing; Matrix Algebra; Linear Model; R (Programming Language); Exploratory Data Analysis; Experimentation; Life Sciences; Functional Genomics; DNA Methylation; Statistical Inference; Quality Control; Biology; Data Analysis; Open-Source Software; Statistics,https://www.edx.org/learn/data-analysis/harvard-university-case-studies-in-functional-genomics,"https://prod-discovery.edx-cdn.org/cdn-cgi/image/width=auto,height=auto,quality=75,format=webp/media/course/image/fb0df571-1822-4f40-926e-036709e8beaf-6eb56b0c9bc8.jpg","Perform RNA-Seq, ChIP-Seq, and DNA methylation data analyses, using open source software, including R and Bioconductor.",5,,,2,4,1852,True,course-v1:HarvardX+PH525.6x+3T2106
course-c7396192-c639-4cc5-9d37-0722d44a7138,c7396192-c639-4cc5-9d37-0722d44a7138,Upper-Intermediate English: Business and Modern Life,Universitat Politècnica de València,Course,Course,edX,Intermediate,Language,English,Current,self_paced,English Language; Grammar; Listening Skills; Reading Comprehension,https://www.edx.org/learn/english/universitat-politecnica-de-valencia-upper-intermediate-english-business-and-modern-life,"https://prod-discovery.edx-cdn.org/cdn-cgi/image/width=auto,height=auto,quality=75,format=webp/media/course/image/c7396192-c639-4cc5-9d37-0722d44a7138-cdaef269d3a7.jpg","Advance your English language skills as you learn how to rephrase sentences and prepare for an interview. Topics such as films, sports, and natural resources will also be discussed.",4,,,3,5,1845,True,course-v1:UPValenciaX+HIENGLISH201.2x+3T2018
course-70f0c8ed-1644-4c67-a5d9-7111368b4f5f,70f0c8ed-1644-4c67-a5d9-7111368b4f5f,"Fundamentals of Neuroscience, Part 3: The Brain",Harvard University,Course,Course,edX,Introductory,Biology & Life Sciences; Science; Medicine,English,Current; Upcoming,self_paced,,https://www.edx.org/learn/neuroscience/harvard-university-fundamentals-of-neuroscience-part-3-the-brain,"https://prod-discovery.edx-cdn.org/cdn-cgi/image/width=auto,height=auto,quality=75,format=webp/media/course/image/70f0c8ed-1644-4c67-a5d9-7111368b4f5f-86416fcb1207.png",Discover what makes your brain tick in this third course in our introductory series in neuroscience.,7,,,3,5,1837,True,course-v1:HarvardX+MCB80.3x+2T2016
course-b76e2b10-8c5b-4037-8ca3-7e118b6cf0bc,b76e2b10-8c5b-4037-8ca3-7e118b6cf0bc,Philosophy and Critical Thinking,The University of Queensland,Course,Course,edX,Introductory,Humanities; Philosophy & Ethics,English,Current,self_paced,,https://www.edx.org/learn/humanities/the-university-of-queensland-philosophy-and-critical-thinking-5,"https://prod-discovery.edx-cdn.org/cdn-cgi/image/width=auto,height=auto,quality=75,format=webp/media/course/image/b76e2b10-8c5b-4037-8ca3-7e118b6cf0bc-2459a8248b21.jpeg",META101Ax: Thinking about thinking,4,,,1,4,1834,False,course-v1:UQx+META101Ax+1T2025
course-ca069c90-360c-4ec0-9d60-ae8ff53ce429,ca069c90-360c-4ec0-9d60-ae8ff53ce429,Excel for Everyone: Data Analysis Fundamentals,University of British Columbia,Course,Course,edX,Intermediate,Data Analysis & Statistics; Business & Management,English,Current,self_paced,Data Management; Decision Making; Sales; Automation; Data Analysis; Data Wrangling; Organizational Intelligence,https://www.edx.org/learn/excel/university-of-british-columbia-excel-for-everyone-data-analysis-fundamentals,"https://prod-discovery.edx-cdn.org/cdn-cgi/image/width=auto,height=auto,quality=75,format=webp/media/course/image/ca069c90-360c-4ec0-9d60-ae8ff53ce429-5fea7b5cf9e7.png","Perform advanced data wrangling, analysis and dashboard visualization to help drive strategic decision-making.",6,,,2,4,1812,True,course-v1:UBCx+Excel1.3x+1T2020
course-efc25613-f0ea-4423-bfcd-4d94c317f085,efc25613-f0ea-4423-bfcd-4d94c317f085,Tech for Good: The Role of ICT in Achieving the SDGs,SDG Academy,Course,Course,edX,Intermediate,Communication; Data Analysis & Statistics; Philosophy & Ethics,English,Current,self_paced,Cyber Security; Data Management; E-Waste; Sustainable Development; Network Information Services; Big Data,https://www.edx.org/learn/technology/sdg-academy-tech-for-good-the-role-of-ict-in-achieving-the-sdgs,"https://prod-discovery.edx-cdn.org/cdn-cgi/image/width=auto,height=auto,quality=75,format=webp/media/course/image/efc25613-f0ea-4423-bfcd-4d94c317f085-5dd84e82e22b.png",What opportunities and challenges do digital technologies present for the development of our society?,10,,,3,5,1800,False,course-v1:SDGAcademyX+ICT001+3T2018
course-9db66340-ca44-4ec7-8844-dc9cd51c3ceb,9db66340-ca44-4ec7-8844-dc9cd51c3ceb,Inglés básico: conversacional y networking,Universidades Anáhuac,Course,Course,edX,Introductory,Business & Management; Language; Communication,Spanish,Current,self_paced,Language Barrier; Communications,https://www.edx.org/learn/english/universidades-anahuac-ingles-basico-conversacional-y-networking,"https://prod-discovery.edx-cdn.org/cdn-cgi/image/width=auto,height=auto,quality=75,format=webp/media/course/image/9db66340-ca44-4ec7-8844-dc9cd51c3ceb-13957fe6ee41.jpeg",Cumple tu meta de aprender inglés básico para utilizarlo de forma estratégica en los negocios e incrementar tu éxito profesional.,4,,,5,8,1782,True,course-v1:AnahuacX+UAM.CP3.1x+1T2020
course-a7b81597-0819-4c7e-bb96-d3681c702b1a,a7b81597-0819-4c7e-bb96-d3681c702b1a,Financial Market Analysis,The International Monetary Fund,Course,Course,edX,Intermediate,Economics & Finance,English,Current,self_paced,Monetary Policies; Financial Analysis; Financial Market; Securities (Finance); Finance; Demonstration Skills; Market Analysis; Stock Markets; Financial Data Analysis; Macroeconomics,https://www.edx.org/learn/finance/the-international-monetary-fund-financial-market-analysis,"https://prod-discovery.edx-cdn.org/cdn-cgi/image/width=auto,height=auto,quality=75,format=webp/media/course/image/a7b81597-0819-4c7e-bb96-d3681c702b1a-40a4c9708cee.png",Learn the fundamentals of finance that are essential for both investors and policymakers.,7,,,5,6,1775,False,course-v1:IMFx+FMAx+1T2018
course-34ea79ed-b0c4-4a12-aeb6-64a5b507607a,34ea79ed-b0c4-4a12-aeb6-64a5b507607a,Machine Learning with Python: A Practical Introduction,IBM,Course,Course,edX,Introductory,Data Analysis & Statistics; Engineering; Computer Science,English,Current,self_paced,Unsupervised Learning; Machine Learning; Random Forest Algorithm; Python (Programming Language); Statistical Modeling; Algorithms,https://www.edx.org/learn/machine-learning/ibm-machine-learning-with-python-a-practical-introduction,"https://prod-discovery.edx-cdn.org/cdn-cgi/image/width=auto,height=auto,quality=75,format=webp/media/course/image/34ea79ed-b0c4-4a12-aeb6-64a5b507607a-6d1e5b2a57c3.png",Machine Learning can be an incredibly beneficial tool to uncover hidden insights and predict future trends. This Machine Learning with Python course will give you all the tools you need to get started with supervised and unsupervised learning.,5,,,4,6,1771,True,course-v1:IBM+ML0101EN+3T2018
course-d59b1a00-52a2-499a-b4b0-ade02e78c117,d59b1a00-52a2-499a-b4b0-ade02e78c117,Macroeconometric Forecasting,The International Monetary Fund,Course,Course,edX,Intermediate,Economics & Finance,English,Current,self_paced,Statistical Modeling; Forecasting; Policy Analysis; Economics; Macroeconomics; Demonstration Skills,https://www.edx.org/learn/macroeconometric-forecasting/the-international-monetary-fund-macroeconometric-forecasting,"https://prod-discovery.edx-cdn.org/cdn-cgi/image/width=auto,height=auto,quality=75,format=webp/media/course/image/d59b1a00-52a2-499a-b4b0-ade02e78c117-893262ddd011.jpg",Learn how to create and assess forecasting models to predict macroeconomic variables such as inflation and economic growth.,8,,,5,6,1769,False,course-v1:IMFx+MFx+2015T2
course-d32bba34-f516-4116-bf61-9c6b124c3e3c,d32bba34-f516-4116-bf61-9c6b124c3e3c,Pyramids of Giza: Ancient Egyptian Art and Archaeology,Harvard University,Course,Course,edX,Introductory,Art & Culture; History; Humanities,English,Current,self_paced,3D Modeling; Archaeology,https://www.edx.org/learn/archaeology/harvard-university-pyramids-of-giza-ancient-egyptian-art-and-archaeology,"https://prod-discovery.edx-cdn.org/cdn-cgi/image/width=auto,height=auto,quality=75,format=webp/media/course/image/d32bba34-f516-4116-bf61-9c6b124c3e3c-021bf104cfdd.jpg","Explore the archaeology, history, art, and hieroglyphs surrounding the famous Egyptian Pyramids at Giza. Learn about Old Kingdom pharaohs and elites, tombs, temples, the Sphinx, and how new technology is unlocking their secrets.",8,,,2,4,1704,False,course-v1:HarvardX+SW38+1T2019
course-1f714d8d-83f0-47ef-841c-168e95f2c81a,1f714d8d-83f0-47ef-841c-168e95f2c81a,Finance for Everyone: Smart Tools for Decision-Making,The University of Michigan,Course,Course,edX,Introductory,Business & Management; Economics & Finance,English,Current,self_paced,Financial Analysis; Budgeting; Decision Making; Time Value Of Money; Loans; Finance; Financial Literacy,https://www.edx.org/learn/financial-literacy/the-university-of-michigan-finance-for-everyone-smart-tools-for-decision-making,"https://prod-discovery.edx-cdn.org/cdn-cgi/image/width=auto,height=auto,quality=75,format=webp/media/course/image/1f714d8d-83f0-47ef-841c-168e95f2c81a-9392c93e5e09.jpg",In this introduction to finance course from Michigan learn to apply frameworks and smart tools for understanding and making everyday financial decisions.,6,,,5,6,1675,False,course-v1:MichiganX+FIN101x+1T2016
course-233b2762-7df1-4b48-9683-65eb145c2c2f,233b2762-7df1-4b48-9683-65eb145c2c2f,Biomedical Equipment: Repairing and Maintaining Biomedical Devices,Delft University of Technology,Course,Course,edX,Introductory,Engineering; Electronics; Medicine,English,Current,self_paced,Biology; Blueprinting; Troubleshooting (Problem Solving); Medical Devices; Interdisciplinary Collaboration; Process Flow Diagrams,https://www.edx.org/learn/biomedical-engineering/delft-university-of-technology-biomedical-equipment-repairing-and-maintaining-biomedical-devices,"https://prod-discovery.edx-cdn.org/cdn-cgi/image/width=auto,height=auto,quality=75,format=webp/media/course/image/233b2762-7df1-4b48-9683-65eb145c2c2f-50fde7d6f66e.jpeg",Understand the working of biomedical devices that are frequently used in a hospital setting. Develop the skills required to effectively maintain and troubleshoot hospital-based devices to increase their availability and usage in hospitals,10,,,4,6,1670,True,course-v1:DelftX+SGS1x+3T2021
course-aef2ea53-da46-4218-a23e-396993cfd06f,aef2ea53-da46-4218-a23e-396993cfd06f,Project Management Principles,"The University of Maryland, College Park",Course,Course,edX,Introductory,Business & Management; Engineering,English,Current,self_paced,Coordinating; Accounting; Agile Project Management; Management; Planning; Marketing; Agile Methodology; Project Management; Project Management Institute (PMI) Methodology; Project Management Professional Certification; Ability To Meet Deadlines; Communications,https://www.edx.org/learn/project-management/the-university-of-maryland-college-park-project-management-principles,"https://prod-discovery.edx-cdn.org/cdn-cgi/image/width=auto,height=auto,quality=75,format=webp/media/course/image/aef2ea53-da46-4218-a23e-396993cfd06f-5c7de5ffe854.png","Learn the project management principles, key methods, concepts, and roles in project management and gain a solid understanding of the methodologies behind predictive, agile and hybrid project management.",5,,,2,3,1663,True,course-v1:USMx+PMPREP01+1T2023
course-c2f0c9cd-6577-4f38-8a31-56c8dd1cf2a4,c2f0c9cd-6577-4f38-8a31-56c8dd1cf2a4,Nutrition and Health: Macronutrients and Overnutrition,Wageningen University & Research,Course,Course,edX,Introductory,Biology & Life Sciences; Food & Nutrition; Health & Safety,English,Current,self_paced,Written Composition; Cancer; Diabetes Mellitus; Malnutrition; Health Impact Assessments,https://www.edx.org/learn/nutrition/wageningen-university-research-nutrition-and-health-macronutrients-and-overnutrition,"https://prod-discovery.edx-cdn.org/cdn-cgi/image/width=auto,height=auto,quality=75,format=webp/media/course/image/c2f0c9cd-6577-4f38-8a31-56c8dd1cf2a4-23151fffb19b.jpg","Learn from the top professors of Wageningen University &amp; Research about macronutrients and overnutrition and how they impact humans. This online course is offered as a MOOC, and is part of the Professional Certificate Pogramme: Nutrition and Health.",9,,,6,8,1656,True,course-v1:WageningenX+NUTR101x+2T2015
course-37a24f56-f624-41f2-859f-fda43f451e54,37a24f56-f624-41f2-859f-fda43f451e54,"A-level Mathematics for Year 12 - Course 1: Algebraic Methods, Graphs and Applied Mathematics Methods",Imperial College London,Course,Course,edX,Intermediate,Math,English,Current,self_paced,Language Construct; Basic Math; Applied Mathematics,https://www.edx.org/learn/math/imperial-college-london-a-level-mathematics-for-year-12-course-1-algebraic-methods-graphs-and-applied-mathematics-methods,"https://prod-discovery.edx-cdn.org/cdn-cgi/image/width=auto,height=auto,quality=75,format=webp/media/course/image/37a24f56-f624-41f2-859f-fda43f451e54-33de81277ec9.jpg","Develop your thinking skills, fluency and confidence to aim for an A* in A-levelmaths and prepare for undergraduate STEM degrees.",7,,,2,4,1646,False,course-v1:ImperialX+alm001+3T2018
course-b3b88519-36a3-44cb-8e0c-25c92cd1c998,b3b88519-36a3-44cb-8e0c-25c92cd1c998,"Justice Today: Money, Markets, and Morals",Harvard University,Course,Course,edX,Introductory,Humanities,English,Current,self_paced,Money Market; Debating; Sales,https://www.edx.org/learn/justice/harvard-university-justice-today-money-markets-and-morals,"https://prod-discovery.edx-cdn.org/cdn-cgi/image/width=auto,height=auto,quality=75,format=webp/media/course/image/b3b88519-36a3-44cb-8e0c-25c92cd1c998-fdfee800f932.jpeg",Explore the ethical controversies of financial markets.,8,,,2,4,1642,False,course-v1:HarvardX+MMM+2T2020
course-6764478c-a96d-4e87-a6de-c1100af2ac70,6764478c-a96d-4e87-a6de-c1100af2ac70,Introduction to Astrophysics,École polytechnique fédérale de Lausanne,Course,Course,edX,Introductory,Physics; Science,English,Current,self_paced,Astrophysics; Forecasting,https://www.edx.org/learn/astrophysics/ecole-polytechnique-federale-de-lausanne-introduction-to-astrophysics,"https://prod-discovery.edx-cdn.org/cdn-cgi/image/width=auto,height=auto,quality=75,format=webp/media/course/image/6764478c-a96d-4e87-a6de-c1100af2ac70-97828fa82bea.jpg",Learn about the physical phenomena at play in astronomical objects and link theoretical predictions to observations.,7,,,3,4,1634,False,course-v1:EPFLx+PHYS-209-ENx+3T2016
course-66d85856-511a-43e8-98b8-3acc4da8d275,66d85856-511a-43e8-98b8-3acc4da8d275,Operations Management,Indian Institute of Management Bangalore,Course,Course,edX,Intermediate,Business & Management; Social Sciences; Data Analysis & Statistics,English,Current,self_paced,Operations Management; Quality Assurance; Supply Chain; Lean Manufacturing; Operations; Productivity Improvement; Business Operations,https://www.edx.org/learn/operations-management/indian-institute-of-management-bangalore-operations-management,"https://prod-discovery.edx-cdn.org/cdn-cgi/image/width=auto,height=auto,quality=75,format=webp/media/course/image/66d85856-511a-43e8-98b8-3acc4da8d275-d4d4749d1a88.jpg","Understand key aspects of business operations and lean management including capacity, productivity, quality, and supply chain.",7,,,2,4,1631,True,course-v1:IIMBx+OM101.1x+1T2016
course-16e7e19f-9036-4916-a1c8-2b799b502212,16e7e19f-9036-4916-a1c8-2b799b502212,Linear Algebra - Foundations to Frontiers,The University of Texas at Austin,Course,Course,edX,Intermediate,Computer Science; Math,English,Current,self_paced,Eigenvalues And Eigenvectors; Operations; Abstractions; Algebra; Systems Of Equations; Linear Algebra,https://www.edx.org/learn/linear-algebra/the-university-of-texas-at-austin-linear-algebra-foundations-to-frontiers,"https://prod-discovery.edx-cdn.org/cdn-cgi/image/width=auto,height=auto,quality=75,format=webp/media/course/image/16e7e19f-9036-4916-a1c8-2b799b502212-8f52e8838f53.jpg",Learn the mathematics behind linear algebra and link it to matrix software development.,15,,,6,10,1624,False,course-v1:UTAustinX+UT.5.05x+1T2017
course-ac2fbfb4-7f55-460b-904b-bd3fa815461a,ac2fbfb4-7f55-460b-904b-bd3fa815461a,The Einstein Revolution,Harvard University,Course,Course,edX,Introductory,Humanities; History; Science,English,Current,self_paced,Debating; Physics; Nuclear Weapons; Quantum Mechanics,https://www.edx.org/learn/humanities/harvard-university-the-einstein-revolution,"https://prod-discovery.edx-cdn.org/cdn-cgi/image/width=auto,height=auto,quality=75,format=webp/media/course/image/ac2fbfb4-7f55-460b-904b-bd3fa815461a-d08072574d1b.jpg","Traces Albert Einstein’s engagement with relativity, quantum mechanics, Nazism, nuclear weapons, philosophy, the arts, and technology.",14,,,2,3,1623,False,course-v1:HarvardX+EMC2x+2T2016
course-be4b8ec7-9777-4eda-8f3e-97bae5d907e7,be4b8ec7-9777-4eda-8f3e-97bae5d907e7,Public Speaking,Rochester Institute of Technology,Course,Course,edX,Introductory,Communication; Business & Management,English,Current,self_paced,Public Speaking; Communications,https://www.edx.org/learn/public-speaking/rochester-institute-of-technology-public-speaking,"https://prod-discovery.edx-cdn.org/cdn-cgi/image/width=auto,height=auto,quality=75,format=webp/media/course/image/be4b8ec7-9777-4eda-8f3e-97bae5d907e7-4eb0281574a8.jpeg",Build confidence as a speaker by learning how to use simple tools and skills to prepare and deliver memorable presentations.,3,,,4,6,1616,True,course-v1:RITx+COMM102+2T2020
course-b1bc85f5-6d1e-46a7-b738-bb47294aec42,b1bc85f5-6d1e-46a7-b738-bb47294aec42,Introduction to Clinical Psychology,The University of Queensland,Course,Course,edX,Introductory,Humanities; Biology & Life Sciences; Social Sciences,English,Current,self_paced,Clinical Psychology; Psychology; Mental Diseases; Schizophrenia,https://www.edx.org/learn/psychology/the-university-of-queensland-introduction-to-clinical-psychology,"https://prod-discovery.edx-cdn.org/cdn-cgi/image/width=auto,height=auto,quality=75,format=webp/media/course/image/b1bc85f5-6d1e-46a7-b738-bb47294aec42-1774318c9b45.jpg","Learn about the principles underlying psychological therapy and the features and treatment of common mental disorders, including anxiety, depression and schizophrenia.",7,,,1,2,1593,True,course-v1:UQx+PSYC1030.3x+4T2016
course-00a8431b-01a8-4f69-83b8-eab4785a71f8,00a8431b-01a8-4f69-83b8-eab4785a71f8,Linear Algebra I: Linear Equations,The Georgia Institute of Technology,Course,Course,edX,Intermediate,Math,English,Current; Upcoming,self_paced,Linear Algebra; Basic Math; Linear Equations; Algorithms,https://www.edx.org/learn/linear-algebra/the-georgia-institute-of-technology-linear-algebra-i-linear-equations,"https://prod-discovery.edx-cdn.org/cdn-cgi/image/width=auto,height=auto,quality=75,format=webp/media/course/image/00a8431b-01a8-4f69-83b8-eab4785a71f8-a4819326bac8.jpeg","This course takes you through the first three weeks of MATH 1554, Linear Algebra, as taught in the School of Mathematics at The Georgia Institute of Technology.",3,,,5,6,1589,True,course-v1:GTx+LINALGxI+2T2020
course-83544877-42ef-4f78-adc2-8c7fbd3cdd0f,83544877-42ef-4f78-adc2-8c7fbd3cdd0f,Excel: Fundamentos y herramientas,Universitat Politècnica de València,Course,Course,edX,Introductory,Computer Science,Spanish,Current,self_paced,Presentations; Microsoft Office; Operations; Microsoft Excel,https://www.edx.org/learn/excel/universitat-politecnica-de-valencia-excel-fundamentos-y-herramientas,"https://prod-discovery.edx-cdn.org/cdn-cgi/image/width=auto,height=auto,quality=75,format=webp/media/course/image/83544877-42ef-4f78-adc2-8c7fbd3cdd0f-b45d0f55a565.jpg","En este curso aprenderás las herramientas más habituales de Microsoft Excel, desde lo más básico a los gráficos, funciones y tablas de datos.",8,,,3,4,1579,True,course-v1:UPValenciaX+xls101x+1T2016
course-7de05759-c0aa-4b9f-a7e7-67e1ad83c0bd,7de05759-c0aa-4b9f-a7e7-67e1ad83c0bd,China Humanities: The Individual in Chinese Culture,Harvard University,Course,Course,edX,Introductory,Humanities; History; Art & Culture,English,Current,self_paced,,https://www.edx.org/learn/chinese-history/harvard-university-china-humanities-the-individual-in-chinese-culture,"https://prod-discovery.edx-cdn.org/cdn-cgi/image/width=auto,height=auto,quality=75,format=webp/media/course/image/7de05759-c0aa-4b9f-a7e7-67e1ad83c0bd-0b23827cb645.jpg","Explore Chinese history and culture from the perspective of the individual through philosophical texts, literary works, and art.",8,,,2,4,1577,False,course-v1:HarvardX+CHN12x+3T2017
course-068c7389-2eca-4592-a226-414a96f9aeb0,068c7389-2eca-4592-a226-414a96f9aeb0,Entropy and Equilibria,Harvard University,Course,Course,edX,Introductory,Chemistry,English,Current,self_paced,Thermodynamic Systems; Enthalpy; Thermodynamics; Influencing Skills; Chemistry,https://www.edx.org/learn/chemistry/harvard-university-entropy-and-equilibria,"https://prod-discovery.edx-cdn.org/cdn-cgi/image/width=auto,height=auto,quality=75,format=webp/media/course/image/068c7389-2eca-4592-a226-414a96f9aeb0-d215ae59a4fa.jpeg","Expand your learning of chemistry and thermodynamics by exploring entropy, free energy, and equilibrium.",10,,,4,8,1576,True,course-v1:HarvardX+PS11.1bX+3T2021
course-1fbc172c-10b4-4f15-aaa0-63c53fa7e4c2,1fbc172c-10b4-4f15-aaa0-63c53fa7e4c2,Computer Architecture Essentials on Arm,Arm Education,Course,Course,edX,Intermediate,Computer Science; Engineering; Electronics,English,Current,self_paced,,https://www.edx.org/learn/computer-architecture/arm-education-computer-architecture-essentials-on-arm,"https://prod-discovery.edx-cdn.org/cdn-cgi/image/width=auto,height=auto,quality=75,format=webp/media/course/image/1fbc172c-10b4-4f15-aaa0-63c53fa7e4c2-51c36ec0e135.jpeg",Arm’s 30-year-plus history of designing microprocessors helped fuel the technology revolutions of the modern world. This course will provide you with a fundamental understanding of the architecture of modern microprocessors - from pipelining and branching to cache memories and super-scalar processors. Our lab exercises will bring to life the theory discussed in the course through a range of simulation tools.,6,,,3,6,1574,False,course-v1:ArmEducationX+EDARMXCA.6x+3T2023
course-049b0ac9-f0af-4312-9a4c-6d470aceda43,049b0ac9-f0af-4312-9a4c-6d470aceda43,Fundamentals of Economics,"University of California, Berkeley",Course,Course,edX,Introductory,Economics & Finance; Computer Science,English,Current,self_paced,Python (Programming Language); Learning Platforms; Marketing; Data Science; Economics; Program Management,https://www.edx.org/learn/economics/university-of-california-berkeley-fundamentals-of-economics,"https://prod-discovery.edx-cdn.org/cdn-cgi/image/width=auto,height=auto,quality=75,format=webp/media/course/image/049b0ac9-f0af-4312-9a4c-6d470aceda43-fb0aca88fe9a.jpeg",Learn the basic concepts of economics through Data Science applications and Python programming. This is the first of a three course series.,4,,,5,10,1573,True,course-v1:BerkeleyX+Data88.1EX+3T2024
course-f4c7597d-6352-43e4-b1f8-c42a2bc546e1,f4c7597d-6352-43e4-b1f8-c42a2bc546e1,Introduction to Personal Financial Planning,Kelley Executive Education Programs,Course,Course,edX,Introductory,Economics & Finance,English,Current,self_paced,Financial Services; Money Management; Financial Literacy; Balance Sheet; Personal Finance; Planning; Income Statement; Budgeting; Financial Planning,https://www.edx.org/learn/personal-finance/indiana-university-introduction-to-personal-financial-planning,"https://prod-discovery.edx-cdn.org/cdn-cgi/image/width=auto,height=auto,quality=75,format=webp/media/course/image/f4c7597d-6352-43e4-b1f8-c42a2bc546e1-73a58679b212.jpeg","Understand how financial planning impacts your personal wealth over a lifetime. This course develops your ability to work with income statements, balance sheets, budgets, and taxes to achieve your financial goals.",4,,,4,6,1561,True,course-v1:IUx+MONEY1+1T2021
course-b6e1f23e-2793-49ae-9bb2-207b1af6cbba,b6e1f23e-2793-49ae-9bb2-207b1af6cbba,UX/UI Design Fundamentals,Institute of Product Leadership (IPL),Course,Course,edX,Introductory,Design; Business & Management; Computer Science,English,Current,self_paced,,https://www.edx.org/learn/design/institute-of-product-leadership-ipl-ux-ui-design-fundamentals,"https://prod-discovery.edx-cdn.org/cdn-cgi/image/width=auto,height=auto,quality=75,format=webp/media/course/image/b6e1f23e-2793-49ae-9bb2-207b1af6cbba-ee4e7113fbac.png",Design WOW Experiences &amp; Validate Products Faster with Visual Prototypes.,3,,,1,2,1540,False,course-v1:IPL+PL411+3T2024
course-7327b879-237f-4682-9e7e-6c458ef94bc9,7327b879-237f-4682-9e7e-6c458ef94bc9,Religious Literacy: Traditions and Scriptures.,Harvard University,Course,Course,edX,Introductory,Humanities; History,English,Current,self_paced,,https://www.edx.org/learn/religion/harvard-university-religious-literacy-traditions-and-scriptures,"https://prod-discovery.edx-cdn.org/cdn-cgi/image/width=auto,height=auto,quality=75,format=webp/media/course/image/7327b879-237f-4682-9e7e-6c458ef94bc9-f7e39c10c727.jpg",Learn how to better understand the rich and complex ways that religions function in historic and contemporary contexts.,4,,,5,10,1540,True,course-v1:HarvardX+HDS3221.1x+1T2016
course-1d8dc871-ee1b-40c2-8428-c725a96a809f,1d8dc871-ee1b-40c2-8428-c725a96a809f,Technical Support Basics for Everyone,IBM,Course,Course,edX,Introductory,Computer Science,English,Current,self_paced,Information Technology; Customer Service; Technical Support; Service-Level Agreement,https://www.edx.org/learn/technology/ibm-technical-support-basics-for-everyone,"https://prod-discovery.edx-cdn.org/cdn-cgi/image/width=auto,height=auto,quality=75,format=webp/media/course/image/1d8dc871-ee1b-40c2-8428-c725a96a809f-7267b8a4e922.png","Gain the daily work skills and knowledge you’ll need for IT Technical Support career success. This course, part of the IBM Technical Support Professional Certificate, is designed for beginners with no prior IT experience or formal degree.",5,,,9,12,1539,True,course-v1:IBM+CS0121EN+3T2022
course-fddede4b-e89b-44cf-9015-d9cb6a60e904,fddede4b-e89b-44cf-9015-d9cb6a60e904,Successful Negotiation: Essential Strategies and Skills,The University of Michigan,Course,Course,edX,Introductory,Business & Management; Communication,English,Current,self_paced,Negotiation Strategies; Decision Making; Negotiation; Contract Negotiation,https://www.edx.org/learn/negotiations/the-university-of-michigan-successful-negotiation-essential-strategies-and-skills,"https://prod-discovery.edx-cdn.org/cdn-cgi/image/width=auto,height=auto,quality=75,format=webp/media/course/image/fddede4b-e89b-44cf-9015-d9cb6a60e904-38aca38c742b.jpeg",Build negotiation skills and learn how to use and apply negotiation strategies to your life with the University of Michigan.,7,,,2,4,1535,False,course-v1:MichiganX+SN401x+1T2020
course-e08ab5d6-00e1-4cab-8e00-12d05299e906,e08ab5d6-00e1-4cab-8e00-12d05299e906,Introduction to Quantum Computing for Everyone,University of Chicago,Course,Course,edX,Introductory,Computer Science; Physics; Science,English,Current,self_paced,Linear Algebra; Quantum Computing; Quantum Physics; Elementary Algebra,https://www.edx.org/learn/quantum-computing/university-of-chicago-introduction-to-quantum-computing-for-everyone,"https://prod-discovery.edx-cdn.org/cdn-cgi/image/width=auto,height=auto,quality=75,format=webp/media/course/image/e08ab5d6-00e1-4cab-8e00-12d05299e906-80280658b9d3.jpeg","This first course in quantum computing is for novices and requires learners to have only basic algebra. It covers the future impacts of quantum computing, provides intuitive introductions of quantum physics phenomenon, and progresses from single operations to a complete algorithm.",5,,,3,5,1527,True,course-v1:UChicagoX+QUAN11000+1T2021
course-adbb5b20-6df0-426e-9e71-1c076796950b,adbb5b20-6df0-426e-9e71-1c076796950b,Ethical Hacking Essentials (EHE),EC-Council,Course,Course,edX,Intermediate,Computer Science,English,Current,self_paced,,https://www.edx.org/learn/information-security/ec-council-ethical-hacking-essentials-ehe,"https://prod-discovery.edx-cdn.org/cdn-cgi/image/width=auto,height=auto,quality=75,format=webp/media/course/image/adbb5b20-6df0-426e-9e71-1c076796950b-1ce691a5af85.jpeg",Ethical Hacking Essentials (EHE) is a first-of-its-kind MOOC certification that provides foundational knowledge and skills in ethical hacking with add-on labs for hands-on experience.,1,,,16,24,1527,True,course-v1:EC-Council+EHE-112-52+3T2022
course-9efb5a34-0460-4fb3-b08d-9b0f7392765c,9efb5a34-0460-4fb3-b08d-9b0f7392765c,Introducción a Linux,The Linux Foundation; Universitat Politècnica de València,Course,Course,edX,Introductory,Computer Science,Spanish,Current,self_paced,Android (Operating System); Red Hat Enterprise Linux; Command-Line Interface; Graphical User Interface; Operating Systems; Linux Distribution; Debian Linux; Supercomputing; Mainframe Computing; Operations; Linux,https://www.edx.org/learn/linux/the-linux-foundation-introduccion-a-linux,"https://prod-discovery.edx-cdn.org/cdn-cgi/image/width=auto,height=auto,quality=75,format=webp/media/course/image/9efb5a34-0460-4fb3-b08d-9b0f7392765c-05e3ede66f26.png","¿Nunca has aprendido Linux? ¿Quieres revisar? Desarrollar un buen conocimiento práctico de Linux, utilizando tanto la interfaz gráfica como la línea de comandos en las principales familias de distribuciones de Linux (Debian, RHEL, SUSE...).",14,,,5,7,1527,False,course-v1:LinuxFoundationX_UPValenciaX+LF-UPV-101x+1T2022
course-f42eda1b-aeb0-44a7-a764-07613af2a6a0,f42eda1b-aeb0-44a7-a764-07613af2a6a0,Empathy and Emotional Intelligence at Work,"University of California, Berkeley",Course,Course,edX,Introductory,Business & Management; Social Sciences,English,Current,self_paced,Program Management; Problem Solving; Leadership; Social Intelligence; Emotional Intelligence; Learning Platforms; Innovation; Compassion; Marketing; Psychology; Teamwork; Empathy,https://www.edx.org/learn/business-administration/university-of-california-berkeley-empathy-and-emotional-intelligence-at-work,"https://prod-discovery.edx-cdn.org/cdn-cgi/image/width=auto,height=auto,quality=75,format=webp/media/course/image/f42eda1b-aeb0-44a7-a764-07613af2a6a0-b8f734f8ee3c.jpg","Learn research-based skills to strengthen empathy and trust, improve collaboration, and create more innovative, productive, and satisfying experiences at work.",4,,,1,2,1522,True,course-v1:BerkeleyX+GG203x+3T2018
course-2b0876d4-a9e5-4aab-a4c5-bee3db4e8c86,2b0876d4-a9e5-4aab-a4c5-bee3db4e8c86,Building a RISC-V CPU Core,The Linux Foundation,Course,Course,edX,Intermediate,Computer Science; Engineering; Electronics,English,Current,self_paced,Digital Logic; Logic Synthesis; Microarchitecture; Reduced Instruction Set Computing; Integrated Development Environments; Verilog; Circuit Design; Open Source Development; Emerging Technologies,https://www.edx.org/learn/design/the-linux-foundation-building-a-risc-v-cpu-core,"https://prod-discovery.edx-cdn.org/cdn-cgi/image/width=auto,height=auto,quality=75,format=webp/media/course/image/2b0876d4-a9e5-4aab-a4c5-bee3db4e8c86-64f272b5a9a2.png","Create a RISC-V CPU with modern open source circuit design tools, methodologies, and microarchitecture, all from your browser.",7,,,1,2,1520,False,course-v1:LinuxFoundationX+LFD111x+1T2021
course-63607811-810c-40ef-9bb6-1ae6ecdeefb3,63607811-810c-40ef-9bb6-1ae6ecdeefb3,Free Cash Flow Analysis,Columbia University,Course,Course,edX,Introductory,Business & Management; Economics & Finance,English,Current,self_paced,Cash Flow Analysis; Corporate Finance; Valuation Using Multiples,https://www.edx.org/learn/cash-flow-analysis/columbia-university-free-cash-flow-analysis,"https://prod-discovery.edx-cdn.org/cdn-cgi/image/width=auto,height=auto,quality=75,format=webp/media/course/image/63607811-810c-40ef-9bb6-1ae6ecdeefb3-0f2b4f44aca3.jpg",Learn how to use the free cash flow method for firm valuation and how to compute and project free cash flows.,5,,,3,4,1518,True,course-v1:ColumbiaX+CORPFIN2x+2T2017
course-5099587a-6c94-4e2f-872c-66cecbfa8446,5099587a-6c94-4e2f-872c-66cecbfa8446,Foundations of Data Analytics,The Hong Kong University of Science and Technology,Course,Course,edX,Intermediate,Computer Science; Data Analysis & Statistics,English,Current,self_paced,Python (Programming Language); Data Security; Machine Learning; Data Integration; Data Analysis; Data Extraction; Data Processing; Data Cleansing; Big Data; Programming Tools,https://www.edx.org/learn/data-analysis/the-hong-kong-university-of-science-and-technology-foundations-of-data-analytics,"https://prod-discovery.edx-cdn.org/cdn-cgi/image/width=auto,height=auto,quality=75,format=webp/media/course/image/5099587a-6c94-4e2f-872c-66cecbfa8446-0fa550c3af43.jpeg",Learn the fundamental techniques for data analytics and to be prepared for learning and applying more advanced big data technologies.,8,,,6,10,1506,True,course-v1:HKUSTx+MSBD5001x+1T2022
course-79c6e4ae-800f-4bb8-b8a7-ff1babbfa24f,79c6e4ae-800f-4bb8-b8a7-ff1babbfa24f,AP® English Literature & Composition – Part 1: Stories,"University of California, Berkeley",Course,Course,edX,Introductory,Humanities; Literature,English,Current,self_paced,Writing; Creative Writing; Vocabulary,https://www.edx.org/learn/literature/university-of-california-berkeley-ap-r-english-literature-composition-part-1-stories,"https://prod-discovery.edx-cdn.org/cdn-cgi/image/width=auto,height=auto,quality=75,format=webp/media/course/image/79c6e4ae-800f-4bb8-b8a7-ff1babbfa24f-19286ab86e59.jpg",Enhance your ability to read and write about great literature in preparation for the AP® English Literature &amp; Composition exam.,7,,,4,5,1503,False,course-v1:BerkeleyX+ColWri11.1+3T2018
course-f33be2a5-322f-4b9c-9ac5-a89b43080427,f33be2a5-322f-4b9c-9ac5-a89b43080427,Data Engineering Basics for Everyone,IBM,Course,Course,edX,Introductory,Data Analysis & Statistics,English,Current,self_paced,Data Store; Big Data; Decision Making; Data Integration; Data Engineering; Data Warehousing; Data Lakes; IBM Cloud Computing; Reporting Tools; Workflow Management; Operations; Relational Databases; Business Intelligence; Data Analysis,https://www.edx.org/learn/data-engineering/ibm-data-engineering-basics-for-everyone,"https://prod-discovery.edx-cdn.org/cdn-cgi/image/width=auto,height=auto,quality=75,format=webp/media/course/image/f33be2a5-322f-4b9c-9ac5-a89b43080427-50e7d5598dac.jpeg","Learn about data engineering concepts, ecosystem, and lifecycle. Also learn about the systems, processes, and tools you need as a Data Engineer in order to gather, transform, load, process, query, and manage data so that it can be leveraged by data consumers for operations, and decision-making.",4,,,9,10,1495,True,course-v1:IBM+DB0100EN+1T2021
course-9725ea5c-f9bc-4482-a411-b9a2e463db13,9725ea5c-f9bc-4482-a411-b9a2e463db13,Cantonese Language and Culture for Beginners,The Hong Kong Polytechnic University,Course,Course,edX,Introductory,Language,English,Current,self_paced,Time Management; Cantonese Chinese; Mandarin Chinese,https://www.edx.org/learn/language/the-hong-kong-polytechnic-university-cantonese-language-and-culture-for-beginners,"https://prod-discovery.edx-cdn.org/cdn-cgi/image/width=auto,height=auto,quality=75,format=webp/media/course/image/9725ea5c-f9bc-4482-a411-b9a2e463db13-bd34c2c961c6.png","The course aims to enable students to master the sounds of Cantonese and conduct basic conservations in Cantonese. It is suitable for learners of the following 3 categories:
(1) People from Hong Kong who may be expatriates, international students, ethnic minorities;
(2) People from the Guangdong-Hong Kong-Macao Greater Bay Area (GBA) who may be expatriates;
(3) People from all over the world who may be heritage speakers of Cantonese, plan to study/work in Hong Kong/ the GBA, tourists… etc.
In fact, anyone who is interested in learning Cantonese are welcomed to join this course!",4,,,2,4,1493,False,course-v1:HKPolyUx+CLC01+1T2023
course-96c1e478-672e-4be9-b2e5-20a3d8c3a262,96c1e478-672e-4be9-b2e5-20a3d8c3a262,Islam Through Its Scriptures.,Harvard University,Course,Course,edX,Introductory,Humanities; History,English,Current,self_paced,Influencing Skills,https://www.edx.org/learn/islam/harvard-university-islam-through-its-scriptures,"https://prod-discovery.edx-cdn.org/cdn-cgi/image/width=auto,height=auto,quality=75,format=webp/media/course/image/96c1e478-672e-4be9-b2e5-20a3d8c3a262-08c0503a0cd6.jpg","Learn about the Quran, the central sacred text of Islam, through an exploration of the rich diversity of roles and interpretations in Muslim societies.",4,,,5,10,1487,True,course-v1:HarvardX+HDS3221.4x+2T2016
course-6e8a49e3-e74b-4a74-81b7-ebaf9c82c620,6e8a49e3-e74b-4a74-81b7-ebaf9c82c620,Derivatives Markets: Advanced Modeling and Strategies.,Massachusetts Institute of Technology,Course,Course,edX,Advanced,Economics & Finance; Data Analysis & Statistics,English,Current,self_paced,Chartered Financial Analyst; Capital Markets; Finance; Derivatives; Fixed Income; Planning; Hedge Funds; Credit Risk; Mortgage Loans; Commercial Banking; Futures Exchange; Portfolio Management; Futures; Financial Services; Hedging; Sales; Investment Banking; Derivatives Markets; Securitization; Commodity Market,https://www.edx.org/learn/finance/massachusetts-institute-of-technology-derivatives-markets-advanced-modeling-and-strategies,"https://prod-discovery.edx-cdn.org/cdn-cgi/image/width=auto,height=auto,quality=75,format=webp/media/course/image/6e8a49e3-e74b-4a74-81b7-ebaf9c82c620-e20771d7a2a2.jpeg","Financial derivatives are ubiquitous in global capital markets. Students will obtain a sophisticated understanding of valuation methods; tools for quantifying, hedging, and speculating on risk; and a basic familiarity with major markets and instruments.",12,,,10,14,1484,True,course-v1:MITx+15.435x+1T2021
course-c1d8759b-8830-4ff1-ad31-16583ef0aff9,c1d8759b-8830-4ff1-ad31-16583ef0aff9,European Paintings: From Leonardo to Rembrandt to Goya,Universidad Carlos III de Madrid,Course,Course,edX,Introductory,Humanities; Art & Culture; History,English,Current,self_paced,Painting,https://www.edx.org/learn/art/universidad-carlos-iii-de-madrid-european-paintings-from-leonardo-to-rembrandt-to-goya,"https://prod-discovery.edx-cdn.org/cdn-cgi/image/width=auto,height=auto,quality=75,format=webp/media/course/image/c1d8759b-8830-4ff1-ad31-16583ef0aff9-6838d4f0a789.jpg",Uncover the meaning behind the art of the great painters from 1400 to 1800.,7,,,2,3,1468,False,course-v1:UC3Mx+CEH.1-ENx+2T2015
course-c0c7a8f2-03aa-4e90-b825-9d580d5c8160,c0c7a8f2-03aa-4e90-b825-9d580d5c8160,Gestión de proyectos de desarrollo,Inter-American Development Bank,Course,Course,edX,Introductory,Business & Management,Spanish,Current,self_paced,Social Development,https://www.edx.org/learn/project-management/inter-american-development-bank-gestion-de-proyectos-de-desarrollo,"https://prod-discovery.edx-cdn.org/cdn-cgi/image/width=auto,height=auto,quality=75,format=webp/media/course/image/c0c7a8f2-03aa-4e90-b825-9d580d5c8160-f4f44f3c2e16.jpeg",Un curso desarrollado para aprender mejores prácticas de gestión de proyectos que promuevan el desarrollo económico y social en América Latina y el Caribe.,10,,,2,3,1465,True,course-v1:IDBx+IDB6x+2015_T2
course-59dd2022-3076-4677-ae8b-58b521077ca1,59dd2022-3076-4677-ae8b-58b521077ca1,C++ Programming: Basic Skills,Codio,Course,Course,edX,Introductory,Computer Science,English,Current,self_paced,Computer Science; C++ (Programming Language),https://www.edx.org/learn/c-programming/codio-c-programming-basic-skills,"https://prod-discovery.edx-cdn.org/cdn-cgi/image/width=auto,height=auto,quality=75,format=webp/media/course/image/59dd2022-3076-4677-ae8b-58b521077ca1-c9ad40423ed7.png","Code and run your first C++ program in minutes without installing anything!
This beginner-focused course will give you the basic skills needed to write a simple program in C++. Topics covered include variables, operators, loops, conditionals, and vectors.",5,,,2,3,1462,True,course-v1:Codio+cpp1.1+1T2022
course-95a3e201-e0dc-4602-99f7-3e061b71d672,95a3e201-e0dc-4602-99f7-3e061b71d672,Introduction to Aerospace Structures and Materials,Delft University of Technology,Course,Course,edX,Introductory,Engineering; Physics; Design,English,Current,self_paced,Experimentation; Spacecraft; Material Design,https://www.edx.org/learn/aeronautical-engineering/delft-university-of-technology-introduction-to-aerospace-structures-and-materials,"https://prod-discovery.edx-cdn.org/cdn-cgi/image/width=auto,height=auto,quality=75,format=webp/media/course/image/95a3e201-e0dc-4602-99f7-3e061b71d672-9be4eca9b29a.jpg",Explore the structural and material design of aircraft and spacecraft from the viewpoint of an aerospace engineer.,8,,,6,8,1451,True,course-v1:DelftX+AEASM1x+2T2018
course-d9a36013-a7f0-446b-9be0-39ac52c45570,d9a36013-a7f0-446b-9be0-39ac52c45570,"Financial Programming and Policies, Part 1: Macroeconomic Accounts & Analysis",The International Monetary Fund,Course,Course,edX,Intermediate,Economics & Finance,English,Current,self_paced,Economic Policy; Economics; Capacity Development,https://www.edx.org/learn/finance/the-international-monetary-fund-financial-programming-and-policies-part-1-macroeconomic-accounts-analysis,"https://prod-discovery.edx-cdn.org/cdn-cgi/image/width=auto,height=auto,quality=75,format=webp/media/course/image/d9a36013-a7f0-446b-9be0-39ac52c45570-34fc3af32ed7.jpg","A course on the macroeconomic accounts, their interrelationships, and the analysis of economic developments.",6,,,5,6,1449,False,IMFx/FPP.1x/1T2014
course-28ae36f9-40f5-4049-8fca-a93b5c486e81,28ae36f9-40f5-4049-8fca-a93b5c486e81,MATLAB Essentials,MathWorks,Course,Course,edX,Introductory,Engineering; Data Analysis & Statistics; Science,English,Current,self_paced,Suspension (Vehicle); Algorithms; Signal Processing; MATLAB; Computing Platforms; Visual Workplaces; Control Systems; Data Visualization; Transferable Skills Analysis; Animations; Templates; Auditing; Data Analysis; Image Processing; Computer Control Systems; Communications; Machine Learning; Deep Learning; Autonomous Vehicles,https://www.edx.org/learn/matlab/mathworks-matlab-essentials,"https://prod-discovery.edx-cdn.org/cdn-cgi/image/width=auto,height=auto,quality=75,format=webp/media/course/image/28ae36f9-40f5-4049-8fca-a93b5c486e81-8b582fcc905c.jpeg","Master the essentials of data visualization, data analysis, programming, and app design interactively with MATLAB.",4,,,4,7,1449,False,course-v1:MathWorks+intro_matlab+2T2021
course-07d627b5-78e6-40f9-b2e9-d810f71b1727,07d627b5-78e6-40f9-b2e9-d810f71b1727,Finding Purpose Across Your Life,"University of California, Berkeley",Course,Course,edX,Introductory,Social Sciences; Education & Teacher Training,English,Current,self_paced,Mental Health; Creativity; Program Management; Design Thinking; Marketing; Presentations; Learning Platforms; Research; Psychology,https://www.edx.org/learn/health-wellness/university-of-california-berkeley-finding-purpose-across-your-lifespan,"https://prod-discovery.edx-cdn.org/cdn-cgi/image/width=auto,height=auto,quality=75,format=webp/media/course/image/07d627b5-78e6-40f9-b2e9-d810f71b1727-e408ee7ca293.jpeg","Learn research-based techniques to hone your sense of purpose throughout life’s challenges and transitions. Leading scientists and educators will inspire you to connect with what brings meaning to your life and give you practical strategies to find or rediscover it, no matter what stage of life you’re in.",6,,,1,2,1420,False,course-v1:BerkeleyX+GG103x+1T2024
course-9c47939a-dab7-4208-84d4-defd8626741c,9c47939a-dab7-4208-84d4-defd8626741c,"Algorithms: Design and Analysis, Part 1",Stanford University,Course,Course,edX,Intermediate,Computer Science; Engineering,English,Current,self_paced,Divide And Conquer; Data Structures; Master Theorem; Computer Science; Bloom Filter; Algorithms; Matrix Multiplication,https://www.edx.org/learn/algorithms/stanford-university-algorithms-design-and-analysis-part-1,"https://prod-discovery.edx-cdn.org/cdn-cgi/image/width=auto,height=auto,quality=75,format=webp/media/course/image/9c47939a-dab7-4208-84d4-defd8626741c-89b4f5786859.jpeg","Welcome to the self paced course, Algorithms: Design and Analysis! Algorithms are the heart of computer science, and the subject has countless practical applications as well as intellectual depth. This specialization is an introduction to algorithms for learners with at least a little programming experience.",6,,,2,4,1410,False,course-v1:StanfordOnline+CSX0003+1T2020
course-3a287fad-9544-46ea-bc6a-85863940a402,3a287fad-9544-46ea-bc6a-85863940a402,Compilers,Stanford University,Course,Course,edX,Introductory,Computer Science,English,Current,self_paced,Compilers; Lexical Analysis; Parsing; C++ (Programming Language); Object-Oriented Programming (OOP); Runtime Systems; Semantics; Syntax; Program Optimization; Code Generation,https://www.edx.org/learn/computer-science/stanford-university-compilers,"https://prod-discovery.edx-cdn.org/cdn-cgi/image/width=auto,height=auto,quality=75,format=webp/media/course/image/3a287fad-9544-46ea-bc6a-85863940a402-98b9d78d8cba.jpeg","This self-paced course will discuss the major ideas used today in the implementation of programming language compilers, including lexical analysis, parsing, syntax-directed translation, abstract syntax trees, types and type checking, intermediate languages, dataflow analysis, program optimization, code generation, and runtime systems. As a result, you will learn how a program written in a high-level language designed for humans is systematically translated into a program written in low-level assembly more suited to machines. Along the way we will also touch on how programming languages are designed, programming language semantics, and why there are so many different kinds of programming languages.",10,,,5,10,1410,False,course-v1:StanfordOnline+SOE.YCSCS1+1T2020
course-9f624cf0-74f5-4293-bbb0-95a41e5543ac,9f624cf0-74f5-4293-bbb0-95a41e5543ac,Essential Career Skills for Investment Banking and Finance,New York Institute of Finance,Course,Course,edX,Introductory,Business & Management; Economics & Finance,English,Current,self_paced,Finance; Basic Math; Financial Services; Business Economics; Financial Literacy; Investment Banking,https://www.edx.org/learn/investment-banking/new-york-institute-of-finance-essential-career-skills-for-investment-banking-and-finance,"https://prod-discovery.edx-cdn.org/cdn-cgi/image/width=auto,height=auto,quality=75,format=webp/media/course/image/9f624cf0-74f5-4293-bbb0-95a41e5543ac-94daffb91ddd.jpg",Accelerate your financial fluency and fool-proof your career in Investment Banking and Finance.,2,,,3,4,1409,True,course-v1:NYIF+ECS-IBFx+2T2019a
course-4a7e6a29-8141-4395-947d-96bc91db48f7,4a7e6a29-8141-4395-947d-96bc91db48f7,Mandarin Chinese Essentials,MandarinX,Course,Course,edX,Introductory,Language; Business & Management; Art & Culture,English,Current,self_paced,Communications; Mandarin Chinese; Pronunciation; Grammar,https://www.edx.org/learn/mandarin-chinese/mandarinx-mandarin-chinese-essentials,"https://prod-discovery.edx-cdn.org/cdn-cgi/image/width=auto,height=auto,quality=75,format=webp/media/course/image/4a7e6a29-8141-4395-947d-96bc91db48f7-6ed7322b16cd.jpg","This course is your first crucial step to learning Mandarin Chinese. Learn essential skills for communicating in Chineseincluding tones, pinyin, grammar, characters, and basic structures all within the context of a business environment.",5,,,4,10,1407,True,course-v1:MandarinX+MX501x+2T2018
course-fc0d189b-5953-47dc-8d8a-d95a1c34f18d,fc0d189b-5953-47dc-8d8a-d95a1c34f18d,Financial Accounting Fundamentals,The London School of Economics and Political Science,Course,Course,edX,Introductory,Economics & Finance,English,Current,self_paced,Management Accounting; Financial Accounting; Economics; Accounting Information Systems; Financial Statements; Management; Political Sciences; Accounting; Financial Analysis; Accruals; Decision Making,https://www.edx.org/learn/economics-finance/the-london-school-of-economics-and-political-science-accounting-fundamentals,"https://prod-discovery.edx-cdn.org/cdn-cgi/image/width=auto,height=auto,quality=75,format=webp/media/course/image/fc0d189b-5953-47dc-8d8a-d95a1c34f18d-5ae862aff7c4.jpeg","Learn about the fundamentals of financial accounting, including the construction of financial statements, the accruals concept, and the value of accounting information for decision-making.",4,,,2,4,1403,False,course-v1:LSE+LSEFIM01+2T2025
course-df2fb6c7-d3dd-48f5-9756-d44429353409,df2fb6c7-d3dd-48f5-9756-d44429353409,Advanced Corporate Strategy,Indian Institute of Management Bangalore,Course,Course,edX,Advanced,Business & Management,English,Current,self_paced,Corporate Strategy; Strategic Management,https://www.edx.org/learn/business-strategy/indian-institute-of-management-bangalore-advanced-corporate-strategy,"https://prod-discovery.edx-cdn.org/cdn-cgi/image/width=auto,height=auto,quality=75,format=webp/media/course/image/df2fb6c7-d3dd-48f5-9756-d44429353409-12d2c182b19a.jpg",Learn how to manage a multi-business firm using tools and frameworks of corporate strategy,5,,,3,4,1393,False,course-v1:IIMBx+ST104x+2T2019
course-d559b20d-3f40-4a62-81c9-64dad100b083,d559b20d-3f40-4a62-81c9-64dad100b083,Reconciliation Through Indigenous Education,University of British Columbia,Course,Course,edX,Intermediate,Education & Teacher Training,English,Current,instructor_paced,Teaching; Reconciliation; Cultural Responsiveness; Empathy,https://www.edx.org/learn/education/university-of-british-columbia-reconciliation-through-indigenous-education,"https://prod-discovery.edx-cdn.org/cdn-cgi/image/width=auto,height=auto,quality=75,format=webp/media/course/image/d559b20d-3f40-4a62-81c9-64dad100b083-e5a28b0017d8.png","Advancing reconciliation in classrooms, organizations, and communities through the teaching and learning of Indigenous ways of knowing.",6,,,2,4,1391,False,course-v1:UBCx+IndEdu200x+3T2015
course-895afa12-6162-420d-a522-9945ddf29011,895afa12-6162-420d-a522-9945ddf29011,How to Code: Simple Data,University of British Columbia,Course,Course,edX,Introductory,Computer Science,English,Current,self_paced,Creativity; Program Design Languages; Computer Science; Software Development,https://www.edx.org/learn/coding/university-of-british-columbia-how-to-code-simple-data,"https://prod-discovery.edx-cdn.org/cdn-cgi/image/width=auto,height=auto,quality=75,format=webp/media/course/image/895afa12-6162-420d-a522-9945ddf29011-fb7c4a5e516a.jpg","Learn the secret to writing well-tested and easy to improve programs, that will set you up to master any programming language",7,,,2,3,1390,True,course-v1:UBCx+SPD2x+2T2015
course-df430763-6267-4c2c-9bd0-9865c709944c,df430763-6267-4c2c-9bd0-9865c709944c,18th-Century Opera: Handel & Mozart,Harvard University,Course,Course,edX,Introductory,Music; Art & Culture; History,English,Current,self_paced,,https://www.edx.org/learn/music-theory/harvard-university-18th-century-opera-handel-mozart,"https://prod-discovery.edx-cdn.org/cdn-cgi/image/width=auto,height=auto,quality=75,format=webp/media/course/image/df430763-6267-4c2c-9bd0-9865c709944c-0ca738bf6348.jpg",Study Baroque and Classical opera through Handel’s Giulio Cesare and Mozart’s Don Giovanni,5,,,3,4,1379,False,course-v1:HarvardX+MUS24.6x+2T2018
course-55293cc5-88b3-43f4-b2a4-5647d013de60,55293cc5-88b3-43f4-b2a4-5647d013de60,Essential Human Biology: Cells and Tissues,Adelaide University,Course,Course,edX,Introductory,Medicine; Biology & Life Sciences; Science,English,Current,self_paced,Human Biology; Physiology; Health Sciences; Animations; Planning; Anatomy; Biology,https://www.edx.org/learn/human-biology/university-of-adelaide-essential-human-biology-cells-and-tissues,"https://prod-discovery.edx-cdn.org/cdn-cgi/image/width=auto,height=auto,quality=75,format=webp/media/course/image/55293cc5-88b3-43f4-b2a4-5647d013de60-576f39ede671.jpeg","In this human biology short course, you’ll gain an introduction to the human body's most fundamental building blocks – cells and tissues – and their behaviours in health and disease.",5,,,2,3,1377,False,AdelaideX/HumBio101x/1T2015
course-2a1d79b3-2c14-4a89-9e19-6e020fdd78af,2a1d79b3-2c14-4a89-9e19-6e020fdd78af,Introduction to Pharmacology,Doane University,Course,Course,edX,Introductory,Medicine; Chemistry; Health & Safety,English,Current,self_paced,Auditing; Pharmacokinetics; Pharmaceuticals,https://www.edx.org/learn/medicine/doane-university-introduction-to-pharmacology,"https://prod-discovery.edx-cdn.org/cdn-cgi/image/width=auto,height=auto,quality=75,format=webp/media/course/image/2a1d79b3-2c14-4a89-9e19-6e020fdd78af-a37212a3d460.jpeg","This pharmacology course will explore the mechanism of action of pharmaceutical drugs on a molecular level.
This course is eligible for Audit and Verified Certificate only.",8,,,10,12,1372,False,course-v1:DoaneX+CHEM-260x+3T2020
course-dcf8af73-467a-4e19-ae8c-b9a0a72e9f39,dcf8af73-467a-4e19-ae8c-b9a0a72e9f39,Public Financial Management,The International Monetary Fund,Course,Course,edX,Intermediate,Economics & Finance,English,Current,self_paced,Economic Development; Economic Growth; Sustainable Development; Accountability; Budget Cycle; Budget Management; Finance; Public Financial Management; Budgeting,https://www.edx.org/learn/financial-management/the-international-monetary-fund-public-financial-management,"https://prod-discovery.edx-cdn.org/cdn-cgi/image/width=auto,height=auto,quality=75,format=webp/media/course/image/dcf8af73-467a-4e19-ae8c-b9a0a72e9f39-82fd801c4c60.jpg",What is the government budget cycle? How should governments prepare policy-oriented budgets? How to hold governments accountable? Learn from an IMF team who advises on budget management and hear testimonies from ministers of finance and civil society.,8,,,4,5,1350,False,course-v1:IMFx+PFMx+3T2016
course-6e203b84-6858-4a91-8df9-0e28e6fd1d9a,6e203b84-6858-4a91-8df9-0e28e6fd1d9a,e-Learning on Digital Agriculture,World Bank Group,Course,Course,edX,Introductory,Environmental Studies,English,Current,self_paced,Communications; Technology Ecosystems; Resilience; Operations; Solar Application; Agriculture,https://www.edx.org/learn/agriculture/world-bank-group-e-learning-on-digital-agriculture,"https://prod-discovery.edx-cdn.org/cdn-cgi/image/width=auto,height=auto,quality=75,format=webp/media/course/image/6e203b84-6858-4a91-8df9-0e28e6fd1d9a-ffc40c851fd0.jpeg","Agriculture is no exception to digital revolution, going beyond a simple adoption of Information and Communication Technologies (ICTs). According to ICRISAT, digital agriculture is defined as “ICT and data ecosystems to support the development and delivery of timely, targeted information and services to make farming profitable and sustainable while delivering safe nutritious and affordable food for all.”",5,,,2,3,1350,False,course-v1:WBGx+DAT2001x+1T2020
course-707498ca-10bc-4519-9ef9-606e68ab9b3d,707498ca-10bc-4519-9ef9-606e68ab9b3d,AI for Marketing Strategy and Creativity,Davidson College; Universidad Galileo,Course,Course,edX,Introductory,Business & Management; Computer Science; Data Analysis & Statistics,English,Current,self_paced,Social Media; Market Segmentation; Boosting; Creativity; Competitive Analysis; Digital Marketing; Landing Page Optimization; Marketing Strategies; Artificial Intelligence; Automation,https://www.edx.org/learn/business-management/davidson-and-galileo-ai-for-marketing-strategy-and-creativity,"https://prod-discovery.edx-cdn.org/cdn-cgi/image/width=auto,height=auto,quality=75,format=webp/media/course/image/707498ca-10bc-4519-9ef9-606e68ab9b3d-0523943cbc3f.jpeg","This course isn’t just theory; it’s your passport to practical mastery. Explore AI’s impact on marketing strategy, customer insights, automation, creativity, and social media. Ideal for professionals seeking in-demand skills",3,,,3,5,1343,True,course-v1:Davidson_Galileo+AIMark_03+2T2024
course-5a1b1afc-ca22-44a8-be26-e4f5dac3286e,5a1b1afc-ca22-44a8-be26-e4f5dac3286e,Strategic Management,Indian Institute of Management Bangalore,Course,Course,edX,Introductory,Business & Management,English,Current,self_paced,Business Strategies; Management; Strategic Management,https://www.edx.org/learn/strategic-management/indian-institute-of-management-bangalore-strategic-management,"https://prod-discovery.edx-cdn.org/cdn-cgi/image/width=auto,height=auto,quality=75,format=webp/media/course/image/5a1b1afc-ca22-44a8-be26-e4f5dac3286e-06aed11ea6b1.jpg","Learn how a manager or CEO develops a business strategy, including analyzing the market and creating competitive advantage.",5,,,3,5,1334,True,course-v1:IIMBx+ST101x+3T2016
course-166f77be-bfaa-4fdd-b804-23cc61a3ab85,166f77be-bfaa-4fdd-b804-23cc61a3ab85,China’s Political and Intellectual Foundations: From Sage Kings to Confucius,Harvard University,Course,Course,edX,Introductory,History; Humanities,English,Current,self_paced,Physical Geography; Archaeology; Geography,https://www.edx.org/learn/chinese-history/harvard-university-chinas-political-and-intellectual-foundations-from-sage-kings-to-confucius,"https://prod-discovery.edx-cdn.org/cdn-cgi/image/width=auto,height=auto,quality=75,format=webp/media/course/image/166f77be-bfaa-4fdd-b804-23cc61a3ab85-528e7b1ea85f.jpg","Learn about China’s origins, its integral early thinkers, and competing states and schools of thought.",12,,,1,3,1332,True,course-v1:HarvardX+SW12.1x+2015
course-a3f40d71-9a62-489a-8221-d43d6506a232,a3f40d71-9a62-489a-8221-d43d6506a232,Basic Spanish 2: One Step Further,Universitat Politècnica de València,Course,Course,edX,Introductory,Language; Art & Culture,English,Current,self_paced,Pronunciation; Grammar; Communications; Spanish Language; Vocabulary,https://www.edx.org/learn/spanish/universitat-politecnica-de-valencia-basic-spanish-2-one-step-further,"https://prod-discovery.edx-cdn.org/cdn-cgi/image/width=auto,height=auto,quality=75,format=webp/media/course/image/a3f40d71-9a62-489a-8221-d43d6506a232-f8bf497ce6d0.jpg","Beginners course for learners of Spanish that focuses not only on language, but also on cultural aspects, specifically designed for English speakers.",4,,,4,5,1329,True,course-v1:UPValenciaX+BSP102x+2T2017
course-81cfc304-0eed-4779-9de8-41c79504e456,81cfc304-0eed-4779-9de8-41c79504e456,Six Sigma Part 1: Define and Measure,Technical University of Munich,Course,Course,edX,Introductory,Business & Management; Data Analysis & Statistics; Engineering,English,Current,self_paced,Define Measure Analyze Improve And Control (DMAIC); Six Sigma Yellow Belt; Quality Management; Quality Improvement; Six Sigma Methodology; Lean Six Sigma Green Belt; Lean Manufacturing; Six Sigma Green Belt Certification; Lean Six Sigma; Process Improvement,https://www.edx.org/learn/six-sigma/technische-universitat-munchen-six-sigma-define-and-measure,"https://prod-discovery.edx-cdn.org/cdn-cgi/image/width=auto,height=auto,quality=75,format=webp/media/course/image/81cfc304-0eed-4779-9de8-41c79504e456-23b25ba78a5c.jpg","An introduction to the Six Sigma methodology and the DMAIC cycle for process improvement with a focus on the Define and Measure phases, including basic statistics for understanding sampling plans and calculating process capability.",8,,,3,4,1327,True,course-v1:TUMx+QPLS1x+2T2017
course-0f518c19-cc94-44f3-a863-f023768a6b3e,0f518c19-cc94-44f3-a863-f023768a6b3e,Smart Cities for Sustainable Development,World Bank Group,Course,Course,edX,Introductory,Environmental Studies,English,Current,self_paced,Management; Resilience; Environmental Degradation; Digital Twin; Sustainability; Agile Methodology; Internet Of Things (IoT); Integration; Accountability; Service Delivery Improvement; Urban Planning; Artificial Intelligence; Economic Development; Sustainable Development; Innovation; Big Data,https://www.edx.org/learn/sustainable-development/world-bank-group-smart-cities-for-sustainable-development,"https://prod-discovery.edx-cdn.org/cdn-cgi/image/width=auto,height=auto,quality=75,format=webp/media/course/image/0f518c19-cc94-44f3-a863-f023768a6b3e-439b71fd6867.jpeg","This course is based on the World Bank’s “ Smart Cities for Sustainable Development ”. The course is structured around four thematic areas to which smart cities can contribute: Green, Smart, Development, and Vision. Four weeks study will introduce various perspectives and cases of how smart cities have used data, technologies to become efficient, innovative, inclusive, and resilient. Together with the audience, the event will explore how smart city development and innovation.",4,,,2,3,1327,False,course-v1:WBGx+SSD01x+2T2021
course-e9477e3e-4bc7-458a-b239-0deaa6bdb986,e9477e3e-4bc7-458a-b239-0deaa6bdb986,Positive Psychology,American Psychological Association,Course,Course,edX,Introductory,Social Sciences,English,Current,self_paced,Psychology; Influencing Skills; Creativity; Optimism; Research; Scientific Studies,https://www.edx.org/learn/psychology/american-psychological-association-positive-psychology,"https://prod-discovery.edx-cdn.org/cdn-cgi/image/width=auto,height=auto,quality=75,format=webp/media/course/image/e9477e3e-4bc7-458a-b239-0deaa6bdb986-80e58c72a4c1.jpeg","In this course you will learn about positive psychology, the scientific study of how psychological states, such as happiness, and character strengths, such as optimism and gratitude, contribute to well-being. You will learn about research on ways you can thrive and flourish personally and professionally. Upon completing this course, you will understand the important roles that positive emotions, relationships, and meaning play in happiness, life satisfaction, and mental health.",8,,,2,5,1313,True,course-v1:APA+POS-PSY+1T2023
course-f6440610-c294-4071-b0fa-dad688ad5b0a,f6440610-c294-4071-b0fa-dad688ad5b0a,International Human Rights Law,Université catholique de Louvain,Course,Course,edX,Advanced,Law,English,Current,self_paced,Grammar; Cooperation; Corporate Laws; Influencing Skills; International Relations; Municipal Law; Economics; Labor Law; Social Movements; International Laws; Family Law; Criminal Law,https://www.edx.org/learn/human-rights/universite-catholique-de-louvain-international-human-rights-law,"https://prod-discovery.edx-cdn.org/cdn-cgi/image/width=auto,height=auto,quality=75,format=webp/media/course/image/f6440610-c294-4071-b0fa-dad688ad5b0a-d18719f8f7be.jpg",Learn how an individual’s human rights are protected from both public and private power by international laws.,12,,,6,8,1312,True,course-v1:LouvainX+Louv2x+1T2016
course-0519bd05-2fe5-4f93-946b-76b83d112502,0519bd05-2fe5-4f93-946b-76b83d112502,Introduction to Marketing,The University of Edinburgh,Course,Course,edX,Introductory,Business & Management,English,Current,self_paced,Branding; Value Propositions; Creative Thinking; Communications; Marketing; Digital Marketing,https://www.edx.org/learn/marketing/the-university-of-edinburgh-introduction-to-marketing,"https://prod-discovery.edx-cdn.org/cdn-cgi/image/width=auto,height=auto,quality=75,format=webp/media/course/image/0519bd05-2fe5-4f93-946b-76b83d112502-53bf427d98c7.jpeg",An introduction to the role of marketing in a competitive marketplace.,6,,,2,3,1311,True,course-v1:EdinburghX+MKTG101x+2T2016
course-15923a19-7f31-4767-a7a0-73da8886f7b8,15923a19-7f31-4767-a7a0-73da8886f7b8,Introduction to FinTech,The University of Hong Kong,Course,Course,edX,Introductory,Economics & Finance; Law; Business & Management,English,Current,self_paced,Emerging Technologies; Finance; Swimming Pool Maintenance; Infrastructure; Customer Data Management; Blockchain; Artificial Intelligence; Big Data; Financial Technology (FinTech),https://www.edx.org/learn/fintech/university-of-hong-kong-introduction-to-fintech,"https://prod-discovery.edx-cdn.org/cdn-cgi/image/width=auto,height=auto,quality=75,format=webp/media/course/image/15923a19-7f31-4767-a7a0-73da8886f7b8-be5909a46055.jpg","Learn from leading academics and practitioners from around the world about the innovations, technology and regulation driving the transformation of finance.",6,,,1,3,1306,True,course-v1:HKUx+HKU_08x+2T2019
course-f15cd6dd-c9fc-4d73-8da8-83cc8f4c94bd,f15cd6dd-c9fc-4d73-8da8-83cc8f4c94bd,Prompt Engineering for ChatGPT,Davidson College,Course,Course,edX,Introductory,Computer Science; Business & Management; Art & Culture,English,Current,self_paced,Content Creation; Data Analysis; Reference Cards; Workflow Management; Curiosity; Communications; Innovation; Decision Making; Artificial Intelligence,https://www.edx.org/learn/artificial-intelligence/davidson-college-ai-prompt-engineering-for-beginners,"https://prod-discovery.edx-cdn.org/cdn-cgi/image/width=auto,height=auto,quality=75,format=webp/media/course/image/f15cd6dd-c9fc-4d73-8da8-83cc8f4c94bd-3fa2226a8b0c.png","Unlock the Future of Work with AI. Learn how to communicate effectively with ChatGPT and harness its full potential to transform your workflow. Whether you're creating content, analyzing data, or brainstorming innovative ideas, this course equips you with essential skills to master prompt engineering, enabling you to achieve faster, smarter, and more creative outcomes. Empower your career and embrace the AI revolution—start today.",5,,,1,4,1305,True,course-v1:DavidsonX+aiprompt+3T2023
course-0af1e674-790b-4aa6-89dc-80adbd89d479,0af1e674-790b-4aa6-89dc-80adbd89d479,Developing Front End Apps with React,IBM,Course,Course,edX,Intermediate,Computer Science,English,Current,self_paced,Full Stack Development; JavaScript (Programming Language); React.js; Front End (Software Engineering); Cascading Style Sheets (CSS); User Interface; Git (Version Control System); HyperText Markup Language (HTML),https://www.edx.org/learn/react-native/ibm-developing-front-end-apps-with-react,"https://prod-discovery.edx-cdn.org/cdn-cgi/image/width=auto,height=auto,quality=75,format=webp/media/course/image/0af1e674-790b-4aa6-89dc-80adbd89d479-f877a35880a3.jpeg","Gain job-ready front-end skills with React, developers' top choice for client-side programming.",4,,,2,3,1297,True,course-v1:IBM+CAD0210EN+3T2022
course-b8b60043-21e0-48af-b89d-a548653ffeb0,b8b60043-21e0-48af-b89d-a548653ffeb0,Introduction to AI & Machine Learning in Healthcare,MGH Institute of Health Professions,Course,Course,edX,Introductory,Data Analysis & Statistics; Medicine; Health & Safety,English,Current,self_paced,,https://www.edx.org/learn/data-analysis-statistics/mgh-institute-of-health-professions-introduction-to-ai-machine-learning-in-healthcare,"https://prod-discovery.edx-cdn.org/cdn-cgi/image/width=auto,height=auto,quality=75,format=webp/media/course/image/b8b60043-21e0-48af-b89d-a548653ffeb0-12dbcbf671b6.jpeg","In this introductory course, you'll explore how Artificial Intelligence (AI) and Machine Learning (ML) are transforming healthcare. You'll build a solid foundation in AI and ML fundamentals, learning how these technologies can enhance both clinical and operational decision-making. The course will introduce you to key AI and ML principles such as using data to train, validate, and test machine learning models. Additionally, you’ll delve into important ethical and privacy concerns, applying these concepts to real-world healthcare scenarios.",10,,,1,2,1292,True,course-v1:MGH_Institute+DA-801+3T2024
course-cb94088e-af92-4043-8aa1-a333e686662c,cb94088e-af92-4043-8aa1-a333e686662c,Financial accounting and capital markets,University of Cambridge,Course,Course,edX,Intermediate,Economics & Finance; Business & Management; Data Analysis & Statistics,English,Current,self_paced,Financial Modeling; Strategic Decision-Making; Share Capital; Capital Markets; Accruals; Accounting; Depreciation; Financial Market; Loans; Financial Accounting; Financial Statements; Cash Flows,https://www.edx.org/learn/financial-accounting/university-of-cambridge-financial-accounting-and-capital-markets,"https://prod-discovery.edx-cdn.org/cdn-cgi/image/width=auto,height=auto,quality=75,format=webp/media/course/image/cb94088e-af92-4043-8aa1-a333e686662c-bb6cd36288a3.jpeg","An organisation’s sustainable cash flows and its accounting profits (or losses) are both supremely important, but they can be very different. Explore the differences between debt and share capital, fact and judgement in financial reporting and financial markets, and understand and apply terms such as capitalisation, depreciation, amortisation and revaluation.",5,,,3,5,1280,True,course-v1:UniversityofCambridge+2122edx011+3T2021
course-7868fb19-176b-4d98-b1a0-4d1e2029fdb8,7868fb19-176b-4d98-b1a0-4d1e2029fdb8,Software Engineering: Introduction,University of British Columbia,Course,Course,edX,Advanced,Computer Science,English,Current,self_paced,Programming Tools; Software Development; Software Systems; Agile Methodology; Software Engineering; Full Stack Development; Agile Software Development,https://www.edx.org/learn/software-engineering/university-of-british-columbia-software-engineering-introduction,"https://prod-discovery.edx-cdn.org/cdn-cgi/image/width=auto,height=auto,quality=75,format=webp/media/course/image/7868fb19-176b-4d98-b1a0-4d1e2029fdb8-b302dd3a98d1.jpg",Learn software engineering principles that are applicable to the breadth of large-scale software systems.,8,,,8,10,1277,True,course-v1:UBCx+SoftEng1x+1T2018
course-15cac8c7-9173-40c6-9840-fa4b7ab703b3,15cac8c7-9173-40c6-9840-fa4b7ab703b3,From Poverty to Prosperity: Understanding Economic Development,University of Oxford,Course,Course,edX,Intermediate,Social Sciences; Economics & Finance,English,Current,self_paced,Overcoming Obstacles; Influencing Skills; Economic Development; Economics,https://www.edx.org/learn/economics/university-of-oxford-from-poverty-to-prosperity-understanding-economic-development,"https://prod-discovery.edx-cdn.org/cdn-cgi/image/width=auto,height=auto,quality=75,format=webp/media/course/image/15cac8c7-9173-40c6-9840-fa4b7ab703b3-8f109e3be042.jpg","Learn about the role of government and the key political, social, and economic processes that elevate any society from poverty to prosperity.",6,,,2,3,1270,False,course-v1:OxfordX+OXBSG01x+1T2017
course-3eca89f1-1798-44b6-a445-f45024b56c55,3eca89f1-1798-44b6-a445-f45024b56c55,The What and How of Esports Management!,HP,Course,Course,edX,Introductory,Computer Science; Business & Management,English,Current,self_paced,Content Creation; Innovation; Video Game Development; Marketing; eSports Management; eSports,https://www.edx.org/learn/sports-business/hp-the-what-and-how-of-esports-management,"https://prod-discovery.edx-cdn.org/cdn-cgi/image/width=auto,height=auto,quality=75,format=webp/media/course/image/3eca89f1-1798-44b6-a445-f45024b56c55-a30e0c360f94.jpeg","From managing Esports teams and events to marketing and content creation, learn the intricacies of Esports management with this comprehensive course from HP. Receive a verified certificate for free using referral code 6FJGJOTX7MFH5M2H.",4,,,3,5,1258,True,course-v1:HP+HPGG01.en+2T2023
course-0d0fdc23-4539-4b66-a4c7-0923281aad04,0d0fdc23-4539-4b66-a4c7-0923281aad04,Introduction to Social Psychology,The University of Queensland,Course,Course,edX,Introductory,Humanities; Biology & Life Sciences; Social Sciences,English,Current,self_paced,Psychology; Social Psychology; Curiosity; Influencing Skills,https://www.edx.org/learn/social-psychology/the-university-of-queensland-introduction-to-social-psychology,"https://prod-discovery.edx-cdn.org/cdn-cgi/image/width=auto,height=auto,quality=75,format=webp/media/course/image/0d0fdc23-4539-4b66-a4c7-0923281aad04-02b2db4dafd5.jpg",Learn why people think and behave the way they do in social settings.,7,,,1,2,1254,True,course-v1:UQx+PSYC1030.1x+4T2016
course-80a9dc0a-c757-4a98-bf12-f6828b5295c4,80a9dc0a-c757-4a98-bf12-f6828b5295c4,Computing in Python II: Control Structures,The Georgia Institute of Technology,Course,Course,edX,Introductory,Computer Science,English,Current; Upcoming,self_paced,Python (Programming Language); Control Structures; Standard Deviation; Exception Handling,https://www.edx.org/learn/python/the-georgia-institute-of-technology-computing-in-python-ii-control-structures,"https://prod-discovery.edx-cdn.org/cdn-cgi/image/width=auto,height=auto,quality=75,format=webp/media/course/image/80a9dc0a-c757-4a98-bf12-f6828b5295c4-0af8840e563f.jpg","Learn about control structures, one of the most powerful parts of programming. This course covers conditionals, loops, functions, and error handling, specifically in Python but with broader applicability to other languages as well.",5,,,9,10,1251,True,course-v1:GTx+CS1301xII+1T2018
course-c34bc1e3-858b-4b4f-84c6-0a1d5a51d48d,c34bc1e3-858b-4b4f-84c6-0a1d5a51d48d,Trading - Fundamentals of Technical Analysis,New York Institute of Finance,Course,Course,edX,Introductory,Economics & Finance,English,Current,self_paced,Finance; Psychology; Fundamental Analysis; Technical Analysis; Market Analysis; Supply And Demand,https://www.edx.org/learn/trading/new-york-institute-of-finance-trading-fundamentals-of-technical-analysis,"https://prod-discovery.edx-cdn.org/cdn-cgi/image/width=auto,height=auto,quality=75,format=webp/media/course/image/c34bc1e3-858b-4b4f-84c6-0a1d5a51d48d-1cc485f6a05f.jpeg",Learn how to apply technical analysis as a standalone trading methodology or as a supplement to fundamental analysis using tools that are based on price action and other technical principles.,6,,,2,3,1246,True,course-v1:NYIF+ITA.PC1x+2T2020
course-401b87b3-28a2-4c33-8cb1-6e63b247abdb,401b87b3-28a2-4c33-8cb1-6e63b247abdb,Leaders of Learning Essentials,Harvard University,Course,Course,edX,Introductory,Education & Teacher Training; Communication; Social Sciences,English,Current,self_paced,,https://www.edx.org/learn/social-sciences/harvard-university-leaders-of-learning-essentials,"https://prod-discovery.edx-cdn.org/cdn-cgi/image/width=auto,height=auto,quality=75,format=webp/media/course/image/401b87b3-28a2-4c33-8cb1-6e63b247abdb-6a958ed66905.jpeg",Explore and understand your own theories of learning and leadership. Gain the tools to imagine and build the future of learning.,5,,,2,3,1245,False,course-v1:HarvardX+LOLe+1T2026
course-d04bae51-9058-45bc-9b1b-92ecc929bfcf,d04bae51-9058-45bc-9b1b-92ecc929bfcf,Networking Basics and Security,IBM,Course,Course,edX,Intermediate,Computer Science,English,Current,self_paced,,https://www.edx.org/learn/computer-science/ibm-networking-basics-and-security,"https://prod-discovery.edx-cdn.org/cdn-cgi/image/width=auto,height=auto,quality=75,format=webp/media/course/image/d04bae51-9058-45bc-9b1b-92ecc929bfcf-240e23de81d7.jpeg","Learn the essentials of computer networking and network security. This course provides hands-on experience in securing networks, configuring devices, and applying network security techniques.",5,,,3,4,1244,True,course-v1:IBM+SE0202EN+3T2024
course-058a2b68-3e16-4d68-819f-635540d9c5ba,058a2b68-3e16-4d68-819f-635540d9c5ba,Pre-University Chemistry,Delft University of Technology,Course,Course,edX,Introductory,Chemistry,English,Current,self_paced,Innovation; Chemistry,https://www.edx.org/learn/chemistry/delft-university-of-technology-pre-university-chemistry,"https://prod-discovery.edx-cdn.org/cdn-cgi/image/width=auto,height=auto,quality=75,format=webp/media/course/image/058a2b68-3e16-4d68-819f-635540d9c5ba-c04d071d39b0.jpeg",Prepare for university by reviewing the science and technology of chemistry. Become familiar with the way chemistry and chemistry-related topics are taught at university level.,5,,,4,5,1237,True,course-v1:DelftX+PUCH1x+2T2023
course-c39f0ef6-01ae-42f3-a98b-afe6801f5162,c39f0ef6-01ae-42f3-a98b-afe6801f5162,Introduction to Electrical and Electronic Engineering - 電気電子工学入門 -,Institute of Science Tokyo,Course,Course,edX,Introductory,Engineering; Electronics,English,Current,self_paced,,https://www.edx.org/learn/engineering/institute-of-science-tokyo-introduction-to-electrical-and-electronic-engineering-dian-qi-dian-zi-gong-xue-ru-men,"https://prod-discovery.edx-cdn.org/cdn-cgi/image/width=auto,height=auto,quality=75,format=webp/media/course/image/c39f0ef6-01ae-42f3-a98b-afe6801f5162-ed6b2bb30df0.jpeg","Learn fundamental knowledge about electrical and electronic engineering from Tokyo Tech instructors and engineers working in Japanese industry.
電気電子工学を日本語と英語で学んでみませんか。講師と学生ティーチングアシスタント、そしてこの講座のために描きおこしたアニメキャラクタがあなたの電気電子工学の学習をガイドします。",4,,,2,3,1233,False,course-v1:ScienceTokyo+EE101Jx+1T2025
course-7f8c7223-f681-4c03-a7aa-e26c29d4f732,7f8c7223-f681-4c03-a7aa-e26c29d4f732,The Entrepreneurial Mindset,Babson College,Course,Course,edX,Introductory,Business & Management,English,Current,self_paced,Innovation; Entrepreneurship; Automated Teller Machine,https://www.edx.org/learn/entrepreneurship/babson-college-the-entrepreneurial-mindset,"https://prod-discovery.edx-cdn.org/cdn-cgi/image/width=auto,height=auto,quality=75,format=webp/media/course/image/7f8c7223-f681-4c03-a7aa-e26c29d4f732-c93d3da41fe2.jpg",Uncover the secrets of thinking like an entrepreneur to create value for stakeholders and society across a variety of business settings.,6,,,4,6,1222,True,course-v1:BabsonX+BPET.ETAx+1T2017
course-1598bd52-f62f-4596-808d-4bc993da4929,1598bd52-f62f-4596-808d-4bc993da4929,AWS Cloud Technical Essentials,Amazon Web Services,Course,Course,edX,Introductory,Computer Science; Business & Management,English,Current,self_paced,Cloud Development; Amazon Web Services; Cloud Computing; Business Requirements; Database Storage Structures; Scalability; Operations; Fault Tolerance; Amazon CloudWatch,https://www.edx.org/learn/amazon-web-services-aws/amazon-web-services-aws-cloud-technical-essentials,"https://prod-discovery.edx-cdn.org/cdn-cgi/image/width=auto,height=auto,quality=75,format=webp/media/course/image/1598bd52-f62f-4596-808d-4bc993da4929-f948b6f2b0df.png","Kick off your cloud career by learning the fundamentals of AWS products, services, and solutions and basic concepts of database, storage, networking, security and cloud computing.",4,,,2,4,1221,True,course-v1:AWS+AWS-AWS-OTP-AWSD16+1T2021
course-4383ff55-5943-4a5a-a538-06b09ac8742b,4383ff55-5943-4a5a-a538-06b09ac8742b,Introduction to Object-Oriented Programming with Java I: Foundations and Syntax Basics,The Georgia Institute of Technology,Course,Course,edX,Introductory,Computer Science,English,Current; Upcoming,self_paced,Java (Programming Language); Object-Oriented Programming (OOP),https://www.edx.org/learn/java/the-georgia-institute-of-technology-introduction-to-object-oriented-programming-with-java-i-foundations-and-syntax-basics,"https://prod-discovery.edx-cdn.org/cdn-cgi/image/width=auto,height=auto,quality=75,format=webp/media/course/image/4383ff55-5943-4a5a-a538-06b09ac8742b-94b4d0e56b02.jpeg",Learn the foundational basics of the Java programming language.,6,,,5,6,1219,True,course-v1:GTx+CS1331xI+2T2020
course-1e2cae8c-1c67-4067-a3c0-360543e6a9b8,1e2cae8c-1c67-4067-a3c0-360543e6a9b8,Data Analytics for Business,The Georgia Institute of Technology,Course,Course,edX,Advanced,Business & Management; Data Analysis & Statistics,English,Current; Upcoming,instructor_paced,Business Analytics; Decision Making; Scientific Methods; Algorithms; Controlled Experiments; Data Analysis,https://www.edx.org/learn/business-administration/the-georgia-institute-of-technology-data-analytics-for-business,"https://prod-discovery.edx-cdn.org/cdn-cgi/image/width=auto,height=auto,quality=75,format=webp/media/course/image/1e2cae8c-1c67-4067-a3c0-360543e6a9b8-50beebb61f2e.png",This course prepares students to understand business analytics and become leaders in these areas in business organizations.,16,,,10,12,1217,True,course-v1:GTx+MGT6203x+2T2017
course-6e6e0f90-67b7-4179-b07b-5f0a69c9060f,6e6e0f90-67b7-4179-b07b-5f0a69c9060f,The Industry and Profession in Construction Management,"The University of Maryland, College Park",Course,Course,edX,Intermediate,Engineering; Business & Management; Philosophy & Ethics,English,Current,self_paced,Civil Engineering; Planning; Communications; Construction; Construction Management; Infrastructure,https://www.edx.org/learn/construction/the-university-of-maryland-college-park-the-industry-and-profession-in-construction-management,"https://prod-discovery.edx-cdn.org/cdn-cgi/image/width=auto,height=auto,quality=75,format=webp/media/course/image/6e6e0f90-67b7-4179-b07b-5f0a69c9060f-100647fcf5a3.jpeg","Learn the different sectors of the industry and the profession by looking at the nature of the industry, future trends, and opportunities. Understand the different sectors of the industry and the role of each participant, specifically the Owner, Designer, and Construction Manager.",4,,,2,3,1211,True,course-v1:USMx+CMAN-1+2T2021
course-ebc653c2-6190-4e8e-b8d8-f50f021829b8,ebc653c2-6190-4e8e-b8d8-f50f021829b8,Gestión de personas: Recursos Humanos,Universidad Nacional de Córdoba,Course,Course,edX,Introductory,Business & Management,Spanish,Current,self_paced,Decision Making; Customer Service; Customer Satisfaction; Management; People Management,https://www.edx.org/learn/human-resources/universidad-nacional-de-cordoba-gestion-de-personas-recursos-humanos,"https://prod-discovery.edx-cdn.org/cdn-cgi/image/width=auto,height=auto,quality=75,format=webp/media/course/image/ebc653c2-6190-4e8e-b8d8-f50f021829b8-f7d211230b5b.png","Eneste curso en línea te ayudaremos para que aprendas a observar, analizar y diseñar experiencias memorables para el cliente interno que impactarán en la fidelización incremental del cliente externo.",5,,,5,7,1209,True,course-v1:UNCordobaX+MCM003+2T2019
course-9b9bf897-7ad0-4687-99cf-4d790b281422,9b9bf897-7ad0-4687-99cf-4d790b281422,Computing for Data Analysis,The Georgia Institute of Technology,Course,Course,edX,Advanced,Computer Science,English,Current; Upcoming,instructor_paced,Algorithms; SQL (Programming Language); Data Processing; Numerical Linear Algebra; Jupyter; Data Structures; R (Programming Language); Data Analysis; Mathematical Optimization; Data Mining; Python (Programming Language),https://www.edx.org/learn/computer-programming/the-georgia-institute-of-technology-computing-for-data-analysis,"https://prod-discovery.edx-cdn.org/cdn-cgi/image/width=auto,height=auto,quality=75,format=webp/media/course/image/9b9bf897-7ad0-4687-99cf-4d790b281422-9976eac4c913.jpg","A hands-on introduction to basic programming principles and practice relevant to modern data analysis, data mining, and machine learning.",15,,,8,10,1207,True,course-v1:GTx+CSE6040x+2T2017
course-37872e32-0eae-4749-9340-edef0aa94546,37872e32-0eae-4749-9340-edef0aa94546,Robotics Foundations I - Robot Modeling,Università degli Studi di Napoli Federico II,Course,Course,edX,Intermediate,Engineering,English,Current,self_paced,Mathematical Modeling; Signal Processing; Control Engineering; Simulations; Mechanics; Engineering Statics; Electronics; Industrial Robotics; Kinematics; Algorithms; Inverse Kinematics; Robotic Systems; Robotics,https://www.edx.org/learn/robotics/universita-degli-studi-di-napoli-federico-ii-robotics-foundations-i-robot-modeling,"https://prod-discovery.edx-cdn.org/cdn-cgi/image/width=auto,height=auto,quality=75,format=webp/media/course/image/37872e32-0eae-4749-9340-edef0aa94546-0f142b1eed7d.jpg",This course explores the robotics foundations for modelling of robot manipulators.,8,,,8,10,1207,False,course-v1:FedericaX+50+3T2018
course-5db29e79-472e-4c27-b5f4-acee0b20d9d6,5db29e79-472e-4c27-b5f4-acee0b20d9d6,Introduction aux enjeux du développement durable.,Université catholique de Louvain,Course,Course,edX,Intermediate,Social Sciences; Environmental Studies,French,Current,self_paced,Environmental Issue; Sustainable Development; Management; Debating; Scientific Methods; Agronomy; Engineering Management; Economics,https://www.edx.org/learn/sustainable-development/universite-catholique-de-louvain-introduction-aux-enjeux-du-developpement-durable,"https://prod-discovery.edx-cdn.org/cdn-cgi/image/width=auto,height=auto,quality=75,format=webp/media/course/image/5db29e79-472e-4c27-b5f4-acee0b20d9d6-58ab1c4b27fe.png",Analysez les problématiques sociales et environnementales de notre société selon différents angles de vue et développez des connaissances scientifiques systémiques sur les enjeux planétaires du 21ème siècle.,13,,,5,8,1206,False,course-v1:LouvainX+Louv29x+1T2023
course-f3355ea1-0dc9-445c-a494-88328c8d5522,f3355ea1-0dc9-445c-a494-88328c8d5522,Introduction to Generative AI,Pragmatic AI Labs,Course,Course,edX,Introductory,Computer Science,English,Current,self_paced,,https://www.edx.org/learn/computer-science/pragmatic-ai-labs-introduction-to-generative-ai,"https://prod-discovery.edx-cdn.org/cdn-cgi/image/width=auto,height=auto,quality=75,format=webp/media/course/image/f3355ea1-0dc9-445c-a494-88328c8d5522-de63e78ea89b.png",Unlock the Power of Generative AI: Master the Fundamentals and Explore Boundless Possibilities.,3,,,3,6,1200,True,course-v1:AI+LMOPS1x+1T2024
course-62b22502-a5d1-45c2-84ba-ae90b1d196fe,62b22502-a5d1-45c2-84ba-ae90b1d196fe,Fundamentals of Real Estate Investment,"University of Oxford; Saïd Business School, University of Oxford",Course,Course,edX,Introductory,Economics & Finance,English,Current,self_paced,Real Estate; Innovation; Influencing Skills; Real Estate Investments,https://www.edx.org/learn/economics-finance/university-of-oxford-fundamentals-of-real-estate-investment,"https://prod-discovery.edx-cdn.org/cdn-cgi/image/width=auto,height=auto,quality=75,format=webp/media/course/image/62b22502-a5d1-45c2-84ba-ae90b1d196fe-dae4e8a85123.jpeg","Explore how global trends, sustainability, and innovation shape real estate investment and development decisions.",4,,,2,4,1196,False,course-v1:OxfordX+OXFREP01+2T2025
course-43e621e2-6302-4cbe-ae87-623837e611b9,43e621e2-6302-4cbe-ae87-623837e611b9,R Programming Fundamentals,Stanford University,Course,Course,edX,Introductory,Computer Science,English,Current,self_paced,Computational Statistics; R (Programming Language),https://www.edx.org/learn/r-programming/stanford-university-r-programming-fundamentals,"https://prod-discovery.edx-cdn.org/cdn-cgi/image/width=auto,height=auto,quality=75,format=webp/media/course/image/43e621e2-6302-4cbe-ae87-623837e611b9-8d88ff135482.jpeg","This course covers the basics of R: a free programming language and software environment used for statistical computing and graphics. R is widely used by data analysts, statisticians, and data scientists around the world. This course covers an introduction to R, from installation to basic statistical functions. You will learn to work with variable and external data sets, write functions, and hear from one of the co-creators of the R language, Robert Gentleman.",6,,,2,3,1186,False,course-v1:StanfordOnline+XFDS112+2T2020
course-42f20043-d067-4d4a-8952-d6bb9c60b747,42f20043-d067-4d4a-8952-d6bb9c60b747,Introduction to Bioconductor,Harvard University,Course,Course,edX,Intermediate,Data Analysis & Statistics; Biology & Life Sciences; Science,English,Current,self_paced,Algorithms; Statistics; R (Programming Language); DNA Sequencing; Software Engineering; Next-Generation Sequencing; Biology; Bioconductor (Bioinformatics Software); Functional Genomics; Microarrays; Data Analysis; Matrix Algebra; Statistical Methods; Linear Model; Statistical Inference; Life Sciences; Data Warehousing,https://www.edx.org/learn/data-science/harvard-university-introduction-to-bioconductor,"https://prod-discovery.edx-cdn.org/cdn-cgi/image/width=auto,height=auto,quality=75,format=webp/media/course/image/42f20043-d067-4d4a-8952-d6bb9c60b747-05259b8f46b1.jpg","The structure, annotation, normalization, and interpretation of genome scale assays.",4,,,2,4,1186,True,course-v1:HarvardX+PH525.5x+2T2016
course-c3bd4810-7efa-4daa-8059-f8d583232514,c3bd4810-7efa-4daa-8059-f8d583232514,Japanese Books: From Manuscript to Print,Harvard University,Course,Course,edX,Introductory,Art & Culture; History; Humanities,English,Current,self_paced,Visual Storytelling; Collections; Multimedia; Storytelling,https://www.edx.org/learn/japanese/harvard-university-japanese-books-from-manuscript-to-print,"https://prod-discovery.edx-cdn.org/cdn-cgi/image/width=auto,height=auto,quality=75,format=webp/media/course/image/c3bd4810-7efa-4daa-8059-f8d583232514-d9f1f3e83e1a.jpeg","This course expands the definition of the “book” to include scrolls and albums, focusing on the reading experience of a variety of formats in Japan. You will begin by examining rare and beautifully preserved manuscripts in the Harvard Art Museums in an introduction exploring the material properties of Japanese books and scrolls, binding techniques, and important terminology. An examination of the illustrated scroll comes next, through a unit on the short story and visual storytelling in premodern Japan. The course concludes with The Tale of Genji , an overview of how this celebrated epic from the eleventh century was read and illustrated in every conceivable format, from scroll, to album, to printed book, into the modern era. 
Drawing on the rich collections of Harvard’s libraries and museums, this course is part of a larger series on the history of books, where learners explore the book not merely as a container of content, but as significant physical objects that have shaped the way we understand the world around us.",9,,,1,2,1174,False,course-v1:HarvardX+HUM1.10x+3T2017
course-779833e9-588c-461d-bf1a-f969970bba15,779833e9-588c-461d-bf1a-f969970bba15,Macroeconomic Diagnostics,The International Monetary Fund,Course,Course,edX,Intermediate,Economics & Finance,English,Current,self_paced,Economics; Vulnerability,https://www.edx.org/learn/macroeconomics/the-international-monetary-fund-macroeconomic-diagnostics,"https://prod-discovery.edx-cdn.org/cdn-cgi/image/width=auto,height=auto,quality=75,format=webp/media/course/image/779833e9-588c-461d-bf1a-f969970bba15-01538d576052.jpg","Through this course, learn to assess a country’s macroeconomic situation utilizing practical tools that will help you engage in day-to-day macroeconomic analysis.",6,,,5,6,1168,False,course-v1:IMFx+MDSx+3T2016
course-ee757321-8abb-4bb6-ae9f-c7fd2df67977,ee757321-8abb-4bb6-ae9f-c7fd2df67977,Academic Writing Made Easy,Technical University of Munich,Course,Course,edX,Intermediate,Language,English,Current,self_paced,Academic Writing; Punctuation And Capitalization; Writing; Paraphrasing,https://www.edx.org/learn/writing/technische-universitat-munchen-academic-writing-made-easy,"https://prod-discovery.edx-cdn.org/cdn-cgi/image/width=auto,height=auto,quality=75,format=webp/media/course/image/ee757321-8abb-4bb6-ae9f-c7fd2df67977-a2fa3364c849.jpg",Struggling with writing an academic text? This MOOC will ease the pain – and make your writing shine.,8,,,2,3,1167,False,course-v1:TUMx+AWMEx+1T2019
course-38b1571e-2183-476e-a59c-f8383c3e519d,38b1571e-2183-476e-a59c-f8383c3e519d,GIS Foundations,University of Alaska Fairbanks,Course,Course,edX,Introductory,Engineering; Energy & Earth Sciences; Data Analysis & Statistics,English,Current,self_paced,Social Sciences; Spatial Data Infrastructures; Health Information Technology; Complex Problem Solving; Data Science; GIS Certificate; Geospatial Analysis; Urban Planning; Data Analysis; ArcGIS (GIS Software); Web Mapping; Remote Sensing; Cartography; GIS Applications; Problem Solving; Geographic Information Systems,https://www.edx.org/learn/gis-geographic-information-systems/university-of-alaska-fairbanks-gis-foundations,"https://prod-discovery.edx-cdn.org/cdn-cgi/image/width=auto,height=auto,quality=75,format=webp/media/course/image/38b1571e-2183-476e-a59c-f8383c3e519d-0193919517e9.jpeg","Learn foundations of GIS concepts and geospatial technology to view, understand, query, visualize, and interpret geospatial data to reveal patterns and relationships for effective problem-solving and better decision making.",4,,,3,5,1164,True,course-v1:AlaskaX+GIS1x+1T2021
course-3a59e5c9-83dc-4c73-8af2-37c210423406,3a59e5c9-83dc-4c73-8af2-37c210423406,Excel for Everyone: Data Management.,University of British Columbia,Course,Course,edX,Intermediate,Data Analysis & Statistics; Business & Management,English,Current,self_paced,Data Wrangling; Data Management; Management; Forecasting,https://www.edx.org/learn/excel/university-of-british-columbia-excel-for-everyone-data-management,"https://prod-discovery.edx-cdn.org/cdn-cgi/image/width=auto,height=auto,quality=75,format=webp/media/course/image/3a59e5c9-83dc-4c73-8af2-37c210423406-7738c8e2bed1.png","Further your Excel skills to manage larger datasets and more complex data wrangling, management and modelling.",6,,,2,4,1163,True,course-v1:UBCx+Excel1.2x+1T2020
course-9ee683a4-d5e8-4663-ac19-c6dc5a5ecab6,9ee683a4-d5e8-4663-ac19-c6dc5a5ecab6,Shakespeare’s Othello: The Moor,Harvard University,Course,Course,edX,Introductory,Humanities; Literature; History,English,Current,self_paced,Lecturing; Storytelling,https://www.edx.org/learn/shakespeare/harvard-university-shakespeares-othello-the-moor,"https://prod-discovery.edx-cdn.org/cdn-cgi/image/width=auto,height=auto,quality=75,format=webp/media/course/image/9ee683a4-d5e8-4663-ac19-c6dc5a5ecab6-533925d310d4.jpg",Explore acts of storytelling in Shakespeare's Othello alongside world-class artists who interpret Othello's story in new forms and contexts today.,4,,,5,7,1153,True,course-v1:HarvardX+Hum3.3x+2T2017
course-29a1e3b8-3e84-4b14-b60d-0fa97512e420,29a1e3b8-3e84-4b14-b60d-0fa97512e420,Analyzing Data with Python,IBM,Course,Course,edX,Intermediate,Data Analysis & Statistics; Engineering; Computer Science,English,Current,self_paced,Data Visualization; Pandas (Python Package); Scikit-learn (Machine Learning Library); Data Analysis; SciPy; Python (Programming Language); NumPy; Machine Learning; Basic Math,https://www.edx.org/learn/python/ibm-analyzing-data-with-python,"https://prod-discovery.edx-cdn.org/cdn-cgi/image/width=auto,height=auto,quality=75,format=webp/media/course/image/29a1e3b8-3e84-4b14-b60d-0fa97512e420-4100ab6e35b3.png","In this course, you will learn how to analyze data in Python using multi-dimensional arrays in numpy, manipulate DataFrames in pandas, use SciPy library of mathematical routines, and perform machine learning using scikit-learn!",5,,,2,4,1144,True,course-v1:IBM+DA0101EN+3T2018
course-9b1120f9-5377-42df-865b-4ad3305db95b,9b1120f9-5377-42df-865b-4ad3305db95b,Penser critique,Université catholique de Louvain,Course,Course,edX,Intermediate,Social Sciences,French,Current,self_paced,ESPRIT AutoCAD; Influencing Skills; Research; Operations; Critical Thinking; Enthusiasm,https://www.edx.org/learn/critical-thinking-skills/universite-catholique-de-louvain-penser-critique,"https://prod-discovery.edx-cdn.org/cdn-cgi/image/width=auto,height=auto,quality=75,format=webp/media/course/image/9b1120f9-5377-42df-865b-4ad3305db95b-dab269c31865.png","Sommes-nous manipulés ? Comment repérer les informations fiables ? Qu'est-ce qui fait qu'une démarche est scientifique ou non ? Des questions essentielles pour assurer la survie de nos démocraties. Pensez critique, forgez votre propre opinion.",14,,,4,5,1142,False,course-v1:LouvainX+Louv22x+1T2019
course-2a3ca9a3-fe6d-4459-a02f-b7323120e0a7,2a3ca9a3-fe6d-4459-a02f-b7323120e0a7,Interior Design Essentials,LCI Education,Course,Course,edX,Introductory,Design; Communication; Art & Culture,English,Current,self_paced,Mood Boards,https://www.edx.org/learn/design/lci-education-interior-design-essentials,"https://prod-discovery.edx-cdn.org/cdn-cgi/image/width=auto,height=auto,quality=75,format=webp/media/course/image/2a3ca9a3-fe6d-4459-a02f-b7323120e0a7-82c323d7c8c2.png","Gain professional skills to launch your career in interior design. By the end of this course, you will be able to create and present design concepts to a client.",4,,,6,8,1139,True,course-v1:LCIEducation+140.1x+3T2024
course-d5133ea8-89a2-43c6-b448-a5bb965045a4,d5133ea8-89a2-43c6-b448-a5bb965045a4,China and Communism,Harvard University,Course,Course,edX,Introductory,History; Social Sciences,English,Current,self_paced,,https://www.edx.org/learn/communist-china/harvard-university-china-and-communism,"https://prod-discovery.edx-cdn.org/cdn-cgi/image/width=auto,height=auto,quality=75,format=webp/media/course/image/d5133ea8-89a2-43c6-b448-a5bb965045a4-8d3762e0e60b.jpg","Explore the Maoist period of China, from the Communist Party to the death of Mao and the reopening of China.",12,,,1,3,1136,True,course-v1:HarvardX+SW12.9x+2015
course-c4d3188b-7bc9-4b86-ad70-9984a25b5c19,c4d3188b-7bc9-4b86-ad70-9984a25b5c19,Java Programming: Basic Skills,Codio,Course,Course,edX,Introductory,Computer Science,English,Current,self_paced,Java (Programming Language); Computer Science,https://www.edx.org/learn/java/codio-java-programming-basic-skills,"https://prod-discovery.edx-cdn.org/cdn-cgi/image/width=auto,height=auto,quality=75,format=webp/media/course/image/c4d3188b-7bc9-4b86-ad70-9984a25b5c19-d873651a6551.png","Code and run your first Java program in minutes without installing anything!
This beginner-focused course will give you the basic skills needed to write a simple program in Java. Topics covered include variables, operators, loops, conditionals, and arrays.",5,,,2,3,1136,True,course-v1:Codio+java1.1+3T2022
course-e994d8a1-b78d-45f9-b91e-9a2ca6baa891,e994d8a1-b78d-45f9-b91e-9a2ca6baa891,Generative AI Mastery: Revolutionizing Game Development,HP,Course,Course,edX,Introductory,Computer Science,English,Current,self_paced,Artificial Intelligence; Innovation; Unity Engine; Coding Theory; Creativity; Animations; Video Game Development; eSports Management; Texturing; eSports,https://www.edx.org/learn/computer-science/hp-generative-ai-mastery-revolutionizing-game-development,"https://prod-discovery.edx-cdn.org/cdn-cgi/image/width=auto,height=auto,quality=75,format=webp/media/course/image/e994d8a1-b78d-45f9-b91e-9a2ca6baa891-5c2af3cd6435.png","Generative AI is transforming game development, enabling more immersive and interactive experiences. This course covers AI’s role in narrative, concept art, texturing, modeling, and animation. Gain hands-on skills to enhance creativity and efficiency, crucial for modern developers. Create stunning visuals, lifelike characters, and captivating stories with AI. Get a free verified certificate using referral code6FJGJOTX7MFH5M2H",3,,,3,5,1131,False,course-v1:HP+HPGG04.en+2T2024
course-c342de57-68e3-46a3-ad67-53f6a6a74115,c342de57-68e3-46a3-ad67-53f6a6a74115,AI for Leaders,Babson College,Course,Course,edX,Introductory,Business & Management,English,Current,self_paced,Operations; Business Modeling; Artificial Intelligence; Employee Engagement; Leadership; Self-Discipline,https://www.edx.org/learn/artificial-intelligence/babson-college-ai-for-leaders,"https://prod-discovery.edx-cdn.org/cdn-cgi/image/width=auto,height=auto,quality=75,format=webp/media/course/image/c342de57-68e3-46a3-ad67-53f6a6a74115-a7874feea7aa.jpg",....don’t get left behind. Enroll in the first self-directed AI program for leaders to advance your career and company.,4,,,4,6,1131,True,course-v1:BabsonX+MIS01x+3T2018
course-e4315d22-de5d-4574-951a-be74baa8a8fa,e4315d22-de5d-4574-951a-be74baa8a8fa,Global Public Health,SDG Academy,Course,Course,edX,Intermediate,Health & Safety; Medicine; Education & Teacher Training,English,Current,self_paced,International Aid Transparency Initiative; Economic Development; Empowerment; Infrastructure; Economics; Sustainable Development; Influencing Skills; Nursing; Communicable Diseases; Public Policies; Conflict Resolution; Poverty Reduction,https://www.edx.org/learn/public-health/sdg-academy-global-public-health,"https://prod-discovery.edx-cdn.org/cdn-cgi/image/width=auto,height=auto,quality=75,format=webp/media/course/image/e4315d22-de5d-4574-951a-be74baa8a8fa-88b0aeca55fb.jpg","Understanding the value of health not just as a benefit or right of individuals, but as a global public need.",10,,,4,6,1129,False,course-v1:SDGAcademyX+GPH001+1T2019
course-c5c2336f-7dbb-4840-a26d-fd9991fae339,c5c2336f-7dbb-4840-a26d-fd9991fae339,Procurement and Logistics Management,International Supply Chain Education Alliance,Course,Course,edX,Introductory,Business & Management,English,Current,self_paced,Supply Chain Analysis; Planning; Supply Chain; Contract Management; Warehousing; Sourcing; Management; Purchasing; Order Management Systems; Order Management; Procurement; Logistics Management,https://www.edx.org/learn/procurement/international-supply-chain-education-alliance-procurement-and-logistics-management,"https://prod-discovery.edx-cdn.org/cdn-cgi/image/width=auto,height=auto,quality=75,format=webp/media/course/image/c5c2336f-7dbb-4840-a26d-fd9991fae339-84dcaa877f7f.jpeg","Learn fundamental concepts regarding the flow of goods and materials throughout the supply chain. Starting from procurement and continuing with logistics; including the management of inventory, transportation and facilities in the distribution network ​- part of the ISCEA CSCA - Certified Supply Chain Analyst - Internationally Recognized Certificate.",4,,,2,8,1125,True,course-v1:ISCEA+CSCA02+3T2021
course-5776bb8e-e7c0-49de-8123-0b918c882ff0,5776bb8e-e7c0-49de-8123-0b918c882ff0,Business Communications,University of British Columbia,Course,Course,edX,Introductory,Business & Management,English,Current,self_paced,Presentations; Strategic Thinking; Writing; Communications; Business Communication; Interpersonal Communications,https://www.edx.org/learn/business-communications/university-of-british-columbia-business-communications,"https://prod-discovery.edx-cdn.org/cdn-cgi/image/width=auto,height=auto,quality=75,format=webp/media/course/image/5776bb8e-e7c0-49de-8123-0b918c882ff0-bd0d4a4db495.jpg",Learn how to communicate effectively in a business setting: understand diverse audiences and build sound arguments.,6,,,3,5,1125,True,course-v1:UBCx+COMM220x+3T2017
course-ead84fcd-48ed-42d4-95af-93f54851297f,ead84fcd-48ed-42d4-95af-93f54851297f,Digital Marketing Analytics: Tools and Techniques.,"The University of Maryland, College Park",Course,Course,edX,Introductory,Business & Management,English,Current,self_paced,Machine Learning; Web Analytics; Big Data; Marketing; Artificial Intelligence; Surveys; Contextual Advertising; Analytical Skills; Universal Testing Machines; Data-Driven Decision-Making; Digital Marketing; Search Engine Optimization; Customer Data Management; Data Analysis; Analytics,https://www.edx.org/learn/digital-marketing/the-university-of-maryland-college-park-digital-marketing-analytics-tools-and-techniques,"https://prod-discovery.edx-cdn.org/cdn-cgi/image/width=auto,height=auto,quality=75,format=webp/media/course/image/ead84fcd-48ed-42d4-95af-93f54851297f-cdeacabf7fe5.jpeg","Learn how to leverage leading tools and approaches to digital marketing data analysis. Dive into SEO and Paid search strategies, web analytics, online testing, machine learning and AI/Big Data applications to strengthen your digital marketing efforts and leverage your resources most effectively.",4,,,3,5,1124,True,course-v1:USMx+DM02+1T2021
course-26a020a0-fa7b-4902-b5ea-69b1958a5658,26a020a0-fa7b-4902-b5ea-69b1958a5658,"Statistics 1 Part 1: Introductory statistics, probability and estimation",The London School of Economics and Political Science,Course,Course,edX,Intermediate,Data Analysis & Statistics; Math,English,Current,self_paced,Data Visualization; Social Sciences; Statistics; Economics; Normal Distribution; Management; Probability Theories; Sampling (Statistics); Statistical Methods; Basic Math; Probability,https://www.edx.org/learn/statistics/the-london-school-of-economics-and-political-science-statistics-1-part-1-introductory-statistics-probability-and-estimation,"https://prod-discovery.edx-cdn.org/cdn-cgi/image/width=auto,height=auto,quality=75,format=webp/media/course/image/26a020a0-fa7b-4902-b5ea-69b1958a5658-1b6e8d6a5c53.jpeg","The first in a series of four courses which help you to master statistics fundamentals and build your quantitative skillset for progression in high-growth careers, or to use as step towards further study at undergraduate level.",5,,,12,15,1119,True,course-v1:LSE+LSEST104a1+3T2022
course-a0cb0f4f-21d9-4a0a-8386-d1f8e648b526,a0cb0f4f-21d9-4a0a-8386-d1f8e648b526,Accounting and Finance,Indian Institute of Management Bangalore,Course,Course,edX,Intermediate,Business & Management; Economics & Finance,English,Current,self_paced,Business Acumen; Tax Management; Business Planning; Accounting; Management; Asset Management; Financial Statements; Cost Management; Finance; Financial Acumen; Financial Market,https://www.edx.org/learn/financial-accounting/indian-institute-of-management-bangalore-accounting-and-finance,"https://prod-discovery.edx-cdn.org/cdn-cgi/image/width=auto,height=auto,quality=75,format=webp/media/course/image/a0cb0f4f-21d9-4a0a-8386-d1f8e648b526-0a4bba343d7b.jpg",Develop financial acumen to manage your business successfully.,11,,,2,4,1116,True,course-v1:IIMBx+AC104x+1T2017
course-4bc79437-27fc-4eee-b8f3-af9f8e7c0e4e,4bc79437-27fc-4eee-b8f3-af9f8e7c0e4e,AML CFT Risk-based Supervision of Financial Institutions,The International Monetary Fund,Course,Course,edX,Intermediate,Law; Economics & Finance,English,Current,self_paced,,https://www.edx.org/learn/law/the-international-monetary-fund-aml-cft-risk-based-supervision-of-financial-institutions,"https://prod-discovery.edx-cdn.org/cdn-cgi/image/width=auto,height=auto,quality=75,format=webp/media/course/image/4bc79437-27fc-4eee-b8f3-af9f8e7c0e4e-15e6398f0ea3.png","This course on risk-based AML/CFT supervision of financial institutions provides AML/CFT supervisors and other AML/CFT experts with the foundational principles, methodologies, and tools necessary to implement an effective risk-based supervisory framework. Designed for experienced and interested professionals, it emphasizes practical approaches to align AML/CFT supervisory practices with international standards.",4,,,2,3,1100,False,course-v1:IMFx+AMLCFTx+1T2025
course-6ed95cc5-79d9-4afc-ad65-fdc72fbc017d,6ed95cc5-79d9-4afc-ad65-fdc72fbc017d,30-hour Grammar and Language Awareness,TEFL Org,Course,Course,edX,Intermediate,Education & Teacher Training,English,Current,self_paced,,https://www.edx.org/learn/education/tefl-org-30-hour-grammar-and-language-awareness,"https://prod-discovery.edx-cdn.org/cdn-cgi/image/width=auto,height=auto,quality=75,format=webp/media/course/image/6ed95cc5-79d9-4afc-ad65-fdc72fbc017d-095b520befb4.png",30-hour Grammar and Language Awareness Module,10,,,2,3,1098,True,course-v1:TEFLx+GRA.30.1x+2T2023
course-4633ab16-80c5-48c4-a656-564b89bf4349,4633ab16-80c5-48c4-a656-564b89bf4349,Back-end Application Development with Node.js and Express,IBM,Course,Course,edX,Intermediate,Computer Science,English,Current,self_paced,Web Applications; Stack Overflow; Continuous Delivery; Node.js; User Interface; Web Services; React.js; Web Application Frameworks; JavaScript Libraries; Authentications; Cloud Development; Cloud-Native Computing; Github; Full Stack Development; JSON; ECMAScript 2015; Application Development; Parsing; Application Programming Interface (API); Server-Side; Git (Version Control System); DevOps; Event-Driven Programming; Cloud Applications; RESTful API; IBM Cloud Computing; HTML5; JavaScript Frameworks; JavaScript (Programming Language); Front End (Software Engineering); Artificial Intelligence; Callback Functions,https://www.edx.org/learn/node-js/ibm-back-end-application-development-with-node-js-and-express,"https://prod-discovery.edx-cdn.org/cdn-cgi/image/width=auto,height=auto,quality=75,format=webp/media/course/image/4633ab16-80c5-48c4-a656-564b89bf4349-cc99a1b889e3.png","In a recent Stack Overflow survey, Node.js was used by about 50% of the developers who answered the survey, making it the most used server-side technology. Express ranked as the fourth most popular web technology overall, making it the most popular server-side web framework.",3,,,4,6,1086,True,course-v1:IBM+CAD220EN+3T2020
course-893be2f2-3891-48f7-9a47-fb832365aff4,893be2f2-3891-48f7-9a47-fb832365aff4,Mathematics 1 Part 1: Differential Calculus,The London School of Economics and Political Science,Course,Course,edX,Intermediate,Math,English,Current,self_paced,Economics; Sketching; Management; Statistics; Differential Calculus; Basic Math,https://www.edx.org/learn/math/the-london-school-of-economics-and-political-science-mathematics-1-part-1-differential-calculus,"https://prod-discovery.edx-cdn.org/cdn-cgi/image/width=auto,height=auto,quality=75,format=webp/media/course/image/893be2f2-3891-48f7-9a47-fb832365aff4-7d44c7e9d135.jpeg","The first in a series of two courses from LSE which help you to master mathematics fundamentals and build your quantitative skillset for progression in high-growth careers, or to use as step towards further study at undergraduate level.",5,,,12,15,1078,True,course-v1:LSE+LSEMT105a+3T2022
course-bb02f879-5c2d-4467-9461-b2d29c2d85df,bb02f879-5c2d-4467-9461-b2d29c2d85df,The Threat of Nuclear Terrorism,Stanford University,Course,Course,edX,Introductory,History,English,Current,self_paced,,https://www.edx.org/learn/counterterrorism/stanford-university-the-threat-of-nuclear-terrorism,"https://prod-discovery.edx-cdn.org/cdn-cgi/image/width=auto,height=auto,quality=75,format=webp/media/course/image/bb02f879-5c2d-4467-9461-b2d29c2d85df-4fd38876f3db.jpeg","Former Secretary of Defense William J. Perry and a team of international experts explore what can be done about the threat of nuclear terrorism in this free course, for which you can earn a signed Statement of Accomplishment. This is a self-paced version of the original course which ran in Fall 2017.
Welcome to ""The Threat of Nuclear Terrorism""
""Today, the danger of some sort of nuclear catastrophe is greater than it was during the Cold War, and most people are blissfully unaware of this danger.""
I wrote these words three years ago, and my concern led me to create my first Stanford Online course, ""Living at the Nuclear Brink."" Our nuclear peril continues to increase, and therefore I offer the next in our series of free courses on this vital subject: The Threat of Nuclear Terrorism. The topic is frightening, but it is one we must face if we are to have any chance of stopping potential catastrophe.",5,,,1,5,1073,False,course-v1:StanfordOnline+FSI.Y0001+1T2020
course-02d007b2-609c-4526-af7e-f9962458aaa8,02d007b2-609c-4526-af7e-f9962458aaa8,Circular Economy: An Introduction,Delft University of Technology,Course,Course,edX,Introductory,Business & Management; Engineering; Design,English,Current,self_paced,,https://www.edx.org/learn/circular-economy/delft-university-of-technology-circular-economy-an-introduction,"https://prod-discovery.edx-cdn.org/cdn-cgi/image/width=auto,height=auto,quality=75,format=webp/media/course/image/02d007b2-609c-4526-af7e-f9962458aaa8-2140229848ce.png",Ready to make a difference? Learn how to contribute to a sustainable economic system by implementing novel business and design approaches!,7,,,3,6,1070,True,course-v1:Delftx+CircularX+1T2016
course-59a3f9ce-134d-4d2c-9051-780313effc92,59a3f9ce-134d-4d2c-9051-780313effc92,"Contemporary China: The People's Republic, Taiwan, and Hong Kong",Harvard University,Course,Course,edX,Introductory,History; Social Sciences,English,Current,self_paced,Economics; Agriculture; Global Leadership; Sociology; Political Sciences; Entrepreneurship,https://www.edx.org/learn/chinese-history/harvard-university-contemporary-china-the-people-s-republic-taiwan-and-hong-kong,"https://prod-discovery.edx-cdn.org/cdn-cgi/image/width=auto,height=auto,quality=75,format=webp/media/course/image/59a3f9ce-134d-4d2c-9051-780313effc92-7737c114fc92.jpg",Use the case study method to study China from the rise of Deng Xiaoping to the present.,12,,,1,3,1065,True,course-v1:HarvardX+SW12.10x+2015
course-4fbacf29-b308-44de-9468-4638ef040e51,4fbacf29-b308-44de-9468-4638ef040e51,China’s First Empires and the Rise of Buddhism,Harvard University,Course,Course,edX,Introductory,History; Humanities,English,Current,self_paced,,https://www.edx.org/learn/chinese-history/harvard-university-chinas-first-empires-and-the-rise-of-buddhism,"https://prod-discovery.edx-cdn.org/cdn-cgi/image/width=auto,height=auto,quality=75,format=webp/media/course/image/4fbacf29-b308-44de-9468-4638ef040e51-96328eb96e90.jpg","Learn about the Qin and Han dynasties, and how Buddhism and ideas of self-realization influenced the medieval period.",12,,,1,3,1061,True,course-v1:HarvardX+SW12.2x+2015
course-1c0a044e-3dce-47ef-a8b5-806d32eff2b9,1c0a044e-3dce-47ef-a8b5-806d32eff2b9,Inteligencia Artificial para negocios,Tecnológico de Monterrey,Course,Course,edX,Intermediate,Computer Science; Engineering,Spanish,Current,self_paced,Data Storage Technologies; Machine Learning; Artificial Intelligence; Value Propositions; Decision Making,https://www.edx.org/learn/artificial-intelligence/tecnologico-de-monterrey-inteligencia-artificial-para-negocios,"https://prod-discovery.edx-cdn.org/cdn-cgi/image/width=auto,height=auto,quality=75,format=webp/media/course/image/1c0a044e-3dce-47ef-a8b5-806d32eff2b9-7facf530ed3c.png","A través de este curso podrás analizar los conceptos relacionados al aprendizaje automático, las técnicas más comunes y su alcance; además podrás aplicar soluciones de inteligencia artificial para poner en práctica en tu negocio.",5,,,5,8,1056,False,course-v1:TecdeMonterreyX+IAN.1x+3T2022
course-fc678a33-db0c-4038-88e4-07d8effa97d0,fc678a33-db0c-4038-88e4-07d8effa97d0,Mastering Generative AI for Cybersecurity,IBM,Course,Course,edX,Intermediate,Computer Science,English,Current,self_paced,Vulnerability; Threat Detection; Machine Learning; Natural Language Processing; Phishing; Demand Generation; Cyber Defense; Cyber Threat Intelligence; Security Information And Event Management (SIEM); Forecasting; Security Operations; Artificial Intelligence; Workflow Management; Cyber Security; Vulnerability Management,https://www.edx.org/learn/computer-science/ibm-mastering-generative-ai-for-cybersecurity,"https://prod-discovery.edx-cdn.org/cdn-cgi/image/width=auto,height=auto,quality=75,format=webp/media/course/image/fc678a33-db0c-4038-88e4-07d8effa97d0-679fe779008d.jpeg","Learn how to leverage the power of generative AI in cybersecurity, including UEBA, threat intelligence, phishing, malware, misinformation, deepfakes, and SIEM and SOC tasks.",3,,,2,3,1035,True,course-v1:IBM+AI0275EN+3T2024
course-f5b128a9-f596-4921-be81-d3362270e8d8,f5b128a9-f596-4921-be81-d3362270e8d8,Abnormal Psychology,Doane University,Course,Course,edX,Intermediate,Humanities; Social Sciences,English,Current,self_paced,Abnormal Psychology; Diagnostic And Statistical Manual Of Mental Disorders; Psychology; Biology; Auditing,https://www.edx.org/learn/abnormal-psychology/doane-university-abnormal-psychology,"https://prod-discovery.edx-cdn.org/cdn-cgi/image/width=auto,height=auto,quality=75,format=webp/media/course/image/f5b128a9-f596-4921-be81-d3362270e8d8-c62a4697864d.jpeg","A study of abnormal human behaviors within the diversity of human behavior.
This course is eligible for Audit and Verified Certificate only.",8,,,8,12,1035,False,course-v1:DoaneX+PSYC-416x+1T2021
course-c2105c0c-ab59-4ba8-80fa-e6a01334432f,c2105c0c-ab59-4ba8-80fa-e6a01334432f,Pensamiento crítico: toma de decisiones razonadas,Tecnológico de Monterrey,Course,Course,edX,Introductory,Business & Management,Spanish,Current,self_paced,Ethical Responsibility; Decision Making; Critical Thinking; Social Issue,https://www.edx.org/learn/critical-thinking-skills/tecnologico-de-monterrey-pensamiento-critico-toma-de-decisiones-razonadas,"https://prod-discovery.edx-cdn.org/cdn-cgi/image/width=auto,height=auto,quality=75,format=webp/media/course/image/c2105c0c-ab59-4ba8-80fa-e6a01334432f-fb83a5828049.jpg",Aprende a analizar eventos con rigor intelectual. Identifica como las decisiones razonadas ayudan a enfrentar el cambio.,4,,,5,8,1035,True,course-v1:TecdeMonterreyX+MMPC.1x+1T2019
course-f42bce09-2533-48fb-a9c4-8053aedf941b,f42bce09-2533-48fb-a9c4-8053aedf941b,Learn Like a Pro: Science-Based Tools to Become Better at Anything,Barbara Oakley & Olav Schewe,Course,Course,edX,Introductory,Education & Teacher Training; Computer Science; Business & Management,English,Current,self_paced,Speed Reading; Optometry; Research; Teaching,https://www.edx.org/learn/how-to-learn/barbara-oakley-olav-schewe-learn-like-a-pro-science-based-tools-to-become-better-at-anything,"https://prod-discovery.edx-cdn.org/cdn-cgi/image/width=auto,height=auto,quality=75,format=webp/media/course/image/f42bce09-2533-48fb-a9c4-8053aedf941b-798c36769d88.png","Do you spend too much time learning, with disappointing results? Do you put off studying because it’s boring and you’re easily distracted? This course is for you! In Learn Like a Pro , beloved teacher of learning Dr. Barbara Oakley, and learning coach extraordinaire Olav Schewe lay out techniques that can help you master any material. Based on easy-to-understand but cutting-edge neuroscientific research, Learn Like a Pro is like no other course on learning—join us today!",2,,,1,2,1033,False,course-v1:BarbaraOakley_OlavSchewe+LLAP+1T2021
course-0bee80b0-99de-4414-9429-c9f02265d8f9,0bee80b0-99de-4414-9429-c9f02265d8f9,Learning Time Series with Interventions,Massachusetts Institute of Technology,Course,Course,edX,Intermediate,Data Analysis & Statistics,English,Current,instructor_paced,,https://www.edx.org/learn/data-analysis-statistics/massachusetts-institute-of-technology-learning-time-series-with-interventions,"https://prod-discovery.edx-cdn.org/cdn-cgi/image/width=auto,height=auto,quality=75,format=webp/media/course/image/0bee80b0-99de-4414-9429-c9f02265d8f9-456cb0cf9419.jpeg","An in-depth introduction to time series analysis, from learning structured models to predictions and reinforcement learning, with hands-on projects - Part of the MITx MicroMasters program in Statistics and Data Science.",14,,,10,14,1028,True,course-v1:MITx+IDS.S24x+2T2024
course-1fbfd3aa-7525-4148-8b1f-c78381ef04cf,1fbfd3aa-7525-4148-8b1f-c78381ef04cf,Sustainable Cities,SDG Academy,Course,Course,edX,Intermediate,Environmental Studies; Architecture; Design,English,Current,self_paced,Public Policies; Economics; Sustainability; Real Estate; Sustainable Business; Resilience; Urban Sustainability; Telecommunications; Real Estate Development; Infrastructure; Sustainable Development,https://www.edx.org/learn/sustainability/sdg-academy-sustainable-cities,"https://prod-discovery.edx-cdn.org/cdn-cgi/image/width=auto,height=auto,quality=75,format=webp/media/course/image/1fbfd3aa-7525-4148-8b1f-c78381ef04cf-be7cb7da3a52.jpg","Learn how government, the private sector, and other actors can support sustainable urban development",9,,,4,6,1026,True,course-v1:SDGAcademyX+SC001+1T2019
course-cda1927e-50ae-42cf-aa97-7f342dfc4961,cda1927e-50ae-42cf-aa97-7f342dfc4961,Self-Assessment – Developing Your Strengths,Fullbridge,Course,Course,edX,Introductory,Business & Management,English,Current,self_paced,Career Development,https://www.edx.org/learn/professional-development/fullbridge-self-assessment-developing-your-strengths,"https://prod-discovery.edx-cdn.org/cdn-cgi/image/width=auto,height=auto,quality=75,format=webp/media/course/image/cda1927e-50ae-42cf-aa97-7f342dfc4961-01edc03e04bb.jpg","Learn how to leverage your strengths for professional growth. Focus on your interests, and develop a strategic career roadmap.",3,,,3,4,1022,True,course-v1:FullbridgeX+Career1x+3T2015
course-df5df2db-f38a-47f1-910a-ef99e92a223a,df5df2db-f38a-47f1-910a-ef99e92a223a,The Jewish Bible: Its History As A Physical Artifact.,Harvard University,Course,Course,edX,Introductory,Humanities; History; Literature,English,Current,self_paced,Page Layout; Apache Spark; Willingness To Learn; Hebrew Language,https://www.edx.org/learn/history/harvard-university-the-jewish-bible-its-history-as-a-physical-artifact,"https://prod-discovery.edx-cdn.org/cdn-cgi/image/width=auto,height=auto,quality=75,format=webp/media/course/image/df5df2db-f38a-47f1-910a-ef99e92a223a-1d2ec34e912d.jpeg","Can a book teach us more than just what is written inside of it? Beyond the words on a page, physical texts provide insights into the history, culture, and people of a time. One such text is the Jewish Bible, which has a physical history as storied and diasporic as that of the Jewish people.",6,,,2,4,1021,False,course-v1:HarvardX+Hum1-10x+3T2019
course-093bbaf3-0260-48e6-b87d-db4239879b44,093bbaf3-0260-48e6-b87d-db4239879b44,Behavioral Neuroscience: Foundations of Compulsive Behaviors,University of Alaska Fairbanks,Course,Course,edX,Introductory,Biology & Life Sciences; Medicine; Health & Safety,English,Current,self_paced,Mental Health; Basic Research; Neuroscience; Neurobiology; Diagnostic And Statistical Manual Of Mental Disorders; Cognitive Processing; Behavioral Science; Research Methodologies; Animal Models; Computational Neuroscience; Neuropsychology; Neuroanatomy; Biology; Neurophysiology; Animal Care; Research,https://www.edx.org/learn/neuroscience/university-of-alaska-fairbanks-behavioral-neuroscience-foundations-of-compulsive-behaviors,"https://prod-discovery.edx-cdn.org/cdn-cgi/image/width=auto,height=auto,quality=75,format=webp/media/course/image/093bbaf3-0260-48e6-b87d-db4239879b44-bcc90e651b98.jpeg","Enroll in the first MOOC to teach behavioral neuroscience research using laboratory mice. In this self-paced, free online course, you will learn responsible conduct of research and how to collect scientific data using two different tests that measure compulsions, and interpret and discuss the results in the context of obsessive-compulsive disorder in humans.",5,,,5,7,1018,True,course-v1:AlaskaX+NEURO1x+2T2022
course-e6a4684b-e92d-4eb0-9c3a-b7e6f02c1644,e6a4684b-e92d-4eb0-9c3a-b7e6f02c1644,Introduction to Financial Programming and Policies,The International Monetary Fund,Course,Course,edX,Introductory,Economics & Finance,English,Current,self_paced,,https://www.edx.org/learn/economics-finance/the-international-monetary-fund-introduction-to-financial-programming-and-policies,"https://prod-discovery.edx-cdn.org/cdn-cgi/image/width=auto,height=auto,quality=75,format=webp/media/course/image/e6a4684b-e92d-4eb0-9c3a-b7e6f02c1644-492fe5ccc0a4.jpeg",Learn the foundational knowledge underpinning the IMF's financial programming and policies.,3,,,1,2,1016,False,course-v1:IMFx+FPP.0x+2T2025
course-45a0f892-75f0-4b7f-b349-bd94c5e3d515,45a0f892-75f0-4b7f-b349-bd94c5e3d515,Evaluating Impact in Low- and Middle-Income Countries,World Bank Group,Course,Course,edX,Introductory,Economics & Finance,English,Current,self_paced,Microfinance; Human Development; Health Education; Quick Learning; Agriculture; Innovation; Randomized Controlled Trial,https://www.edx.org/learn/economics/world-bank-group-evaluating-impact-in-low-and-middle-income-countries,"https://prod-discovery.edx-cdn.org/cdn-cgi/image/width=auto,height=auto,quality=75,format=webp/media/course/image/45a0f892-75f0-4b7f-b349-bd94c5e3d515-1735994b374c.jpeg","How can we know if the policies and interventions implemented in low- and middle-income countries are making a difference, if they are really improving outcomes? This course provides the experimental and statistical tools needed to rigorously measure the effects of policies and programs, with a particular focus on questions of causal attribution, the design and conduct of randomized control trials and quasi-experimental methods, and estimation of impacts using regression techniques.",24,,,3,5,1015,False,course-v1:WBGx+IEM01x+1T2022
course-4bdbc019-d18d-440c-8322-b436ab7e2aff,4bdbc019-d18d-440c-8322-b436ab7e2aff,Learning and memory in the brain: a guide for teachers,University of Cambridge,Course,Course,edX,Introductory,Education & Teacher Training; Science,English,Current,self_paced,Psychology; Human Development; Research; Dyslexia; Autism Spectrum Disorders; Teaching,https://www.edx.org/learn/education/university-of-cambridge-learning-and-memory-in-the-brain-a-guide-for-teachers,"https://prod-discovery.edx-cdn.org/cdn-cgi/image/width=auto,height=auto,quality=75,format=webp/media/course/image/4bdbc019-d18d-440c-8322-b436ab7e2aff-df3070f1b53d.jpeg",This course will help you discover how neuroscience and psychology can help your students learn more effectively.,5,,,3,5,1007,False,course-v1:UniversityofCambridge+2223EDX001+3T2022
course-46f5e093-a40c-4eb2-932c-272ba7d870f1,46f5e093-a40c-4eb2-932c-272ba7d870f1,Introducción a Power BI para los negocios,Universitat Politècnica de València,Course,Course,edX,Introductory,Data Analysis & Statistics; Computer Science,Spanish,Current,self_paced,Data Modeling; Business Intelligence; Teamwork; Data Analysis; Power BI; Microsoft Office; Collaborative Software,https://www.edx.org/learn/power-bi/universitat-politecnica-de-valencia-introduccion-a-power-bi-para-los-negocios,"https://prod-discovery.edx-cdn.org/cdn-cgi/image/width=auto,height=auto,quality=75,format=webp/media/course/image/46f5e093-a40c-4eb2-932c-272ba7d870f1-b9f192e974e7.png","Te presentamos los componentes de Power BI, te mostramos la herramienta gratuita Power BI Desktop y te enseñamos a usarla para cargar y tratar datos de diversas fuentes, relacionar los datos importados e incorporar medidas para extraer la información importante y manejar las visualizaciones gráficas más habituales y utilizar los filtros para presentarla de la mejor manera posible.",4,,,4,5,1004,True,course-v1:UPValenciaX+pwrbi102x+2T2021
course-3aeadf90-2309-4df1-9300-d9a3a8a7f131,3aeadf90-2309-4df1-9300-d9a3a8a7f131,AI in Practice: Applying AI,Delft University of Technology,Course,Course,edX,Intermediate,Business & Management; Computer Science; Data Analysis & Statistics,English,Current,self_paced,Artificial Intelligence; Algorithms; Deep Learning; Data Analysis; Reinforcement Learning; Image Analysis; Machine Learning; Innovation; Natural Language Processing; Applications Of Artificial Intelligence,https://www.edx.org/learn/artificial-intelligence/delft-university-of-technology-ai-in-practice-applying-ai,"https://prod-discovery.edx-cdn.org/cdn-cgi/image/width=auto,height=auto,quality=75,format=webp/media/course/image/3aeadf90-2309-4df1-9300-d9a3a8a7f131-530eb9587d20.jpeg",Learn about the implementation and practical aspects of Artificial Intelligence and how to write a plan for applying AI in your own organization in a step-by-step manner.,5,,,3,5,1004,True,course-v1:DelftX+AIIP2x+1T2021
course-dcea46cf-96bc-446d-8e23-cb36db4276b4,dcea46cf-96bc-446d-8e23-cb36db4276b4,Python Programming: Basic Skills,Codio,Course,Course,edX,Introductory,Computer Science,English,Current,self_paced,,https://www.edx.org/learn/python/codio-python-programming-basic-skills,"https://prod-discovery.edx-cdn.org/cdn-cgi/image/width=auto,height=auto,quality=75,format=webp/media/course/image/dcea46cf-96bc-446d-8e23-cb36db4276b4-c705aa33a5e3.png","Code and run your first Python program in minutes without installing anything!
This beginner-focused course will give you the basic skills needed to write a simple program in Python. Topics covered include variables, operators, loops, conditionals, and lists",5,,,2,3,1002,True,course-v1:Codio+python1.1+1T2023
course-b60ef977-73c0-4a0b-8f76-615d4a697996,b60ef977-73c0-4a0b-8f76-615d4a697996,Introduction to AI,Arm Education,Course,Course,edX,Introductory,Computer Science; Engineering,English,Current,self_paced,Contextual Image Classification; PyTorch (Machine Learning Library); Keys And Locks; Energy Consumption; Balancing (Ledger/Billing); Curiosity; Algorithms; Machine Learning; Artificial Intelligence; Data Science; Software Development; Linear Regression,https://www.edx.org/learn/computer-science/arm-education-introduction-to-ai,"https://prod-discovery.edx-cdn.org/cdn-cgi/image/width=auto,height=auto,quality=75,format=webp/media/course/image/b60ef977-73c0-4a0b-8f76-615d4a697996-73bd5b56a5a1.jpeg","Discover the fundamental concepts behind artificial intelligence (AI) and machine learning in this introductory course. Explore the various types of AI, examine ethical considerations, and delve into the key machine learning models that power modern AI systems. Whether your goal is to work directly with AI, strengthen your software development skills, or enhance your data science expertise, this course provides an essential foundation for success in the field.",12,,,1,2,1001,False,course-v1:ArmEducationX+EDARMXAI.6+1T2025
course-07e27283-4c0a-4efc-80fb-3864df40632a,07e27283-4c0a-4efc-80fb-3864df40632a,Learning How to Learn: Unlocking a Growth Mindset with AI,edX,Course,Course,edX,Introductory,Education & Teacher Training,English,Current,self_paced,Positivity; Growth Mindedness; Learning Agility; Resilience; Lifelong Learning; Learning Strategies; Artificial Intelligence; Meta Learning,https://www.edx.org/learn/education-teacher-training/edx-learning-strategies-with-ai,"https://prod-discovery.edx-cdn.org/cdn-cgi/image/width=auto,height=auto,quality=75,format=webp/media/course/image/07e27283-4c0a-4efc-80fb-3864df40632a-6e7170cf7f7e.png","Foster a growth mindset, embrace continuous learning and personal development, and transform your future. Master the skills for learning how to learn while leveraging AI as a learning partner to overcome tough challenges and strengthen your resilience.",1,,,4,16,1000,False,course-v1:edX+LearnAI1.0+3T2024
course-b6c650d4-d6a4-4ddd-b299-8400e1156a26,b6c650d4-d6a4-4ddd-b299-8400e1156a26,Entrepreneurship For All (Part I): The UC Berkeley Startup Guide for students by Silicon Valley Insiders,"University of California, Berkeley",Course,Course,edX,Intermediate,Business & Management,English,Current,self_paced,Research; Business To Business; Slack (Software); Bootstrapping; Intrapreneurship; Business-To-Consumer; Sales; Lean Startup Methodology; Customer Acquisition Management; Financial Technology (FinTech); Growth Hacking; Software as a Service (SaaS); Guitars; Market Size; Market Liquidity; Social Entrepreneurship; New Product Development,https://www.edx.org/learn/entrepreneurship/university-of-california-berkeley-entrepreneurship-for-all-part-i-idea-to-launch,"https://prod-discovery.edx-cdn.org/cdn-cgi/image/width=auto,height=auto,quality=75,format=webp/media/course/image/b6c650d4-d6a4-4ddd-b299-8400e1156a26-e4e807d3df41.jpeg","This is the Silicon Valley insiders’ guide to entrepreneurship. Entrepreneurs &amp; investors from YouTube, Khan Academy, Rotten Tomatoes, Chegg, Andreessen Horowitz, Bain Capital, etc., join the lecturers to share concepts and experiences along the startup lifecycle.",6,,,4,7,999,True,course-v1:BerkeleyX+SOCSCI10.1+2T2022
course-56d09d4a-acc8-4d90-8926-ed0bfe408b2b,56d09d4a-acc8-4d90-8926-ed0bfe408b2b,Git and GitHub Basics,IBM,Course,Course,edX,Introductory,Computer Science,English,Current,self_paced,Workflow Management; Version Control; Web UI; Git (Version Control System); Web Browsers; Open Source Technology; Operations; Github; Software Development,https://www.edx.org/learn/github/ibm-git-and-github-basics,"https://prod-discovery.edx-cdn.org/cdn-cgi/image/width=auto,height=auto,quality=75,format=webp/media/course/image/56d09d4a-acc8-4d90-8926-ed0bfe408b2b-870507921e02.png","Gain the skills to work with Version Control Systems Git and GitHub. Explore key concepts, including branching and repositories; practice forking, cloning, and merging workflows and build your portfolio as your final project.",3,,,6,8,993,True,course-v1:IBM+CD0131EN+3T2022
course-b30c5c26-0189-422c-a66e-5af26463e446,b30c5c26-0189-422c-a66e-5af26463e446,Probability and Statistics I:  A Gentle Introduction to Probability,The Georgia Institute of Technology,Course,Course,edX,Intermediate,Data Analysis & Statistics; Math; Engineering,English,Current; Upcoming,self_paced,Probability; Set Theory; Calculus; Bayesian Statistics; Probability And Statistics,https://www.edx.org/learn/statistics/the-georgia-institute-of-technology-probability-and-statistics-i-a-gentle-introduction-to-probability,"https://prod-discovery.edx-cdn.org/cdn-cgi/image/width=auto,height=auto,quality=75,format=webp/media/course/image/b30c5c26-0189-422c-a66e-5af26463e446-976c90fdc203.jpeg","This course provides an introduction to basic probability concepts. Our emphasis is on applications in science and engineering, with the goal of enhancing modeling and analysis skills for a variety of real-world problems.",3,,,6,10,983,True,course-v1:GTx+ISYE6739xI+2T2020
course-b20ac6d3-50c5-4a5b-8ce4-e33370117312,b20ac6d3-50c5-4a5b-8ce4-e33370117312,Essential Math for AI,Columbia University,Course,Course,edX,Advanced,Computer Science,English,Current,self_paced,,https://www.edx.org/learn/computer-science/columbia-university-essential-math-for-ai,"https://prod-discovery.edx-cdn.org/cdn-cgi/image/width=auto,height=auto,quality=75,format=webp/media/course/image/b20ac6d3-50c5-4a5b-8ce4-e33370117312-a89a50e00791.jpeg",This course introduces the fundamental math used in AI as a review and refresher in preparation for more comprehensive course work.,2,,,1,3,981,True,course-v1:ColumbiaX+CU.OC.AI001+1T2024
course-fbdea5ab-3d0f-49b9-9c12-19423f78713c,fbdea5ab-3d0f-49b9-9c12-19423f78713c,AI Foundations for Business Leaders,Microsoft,Course,Course,edX,Introductory,Computer Science,English,Current,self_paced,Innovation; Business Process; Artificial Intelligence; Decision Making; Business Strategies,https://www.edx.org/learn/computer-science/microsoft-learning-path-introduction-to-ai-for-business-users,"https://prod-discovery.edx-cdn.org/cdn-cgi/image/width=auto,height=auto,quality=75,format=webp/media/course/image/fbdea5ab-3d0f-49b9-9c12-19423f78713c-2f0c3b856cf3.jpeg","A foundational course explaining AI in business, its real-world applications, and how companies can adopt AI-powered solutions for efficiency and growth.",1,,,2,3,979,True,course-v1:Microsoft+ITAIFBU+1T2025
course-a9d05ac7-b437-46c0-84dd-fb8c586af4a5,a9d05ac7-b437-46c0-84dd-fb8c586af4a5,Supply Chain Planning and Strategy,International Supply Chain Education Alliance,Course,Course,edX,Introductory,Business & Management,English,Current,self_paced,Supply Chain; Planning; Forecasting; Supply Chain Planning; Supply Chain Analysis; Strategic Management; Supply Chain Strategy; Strategic Decision-Making; Supply Chain Management; Sales Inventory And Operations Planning; Demand Management; Management,https://www.edx.org/learn/supply-chain-management/international-supply-chain-education-alliance-supply-chain-planning-and-strategy,"https://prod-discovery.edx-cdn.org/cdn-cgi/image/width=auto,height=auto,quality=75,format=webp/media/course/image/a9d05ac7-b437-46c0-84dd-fb8c586af4a5-325fd93048bc.jpeg",Master the supply chain language used throughout the industry and learn the foundational topics required for strategic and tactical planning ​- part of the ISCEA CSCA - Certified Supply Chain Analyst - Internationally Recognized Certificate.,4,,,2,8,978,True,course-v1:ISCEA+CSCA01+3T2021
course-f6d044f2-857d-4932-9be6-57d2a41a8e27,f6d044f2-857d-4932-9be6-57d2a41a8e27,"Draft, analyze, and present with Microsoft 365 Copilot",Microsoft,Course,Course,edX,Introductory,Computer Science,English,Current,self_paced,Artificial Intelligence; Visual Workplaces; Workflow Management; Data-Driven Decision-Making; Microsoft 365; Presentations,https://www.edx.org/learn/computer-science/microsoft-draft-analyze-and-present-with-microsoft-365-copilot,"https://prod-discovery.edx-cdn.org/cdn-cgi/image/width=auto,height=auto,quality=75,format=webp/media/course/image/f6d044f2-857d-4932-9be6-57d2a41a8e27-afa1789a2b1f.jpeg","Learn to draft, analyze, and present using Microsoft 365 Copilot. Enhance productivity, automate tasks, and create professional documents and presentations with AI-driven tools to advance your career and stay ahead in the modern workplace.
This course is ideal for professionals in any industry looking to improve productivity, enhance document creation, and make better data-driven decisions using Microsoft 365 Copilot. Whether you're a business analyst, project manager, marketer, or anyone seeking to boost your career, this course will help you master essential AI tools in the Microsoft 365 suite.
By the end of this course, you’ll have the skills to draft, analyze, and present with ease, using Microsoft 365 Copilot to automate tasks and elevate your work output. Master these tools and set yourself up for success in today’s fast-paced, AI-driven work environment.",2,,,2,3,972,True,course-v1:Microsoft+DAPM365+1T2025
course-8a1d65fc-8ae5-4292-ad7b-e5c6059aeb91,8a1d65fc-8ae5-4292-ad7b-e5c6059aeb91,Agile Leadership Principles and Practices,"The University of Maryland, College Park",Course,Course,edX,Advanced,Engineering; Business & Management; Philosophy & Ethics,English,Current,self_paced,Leadership; Project Management Institute (PMI) Methodology; Auditing; Project Management Professional Certification; PMI Agile Certified Practitioner; Learning Agility; Innovation; Communications; Certified Scrum Master; Scrum (Software Development); Decision Making; Creativity; Team Motivation; Emotional Intelligence; Command Controls; Agile Methodology; Leadership Styles; Empowerment; Agile Leadership,https://www.edx.org/learn/agile/the-university-of-maryland-college-park-agile-leadership-principles-and-practices,"https://prod-discovery.edx-cdn.org/cdn-cgi/image/width=auto,height=auto,quality=75,format=webp/media/course/image/8a1d65fc-8ae5-4292-ad7b-e5c6059aeb91-ff05e344413a.jpg","Accelerate and improve team decisions by learning Agile’s facilitating leadership principles to unleash team productivity, motivation, and problem solving.",4,,,2,3,969,True,course-v1:USMx+ENCE607.4x+1T2019
course-e3e1545c-565d-4fa2-bfd0-92abdd9a8145,e3e1545c-565d-4fa2-bfd0-92abdd9a8145,People Management with Impact,Indian Institute of Management Bangalore,Course,Course,edX,Introductory,Business & Management,English,Current,self_paced,People Management; Leadership; Communications; Management,https://www.edx.org/learn/management/indian-institute-of-management-bangalore-people-management,"https://prod-discovery.edx-cdn.org/cdn-cgi/image/width=auto,height=auto,quality=75,format=webp/media/course/image/e3e1545c-565d-4fa2-bfd0-92abdd9a8145-fe95ee0c763b.jpg",Learn to be a better manager by developing leadership and communication skills designed to turn first time managers into great team leaders.,8,,,2,4,963,True,course-v1:IIMBx+HR101x+1T2016
course-1a666720-9507-4ea7-992e-8a956c83d775,1a666720-9507-4ea7-992e-8a956c83d775,HTML5 and CSS Fundamentals,The World Wide Web Consortium (W3C),Course,Course,edX,Introductory,Computer Science,English,Current,self_paced,Look And Feel; Front End (Software Engineering); Web Development; Web Standards; Web Design; HTML5; Cascading Style Sheets (CSS),https://www.edx.org/learn/css/the-world-wide-web-consortium-w3c-html5-and-css-fundamentals,"https://prod-discovery.edx-cdn.org/cdn-cgi/image/width=auto,height=auto,quality=75,format=webp/media/course/image/1a666720-9507-4ea7-992e-8a956c83d775-d70e7856c814.png","Learn how to build Web sites using HTML5 and basic CSS, directly from W3C, creator of the latest Web standards.",6,,,4,6,961,True,course-v1:W3Cx+HTML5.0x+1T2016
course-d9650bd1-5d21-4b11-a778-7268bb7515eb,d9650bd1-5d21-4b11-a778-7268bb7515eb,Finance for Non-finance Professionals,University of Cambridge,Course,Course,edX,Introductory,Economics & Finance,English,Current,self_paced,,https://www.edx.org/learn/economics-finance/university-of-cambridge-finance-for-non-financial-managers,"https://prod-discovery.edx-cdn.org/cdn-cgi/image/width=auto,height=auto,quality=75,format=webp/media/course/image/d9650bd1-5d21-4b11-a778-7268bb7515eb-1ac2b6257058.jpeg","This course covers the essential skills that non-finance professionals need in finance and accounting, expenditure proposals, reporting against budgets, Excel modeling and quantitative skills.",5,,,3,5,960,True,course-v1:UniversityofCambridge+FNFM+3T2024
course-b5f62d16-ac55-4b5f-ab39-d19dc635d158,b5f62d16-ac55-4b5f-ab39-d19dc635d158,Python for AI & Development Project,IBM,Course,Course,edX,Intermediate,Data Analysis & Statistics,English,Current,self_paced,Unit Testing; Python (Programming Language); Packaging And Labeling; Artificial Intelligence,https://www.edx.org/learn/python/ibm-python-for-ai-development-project,"https://prod-discovery.edx-cdn.org/cdn-cgi/image/width=auto,height=auto,quality=75,format=webp/media/course/image/b5f62d16-ac55-4b5f-ab39-d19dc635d158-ad1d78dfab3a.jpeg","This mini-course introduces you to the process for unit testing Python code, including building and running unit tests and packaging the Python application for distribution.",1,,,3,4,951,True,course-v1:IBM+PY0222EN+1T2021
course-dc8b9611-ae52-4528-9a93-73928cbed32f,dc8b9611-ae52-4528-9a93-73928cbed32f,Mastering Generative AI: Agents with RAG and LangChain,IBM,Course,Course,edX,Intermediate,Computer Science,English,Current,self_paced,,https://www.edx.org/learn/computer-science/ibm-mastering-generative-ai-agents-with-rag-and-langchain,"https://prod-discovery.edx-cdn.org/cdn-cgi/image/width=auto,height=auto,quality=75,format=webp/media/course/image/dc8b9611-ae52-4528-9a93-73928cbed32f-ff574b782eaf.jpeg","Power up your resume with in-demand RAG and LangChain skills employers are looking for. Dive into the world of retrieval augmented generation (RAG), Hugging Face, and LangChain and take your gen AI career up a gear in just 2 weeks!",2,,,2,4,950,True,course-v1:IBM+AI0213EN+3T2024
course-509a0d92-cf87-4fd6-bc45-7b23210208e7,509a0d92-cf87-4fd6-bc45-7b23210208e7,"Language, Proof and Logic",Stanford University,Course,Course,edX,Introductory,Philosophy & Ethics; Math; Computer Science,English,Current,self_paced,,https://www.edx.org/learn/logic/stanford-university-language-proof-and-logic,"https://prod-discovery.edx-cdn.org/cdn-cgi/image/width=auto,height=auto,quality=75,format=webp/media/course/image/509a0d92-cf87-4fd6-bc45-7b23210208e7-5011fb6f6fef.jpeg","The ability to reason is fundamental to human beings. Whatever the discipline or discourse it is important to be able to distinguish correct reasoning from incorrect reasoning. The consequences of incorrect reasoning can be minor, like getting lost on the way to a birthday party, or more significant, for example launching nuclear missiles at a flock of ducks, or permanently losing contact with a space craft.
The fundamental question that we will address in this course is ""when does one statement necessarily follow from another"" --- or in the terminology of the course, ""when is one statement a logical consequence of another"". This is an issue of some importance, since an answer to the question would allow us to examine an argument presented in a blog, for example, and to decide whether it really demonstrates the truth of the conclusion of the argument. Our own reasoning might also improve, since we would also be able to analyze our own arguments to see whether they really do demonstrate their conclusions.",15,,,5,10,946,False,course-v1:StanfordOnline+PHILX0001+1T2020
course-93300fc7-2aaf-4efd-ba14-a9628b799daf,93300fc7-2aaf-4efd-ba14-a9628b799daf,Nutrition and Health: Micronutrients and Malnutrition,Wageningen University & Research,Course,Course,edX,Intermediate,Biology & Life Sciences; Food & Nutrition; Health & Safety,English,Current,self_paced,Health Impact Assessments; Cancer; Malnutrition; Diabetes Mellitus,https://www.edx.org/learn/nutrition/wageningen-university-research-nutrition-and-health-micronutrients-and-malnutrition,"https://prod-discovery.edx-cdn.org/cdn-cgi/image/width=auto,height=auto,quality=75,format=webp/media/course/image/93300fc7-2aaf-4efd-ba14-a9628b799daf-52c3e3a337f7.jpg","Learn from the top professors of Wageningen University &amp; Research about malnutrition and micronutrients and how they impact your health. This online course is offered as a MOOC, and is part of the Professional Certificate Pogramme: Nutrition and Health.",7,,,6,8,945,True,course-v1:WageningenX+NUTR102x+1T2016
course-2dfeaf7e-6edc-4c1f-9a6d-d90a30534639,2dfeaf7e-6edc-4c1f-9a6d-d90a30534639,First Nights - Beethoven's 9th Symphony and the 19th Century Orchestra,Harvard University,Course,Course,edX,Introductory,Humanities; Art & Culture; History,English,Current,self_paced,Written Composition; Choral Music; Finale (Software),https://www.edx.org/learn/music-arts/harvard-university-first-nights-beethoven-s-9th-symphony-and-the-19th-century-orchestra,"https://prod-discovery.edx-cdn.org/cdn-cgi/image/width=auto,height=auto,quality=75,format=webp/media/course/image/2dfeaf7e-6edc-4c1f-9a6d-d90a30534639-4bdf640e8fab.jpg",Learn about Beethoven’s monumental 9th Symphony and forms of orchestral music.,3,,,3,5,944,True,course-v1:HarvardX+MUS24.3x+1T2016
course-674f23a2-f3e5-4b1e-8923-a4777555b536,674f23a2-f3e5-4b1e-8923-a4777555b536,Copilot Foundations for Productivity,Microsoft,Course,Course,edX,Introductory,Computer Science,English,Current,self_paced,Workflow Management; Artificial Intelligence; Microsoft 365; Content Creation,https://www.edx.org/learn/computer-science/microsoft-copilot-foundations,"https://prod-discovery.edx-cdn.org/cdn-cgi/image/width=auto,height=auto,quality=75,format=webp/media/course/image/674f23a2-f3e5-4b1e-8923-a4777555b536-8337fead406b.jpeg","Learn the fundamentals of Microsoft Copilot to boost productivity. Explore its integration across apps, automate tasks, and gain essential AI skills to enhance your efficiency and advance your career in today’s tech-driven workplace.",1,,,3,4,932,True,course-v1:Microsoft+COPF+1T2025
course-46fba349-4a28-4a4d-ac9e-2e451b50e00c,46fba349-4a28-4a4d-ac9e-2e451b50e00c,Introduction to Animal Behaviour,Wageningen University & Research,Course,Course,edX,Introductory,Biology & Life Sciences; Science; Energy & Earth Sciences,English,Current,self_paced,Biology; Enthusiasm; Ecology; Life Sciences,https://www.edx.org/learn/animal-behavior/wageningen-university-research-introduction-to-animal-behaviour,"https://prod-discovery.edx-cdn.org/cdn-cgi/image/width=auto,height=auto,quality=75,format=webp/media/course/image/46fba349-4a28-4a4d-ac9e-2e451b50e00c-a703e051d80d.jpg","Explore the amazing range and complexity of wild animal behaviour. Discover how animals learn, communicate, find food, avoid predators, and interact socially.",6,,,4,6,931,True,course-v1:WageningenX+AB101x+3T2016
course-ecca6ceb-d524-4897-9f0b-dae99b5c4257,ecca6ceb-d524-4897-9f0b-dae99b5c4257,Business Communication,Rochester Institute of Technology,Course,Course,edX,Introductory,Communication; Business & Management,English,Current,self_paced,Non-Verbal Communication; Communications; Business Communication; Active Listening; Business Writing; Leadership; Target Audience,https://www.edx.org/learn/business-communications/rochester-institute-of-technology-business-communication-3,"https://prod-discovery.edx-cdn.org/cdn-cgi/image/width=auto,height=auto,quality=75,format=webp/media/course/image/ecca6ceb-d524-4897-9f0b-dae99b5c4257-075e4ab3f04a.jpeg","Learn how to effectively communicate and build professional relationships through face-to-face, written, and non-verbal communication.",3,,,4,6,926,True,course-v1:RITx+LEAD101+2T2020
course-ac5bb669-2b50-4a03-b1e8-16778f9f13b9,ac5bb669-2b50-4a03-b1e8-16778f9f13b9,Fundamentals of Digital Transformation,Dartmouth College,Course,Course,edX,Introductory,Data Analysis & Statistics; Computer Science; Business & Management,English,Current,self_paced,Prescriptive Analytics; Operations; Internet Of Things (IoT); Innovation; Data-Driven Decision-Making; Predictive Analytics; Digital Transformation; Cloud Computing; Automation; Leadership; Artificial Intelligence,https://www.edx.org/learn/data-analysis-statistics/dartmouth-college-fundamentals-of-digital-transformation,"https://prod-discovery.edx-cdn.org/cdn-cgi/image/width=auto,height=auto,quality=75,format=webp/media/course/image/ac5bb669-2b50-4a03-b1e8-16778f9f13b9-2c786a3015df.png","The Fundamentals of Digital Transformation course provides a comprehensive introduction to the technologies, strategies, and business models driving digital innovation. Participants will explore key concepts such as cloud computing, artificial intelligence (AI), the Internet of Things (IoT), automation, and data-driven decision-making, learning how these tools reshape industries and enhance customer experiences.",2,,,2,5,924,True,course-v1:DartmouthX+DT-DA.4X+1T2025
course-b0016194-add5-43f1-ab61-249f4664e315,b0016194-add5-43f1-ab61-249f4664e315,R Programming Basics for Data Science,IBM,Course,Course,edX,Introductory,Data Analysis & Statistics,English,Current,self_paced,Watson Studio; Jupyter; Data Science; Data Structures; RStudio; R (Programming Language); Data Analysis,https://www.edx.org/learn/r-programming/ibm-r-programming-basics-for-data-science,"https://prod-discovery.edx-cdn.org/cdn-cgi/image/width=auto,height=auto,quality=75,format=webp/media/course/image/b0016194-add5-43f1-ab61-249f4664e315-e60b0c9d7cf2.jpeg","This course introduces you to R language fundamentals and covers common data structures, programming techniques, and how to manipulate data all with the help of the R programming language.",5,,,1,2,920,True,course-v1:IBM+RP0101EN+2T2021
course-6e36cf37-db6f-4643-8928-587536138bf4,6e36cf37-db6f-4643-8928-587536138bf4,"One Planet, One Ocean",SDG Academy,Course,Course,edX,Intermediate,Environmental Studies; Energy & Earth Sciences; Biology & Life Sciences,English,Current,self_paced,Ecosystem Science; Marine Science; Oceanography; Corporate Sustainability; Sustainable Business; Scientific Studies; Environmental Science; Environmental Laws; Governance; Sustainable Development,https://www.edx.org/learn/oceanography/sdg-academy-one-planet-one-ocean,"https://prod-discovery.edx-cdn.org/cdn-cgi/image/width=auto,height=auto,quality=75,format=webp/media/course/image/6e36cf37-db6f-4643-8928-587536138bf4-f8364bfbd465.jpg","A holistic view of how the ocean functions, how human interactions with the ocean can be understood, and what solutions are available to support both sustainable use and stewardship of our blue planet.",6,,,4,6,920,False,course-v1:SDGAcademyX+OC001+3T2018
course-1af38483-a96c-489d-857a-a1b01c666641,1af38483-a96c-489d-857a-a1b01c666641,Intellectual Property Law and Policy: Part 1,University of Pennsylvania,Course,Course,edX,Intermediate,Law,English,Current,self_paced,Influencing Skills; Trademark Law; Trademarks; Patents; Intellectual Property Laws; Intellectual Property; Innovation,https://www.edx.org/learn/intellectual-property/university-of-pennsylvania-intellectual-property-law-and-policy-part-1,"https://prod-discovery.edx-cdn.org/cdn-cgi/image/width=auto,height=auto,quality=75,format=webp/media/course/image/1af38483-a96c-489d-857a-a1b01c666641-153bed3d7491.jpg",Explore the legal doctrines at the core of the innovation economy and learn how legal rights and information shape our lives.,6,,,2,3,919,False,course-v1:PennX+IPLAW1x+1T2016
course-5663c2ca-38bd-4488-974b-4f32cf46ef3e,5663c2ca-38bd-4488-974b-4f32cf46ef3e,‘True’ Crime? Developing Critical Thinking Skills Through Criminology,The University of Hong Kong,Course,Course,edX,Intermediate,Social Sciences; Humanities,English,Current,self_paced,Human Trafficking Issues; Investigative Journalism; Selling Techniques; Research; Podcasting; Social Media; Critical Thinking; Social Justice; Gender Studies; Influencing Skills; Documentary Films; Journalism; Criminology,https://www.edx.org/learn/social-sciences/the-university-of-hong-kong-true-crime-developing-critical-thinking-skills-through-criminology,"https://prod-discovery.edx-cdn.org/cdn-cgi/image/width=auto,height=auto,quality=75,format=webp/media/course/image/5663c2ca-38bd-4488-974b-4f32cf46ef3e-e67ed6042ff3.jpeg","Develop your critical thinking skills through ‘true’ crime. This course examines the influence of media on conceptions of crime and justice, equipping learners with tools to analyze, evaluate, or even challenge dominant narratives.",6,,,4,6,918,False,course-v1:HKUx+TrueCrimex+1T2025
course-39d318dd-7e7c-4460-b917-409c6e9f61e5,39d318dd-7e7c-4460-b917-409c6e9f61e5,Financial Accounting Made Fun: Eliminating Your Fears,Babson College,Course,Course,edX,Introductory,Business & Management,English,Current,self_paced,Income Statement; Accounting; Forecasting; Finance; Entrepreneurship; Financial Statements; Financial Accounting; Balance Sheet,https://www.edx.org/learn/financial-accounting/babson-college-financial-accounting-made-fun-eliminating-your-fears,"https://prod-discovery.edx-cdn.org/cdn-cgi/image/width=auto,height=auto,quality=75,format=webp/media/course/image/39d318dd-7e7c-4460-b917-409c6e9f61e5-a2f1aa8c4e20.jpg",Learn the language of financial accounting and how to use financial statement information to better manage and grow your business.,4,,,4,6,915,True,course-v1:BabsonX+BPET.ACCx+1T2017
course-536a7021-86cc-47bd-b2a7-f7e029bb0e96,536a7021-86cc-47bd-b2a7-f7e029bb0e96,Brand Management,Indian Institute of Management Bangalore,Course,Course,edX,Introductory,Business & Management; Social Sciences; Humanities,English,Current,self_paced,Brand Identity; Brand Management; Brand Positioning; Brand Communication,https://www.edx.org/learn/branding/indian-institute-of-management-bangalore-brand-management,"https://prod-discovery.edx-cdn.org/cdn-cgi/image/width=auto,height=auto,quality=75,format=webp/media/course/image/536a7021-86cc-47bd-b2a7-f7e029bb0e96-6a45a4a503b0.jpg",Key brand management terminology and principles are demystified in this course.,5,,,3,5,912,True,course-v1:IIMBx+MK201x+1T2019
course-15d0a9ba-1ab1-44e9-a00a-152bd618ebf0,15d0a9ba-1ab1-44e9-a00a-152bd618ebf0,Foundations of Corporate Finance,University of Cambridge,Course,Course,edX,Intermediate,Economics & Finance; Business & Management; Data Analysis & Statistics,English,Current,self_paced,Microsoft Outlook; Corporate Finance; Rate Of Return; Financial Statements; Shareholder Communications; Accounting; Key Performance Indicators (KPIs); Investments; Microsoft Outlook,https://www.edx.org/learn/economics/university-of-cambridge-building-stakeholder-value,"https://prod-discovery.edx-cdn.org/cdn-cgi/image/width=auto,height=auto,quality=75,format=webp/media/course/image/15d0a9ba-1ab1-44e9-a00a-152bd618ebf0-190bcbe07575.jpeg","Sustainable businesses need to earn consistent and predictable profits. Find out what terms like ‘internal rate of return’, ‘discounted cash flow’ and DCF analysis actually mean in practice and how you can use them to the advantage of the business.",5,,,3,5,910,True,course-v1:UniversityofCambridge+2122edx010+3T2021
course-f8507c60-d462-4eb9-95ee-a70b025b2b53,f8507c60-d462-4eb9-95ee-a70b025b2b53,Living Heritage and Sustainable Development,SDG Academy,Course,Course,edX,Intermediate,Art & Culture; Humanities; Social Sciences,English,Current,self_paced,Corporate Sustainability; Sustainability; Resilience; Health Education; Sustainable Development,https://www.edx.org/learn/sustainable-development/sdg-academy-living-heritage-and-sustainable-development,"https://prod-discovery.edx-cdn.org/cdn-cgi/image/width=auto,height=auto,quality=75,format=webp/media/course/image/f8507c60-d462-4eb9-95ee-a70b025b2b53-3f5804b18f21.png",How is intangible cultural heritage – or ‘living heritage’ – related to sustainable development? Why is it important to keep heritage alive?,6,,,2,4,909,False,course-v1:SDGAcademyX+ICH001+1T2022
course-f046e41c-0b03-48a7-af8a-f839c09038ca,f046e41c-0b03-48a7-af8a-f839c09038ca,Azure AI Fundamentals: Build & Deploy AI,Microsoft,Course,Course,edX,Introductory,Computer Science,English,Current,self_paced,Natural Language Processing; Artificial Intelligence; Artificial Intelligence Development; Machine Learning; Data Science; Computer Vision; Microsoft Azure,https://www.edx.org/learn/computer-science/microsoft-learning-path-microsoft-azure-ai-fundamentals-ai-overview,"https://prod-discovery.edx-cdn.org/cdn-cgi/image/width=auto,height=auto,quality=75,format=webp/media/course/image/f046e41c-0b03-48a7-af8a-f839c09038ca-f2c373a7d65f.jpeg","The course introduces technical professionals to core AI concepts, machine learning fundamentals, and the application of Azure AI services to build intelligent solutions. ​",1,,,3,4,907,True,course-v1:Microsoft+MAAIF+1T2025
course-382aaed7-05e3-486d-9867-f890242eb648,382aaed7-05e3-486d-9867-f890242eb648,Computing in Python IV: Objects & Algorithms,The Georgia Institute of Technology,Course,Course,edX,Introductory,Computer Science,English,Current; Upcoming,self_paced,Algorithms; Operations; Control Structures; Sorting; Data Structures; Computer Science; Object-Oriented Programming (OOP); Python (Programming Language); Search Algorithms,https://www.edx.org/learn/python/the-georgia-institute-of-technology-computing-in-python-iv-objects-algorithms,"https://prod-discovery.edx-cdn.org/cdn-cgi/image/width=auto,height=auto,quality=75,format=webp/media/course/image/382aaed7-05e3-486d-9867-f890242eb648-fabb844ba847.jpg","Learn about recursion, search and sort algorithms, and object-oriented programming in Python.",5,,,9,10,906,True,course-v1:GTx+CS1301xIV+1T2018
course-2b375f3f-4498-4130-b7ec-1d6a1b03ffc5,2b375f3f-4498-4130-b7ec-1d6a1b03ffc5,Super-Earths and Life,Harvard University,Course,Course,edX,Introductory,Physics; Biology & Life Sciences; Science,English,Current,self_paced,Astronomy; Biology; Geology; Solar Systems,https://www.edx.org/learn/astronomy/harvard-university-super-earths-and-life,"https://prod-discovery.edx-cdn.org/cdn-cgi/image/width=auto,height=auto,quality=75,format=webp/media/course/image/2b375f3f-4498-4130-b7ec-1d6a1b03ffc5-dad407b6a7ee.jpg","Learn about the Earth, life, and how we can search for life elsewhere in the universe.",15,,,3,5,901,False,course-v1:HarvardX+SPU30x+2T2016
course-c693c5ed-c581-4467-a726-481ebdceac07,c693c5ed-c581-4467-a726-481ebdceac07,CryptoGuard: Securing the Future of Game Development with Blockchain,HP,Course,Course,edX,Introductory,Computer Science,English,Current,self_paced,Fraud Prevention And Detection; Information Privacy; Game Design; Smart Contracts; Unreal Engine; eSports; Video Game Development; eSports Management; Innovation; Blockchain; Solidity (Programming Language); Online Service Provider; Cyber Security; Non-Fungible Tokens (NFT),https://www.edx.org/learn/computer-science/hp-cryptoguard-securing-the-future-of-game-development-with-blockchain,"https://prod-discovery.edx-cdn.org/cdn-cgi/image/width=auto,height=auto,quality=75,format=webp/media/course/image/c693c5ed-c581-4467-a726-481ebdceac07-3677ef34dfd4.jpeg","Explore the future of gaming in this hands-on course on blockchain and cybersecurity in game development. Learn to build secure, decentralized games with tokens, NFTs, smart contracts and anti-cheat systems. The course includes key Web3 topics like account security, fraud prevention, and data privacy using real-world tools and expert code. Perfect for forward-thinking developers looking to build the next generation of trusted, innovative games. Get a free verified certificate with referral code: 6FJGJOTX7MFH5M2H",3,,,3,5,900,False,course-v1:HP+HPGG05.en+2T2025
course-52d35843-8418-47be-ab6c-bc38fee9134c,52d35843-8418-47be-ab6c-bc38fee9134c,AP® Italian Language and Culture (2025-2026),Wellesley College,Course,Course,edX,Advanced,Humanities; Language; Art & Culture,Italian,Current,self_paced,Italian Language; Academic Standards; Interactive Learning; Auditing; Registration,https://www.edx.org/learn/humanities/wellesley-college-ap-r-italian-language-and-culture,"https://prod-discovery.edx-cdn.org/cdn-cgi/image/width=auto,height=auto,quality=75,format=webp/media/course/image/52d35843-8418-47be-ab6c-bc38fee9134c-9589db5759ca.png","Improve your language skills and expand your knowledge of contemporary Italian culture!
If you are a high school student, prepare for success in the AP® Italian exam!",12,,,5,9,898,False,course-v1:WellesleyX+APIta.2023x+2T2023
course-d821159b-4ea0-4a16-ac46-4d8a0d1455da,d821159b-4ea0-4a16-ac46-4d8a0d1455da,Embedded Systems Essentials with Arm: Get Practical with Hardware,Arm Education,Course,Course,edX,Intermediate,Computer Science; Engineering; Electronics,English,Current,self_paced,Data Transmissions; Bill Of Materials; Artificial Intelligence; Real-Time Operating Systems; 5G Technology; Asynchronous Serial Communication; Peripheral Devices; Autonomous Vehicles; Creativity; Multitasking; Internet Of Things (IoT); Embedded Systems; Application Programming Interface (API); Communications Protocols,https://www.edx.org/learn/embedded-systems/arm-education-embedded-systems-essentials-with-arm-get-practical-with-hardware,"https://prod-discovery.edx-cdn.org/cdn-cgi/image/width=auto,height=auto,quality=75,format=webp/media/course/image/d821159b-4ea0-4a16-ac46-4d8a0d1455da-176243eecaa8.jpeg","Spark your creativity with Arm. Level up your Embedded Systems skills by developing working embedded prototypes using the Mbed API and an Arm-based development board, and unlock the boundless opportunities of the Internet of Things.",10,,,3,6,896,True,course-v1:ArmEducationX+EDARMXES2.4x+1T2021
course-32779451-9094-45c8-9805-505bfe77ae02,32779451-9094-45c8-9805-505bfe77ae02,Climate Change: The Science and Global Impact,SDG Academy,Course,Course,edX,Intermediate,Energy & Earth Sciences; Environmental Studies; Biology & Life Sciences,English,Current,self_paced,Atmospheric Sciences; Climatology; Climate Variability And Change; Climate Modeling; Greenhouse Gas; Infrastructure; Systems Thinking,https://www.edx.org/learn/climate-change/sdg-academy-climate-change-the-science-and-global-impact,"https://prod-discovery.edx-cdn.org/cdn-cgi/image/width=auto,height=auto,quality=75,format=webp/media/course/image/32779451-9094-45c8-9805-505bfe77ae02-febc6b6268d5.png",We need to understand the science behind global warming to avoid the most damaging and irreversible climate change impacts on people and planet.,8,,,2,4,892,False,course-v1:SDGAcademyX+CCSI001+3T2019
course-32f1ba67-31e7-4b85-aa65-a4687036231c,32f1ba67-31e7-4b85-aa65-a4687036231c,CSS Basics,The World Wide Web Consortium (W3C),Course,Course,edX,Introductory,Computer Science,English,Current,self_paced,Web Design; HyperText Markup Language (HTML); Cascading Style Sheets (CSS); Web Standards; Character Encodings In HTML; Look And Feel; Web Development; Web Pages; Front End (Software Engineering); Presentations,https://www.edx.org/learn/css/the-world-wide-web-consortium-w3c-css-basics,"https://prod-discovery.edx-cdn.org/cdn-cgi/image/width=auto,height=auto,quality=75,format=webp/media/course/image/32f1ba67-31e7-4b85-aa65-a4687036231c-80139b7286a9.png",Learn how to take your Web pages from bland to bold with the power of CSS styling.,5,,,5,7,888,True,course-v1:W3Cx+CSS.0x+1T2016
course-ed682cf1-7c11-4417-ac78-e940843cfccc,ed682cf1-7c11-4417-ac78-e940843cfccc,Academic and Business Writing,"University of California, Berkeley",Course,Course,edX,Introductory,Communication; Humanities; Business & Management,English,Current,self_paced,Program Management; Learning Platforms; Marketing; Editing; English Language; Vocabulary; Diction; Business Writing; Grammar; Vocabulary Development; Writing,https://www.edx.org/learn/writing/university-of-california-berkeley-academic-and-business-writing,"https://prod-discovery.edx-cdn.org/cdn-cgi/image/width=auto,height=auto,quality=75,format=webp/media/course/image/ed682cf1-7c11-4417-ac78-e940843cfccc-bb93707c5457.jpg","An introduction to academic and business writing for English Language Learners, focusing on grammar, vocabulary, structure, editing, and publication.",6,,,3,5,881,False,BerkeleyX/ColWri2.2x/1T2014
course-2296f1c0-6c92-4b02-9812-cb7967d6e762,2296f1c0-6c92-4b02-9812-cb7967d6e762,Regenerative Materials and Construction,ETH Zurich,Course,Course,edX,Intermediate,Engineering; Architecture; Environmental Studies,English,Current,self_paced,Teaching; Coordinating; Blended Learning; Atlassian Bamboo; Material Characterization; Active Learning; Animations; Post-Production,https://www.edx.org/learn/engineering/eth-zurich-regenerative-materials,"https://prod-discovery.edx-cdn.org/cdn-cgi/image/width=auto,height=auto,quality=75,format=webp/media/course/image/2296f1c0-6c92-4b02-9812-cb7967d6e762-bbd3aa128290.png","The MOOC Regenerative Materials (ReMat) introduces regenerative sustainability approaches into construction, providing an overview of alternative construction materials and techniques. It focuses on solutions suitable for rapidly urbanizing contexts, combining theoretical and practical inputs with expert interviews. The course gives introductory yet substantial information about their properties, applications, and benefits. The course is targeted for professionals in the construction sector who have an interest in sustainability in the construction domain, whether from an environmental, economic, and social perspective. This MOOC is produced by the ETH Chair of Sustainable Construction and a great collection of collaborators and experts.",16,,,3,5,877,False,course-v1:ETHx+RM-01x+1T2022
course-ff6654bb-100f-4c22-8d79-4314ddb4f8fe,ff6654bb-100f-4c22-8d79-4314ddb4f8fe,Business and Data Analysis Skills,Fullbridge,Course,Course,edX,Introductory,Business & Management; Data Analysis & Statistics; Economics & Finance,English,Current,self_paced,Data Analysis; Career Development; Data-Driven Decision-Making; Microsoft Excel; Financial Analysis; Management,https://www.edx.org/learn/business-administration/fullbridge-business-and-data-analysis-skills-2,"https://prod-discovery.edx-cdn.org/cdn-cgi/image/width=auto,height=auto,quality=75,format=webp/media/course/image/ff6654bb-100f-4c22-8d79-4314ddb4f8fe-dc9422811552.jpg",Learn key business management skills as well as tools and methods for analyzing data and presenting results.,3,,,3,4,876,True,course-v1:FullbridgeX+Career4x+1T2016
course-a80c50c9-d063-48b3-a203-436434866fa6,a80c50c9-d063-48b3-a203-436434866fa6,Japanese Architecture and Structural Design,Institute of Science Tokyo,Course,Course,edX,Intermediate,Architecture,English,Current,self_paced,,https://www.edx.org/learn/architecture/institute-of-science-tokyo-japanese-architecture-and-structural-design-2,"https://prod-discovery.edx-cdn.org/cdn-cgi/image/width=auto,height=auto,quality=75,format=webp/media/course/image/a80c50c9-d063-48b3-a203-436434866fa6-d81f4356b15d.jpeg","In this revised course, fundamental and modern approaches to Japanese structural design will be explained using historical overviews and Tokyo-Tech’s campus buildings as case studies. Learners will be able to interpret and apply seismic design concepts like energy-dissipating braced frames, spine frames, seismic retrofit, seismic isolation and seismic design of spatial structures. Drawing from the instructor’s past 20 years of experience in design, considerations to sustainability, practical complexities and their solutions will be presented using the campus buildings as design examples with immersive 360-degree interactive videos. Learners will also get an insight into the architect-engineer collaboration through interviews with architectural professors.",5,,,1,3,875,False,course-v1:ScienceTokyo+ARCH301x+1T2025
course-f9fafce0-511b-40b2-ad6a-911477f14d97,f9fafce0-511b-40b2-ad6a-911477f14d97,Excel: gestión de datos,Universitat Politècnica de València,Course,Course,edX,Intermediate,Computer Science,Spanish,Current,self_paced,Spreadsheets; Research; Microsoft Excel; Management; Data Management; Business Intelligence; Decision Making,https://www.edx.org/learn/excel/universitat-politecnica-de-valencia-excel-gestion-de-datos,"https://prod-discovery.edx-cdn.org/cdn-cgi/image/width=auto,height=auto,quality=75,format=webp/media/course/image/f9fafce0-511b-40b2-ad6a-911477f14d97-4359aa883b9c.jpg","En este curso profundizarás en las técnicas y herramientas para el tratamiento, manejo y análisis de datos que puedes utilizar en Microsoft Excel para la toma de decisiones.",6,,,4,6,874,True,course-v1:UPValenciaX+XLS201x+3T2016
course-d5309d43-394a-456e-a770-b556d99a7b57,d5309d43-394a-456e-a770-b556d99a7b57,Excel avanzado: importación y análisis de datos.,Universitat Politècnica de València,Course,Course,edX,Advanced,Data Analysis & Statistics,Spanish,Current,self_paced,Data Analysis; Data Import/Export; Data Modeling; Business Intelligence; Microsoft Excel,https://www.edx.org/learn/excel/universitat-politecnica-de-valencia-excel-avanzado-importacion-y-analisis-de-datos,"https://prod-discovery.edx-cdn.org/cdn-cgi/image/width=auto,height=auto,quality=75,format=webp/media/course/image/d5309d43-394a-456e-a770-b556d99a7b57-2b1ff7610a0c.jpg","Conoce técnicas y estrategias avanzadas para importar, consolidar y visualizar con Excel datos provenientes de cualquier fuente.",8,,,3,4,872,True,course-v1:UPValenciaX+XlS202x+1T2018
course-b3c02aea-cbf6-4fc4-a730-0433860e2a35,b3c02aea-cbf6-4fc4-a730-0433860e2a35,Python for Data Science,"The University of California, San Diego",Course,Course,edX,Advanced,Data Analysis & Statistics; Computer Science,English,Current,self_paced,Data Science; Matplotlib; Python (Programming Language); Business Science; Python Tools For Visual Studio; Pandas (Python Package); Git (Version Control System),https://www.edx.org/learn/python/the-university-of-california-san-diego-python-for-data-science,"https://prod-discovery.edx-cdn.org/cdn-cgi/image/width=auto,height=auto,quality=75,format=webp/media/course/image/b3c02aea-cbf6-4fc4-a730-0433860e2a35-bb25bbe40de7.jpg","Learn to use powerful, open-source, Python tools, including Pandas, Git and Matplotlib, to manipulate, analyze, and visualize complex datasets.",10,,,8,10,872,True,course-v1:UCSanDiegoX+DSE200x+2T2017
course-7ef41442-5fa3-42f3-b338-126ae68a8e2c,7ef41442-5fa3-42f3-b338-126ae68a8e2c,C Programming: Language Foundations,Dartmouth College; IMT,Course,Course,edX,Introductory,Computer Science; Engineering,English,Current,self_paced,Linux; Algorithms; Decision Making; Programming Concepts; C (Programming Language),https://www.edx.org/learn/c-programming/dartmouth-college-c-programming-language-foundations,"https://prod-discovery.edx-cdn.org/cdn-cgi/image/width=auto,height=auto,quality=75,format=webp/media/course/image/7ef41442-5fa3-42f3-b338-126ae68a8e2c-f9de346160d8.jpeg",Master foundational concepts in the C programming language such as logical statements and arrays.,5,,,2,4,869,True,course-v1:Dartmouth_IMTx+DART.IMT.C.02+1T2018
course-17e30556-8e90-4005-b59b-0de1a07a1ab4,17e30556-8e90-4005-b59b-0de1a07a1ab4,Project Management for Development,Inter-American Development Bank,Course,Course,edX,Intermediate,Business & Management,English,Current,self_paced,Management; Project Management Institute (PMI) Methodology; Social Development,https://www.edx.org/learn/project-management/inter-american-development-bank-project-management-for-development,"https://prod-discovery.edx-cdn.org/cdn-cgi/image/width=auto,height=auto,quality=75,format=webp/media/course/image/17e30556-8e90-4005-b59b-0de1a07a1ab4-c63a23768f0f.jpeg",A MOOC developed in collaboration with the Project Management Institute Educational Foundation (PMIEF). Learn best practices for managing projects that promote economic and social development in Latin America and the Caribbean.,10,,,2,3,868,True,course-v1:IDBx+IDB6.1x+2016_T2
course-10464855-daf9-4be6-8df4-5669900c7f61,10464855-daf9-4be6-8df4-5669900c7f61,Entrepreneurship: Identifying Business Opportunities,"University of Oxford; Saïd Business School, University of Oxford",Course,Course,edX,Introductory,Business & Management,English,Current,self_paced,Innovation,https://www.edx.org/learn/business-management/university-of-oxford-entrepreneurship-identifying-business-opportunities,"https://prod-discovery.edx-cdn.org/cdn-cgi/image/width=auto,height=auto,quality=75,format=webp/media/course/image/10464855-daf9-4be6-8df4-5669900c7f61-2f9a02c0d40d.jpeg",Gain a clear understanding of how entrepreneurial ideas take shape.,4,,,2,4,867,False,course-v1:OxfordX+OXFOEP01+2T2025
course-cb549c48-8501-4dc8-8cb8-5680dd924017,cb549c48-8501-4dc8-8cb8-5680dd924017,Launch your Cybersecurity Career,IBM,Course,Course,edX,Introductory,Computer Science,English,Current,self_paced,,https://www.edx.org/learn/computer-science/ibm-introduction-to-cybersecurity-careers,"https://prod-discovery.edx-cdn.org/cdn-cgi/image/width=auto,height=auto,quality=75,format=webp/media/course/image/cb549c48-8501-4dc8-8cb8-5680dd924017-4a419d953742.jpeg",This course gives an insight into the various career options available in the cybersecurity field. It is designed to give you the knowledge required to find and secure the right career for you in the information and security (Infosec) industry.,4,,,2,3,866,True,course-v1:IBM+SE0100EN+3T2024
course-ef0b6577-27dd-4b91-812a-1e62a3c4bf0b,ef0b6577-27dd-4b91-812a-1e62a3c4bf0b,Introduction to Very Large-Scale Integration Design,King's College London,Course,Course,edX,Introductory,Engineering; Computer Science; Electronics,English,Current,self_paced,Complementary Metal Oxide Semiconductor (CMOS); Smartphone Operation; Electronic Design Automation; Transistor; Field-Programmable Gate Array (FPGA); Packaging And Labeling; Digital Logic; Spacecraft; Enterprise Desktop Administrator (Microsoft Certified IT Professional); Vacuum Tube; Hardware Description Language (HDL); Very-Large-Scale Integration,https://www.edx.org/learn/engineering/kings-college-london-introduction-to-vlsi-design,"https://prod-discovery.edx-cdn.org/cdn-cgi/image/width=auto,height=auto,quality=75,format=webp/media/course/image/ef0b6577-27dd-4b91-812a-1e62a3c4bf0b-32fb4ffac96d.jpeg","From atoms to architecture - explore the world of Very Large-Scale Integration (VLSI). A beginner’s course on how modern chips are designed, fabricated, and packaged.",6,,,3,5,861,False,course-v1:KingsCollegeLondon+NMES_VLSIx1+1T2025
course-6978740e-3978-42d2-bfab-2408f298b4c7,6978740e-3978-42d2-bfab-2408f298b4c7,Agile and Scrum Fundamentals,IBM,Course,Course,edX,Introductory,Computer Science,English,Current,self_paced,Lean Manufacturing; Software Development; Refining; Scrum (Software Development); Iterative And Incremental Development; Agile Methodology; User Story; Github; Planning; Kanban Principles; Test-Driven Development (TDD); Continuous Improvement Process,https://www.edx.org/learn/agile/ibm-agile-and-scrum-fundamentals,"https://prod-discovery.edx-cdn.org/cdn-cgi/image/width=auto,height=auto,quality=75,format=webp/media/course/image/6978740e-3978-42d2-bfab-2408f298b4c7-4e88ed0f13ca.jpeg","This course will benefit anyone who wants to get started with working the Agile way. It is particularly suitable for IT practitioners such as software developers, development managers, project managers, product managers, and executives.",3,,,3,4,861,True,course-v1:IBM+CD0116EN+3T2021
course-26f7e9fe-9780-4433-ac49-4c67631d43d3,26f7e9fe-9780-4433-ac49-4c67631d43d3,First Nights - Monteverdi’s L’Orfeo and the Birth of Opera,Harvard University,Course,Course,edX,Introductory,Humanities; Art & Culture; Music,English,Current,self_paced,,https://www.edx.org/learn/music-arts/harvard-university-first-nights-monteverdis-lorfeo-and-the-birth-of-opera,"https://prod-discovery.edx-cdn.org/cdn-cgi/image/width=auto,height=auto,quality=75,format=webp/media/course/image/26f7e9fe-9780-4433-ac49-4c67631d43d3-d54b0a83080d.jpg","Learn about Claudio Monteverdi's L'Orfeo , one of the first operas ever written.",3,,,3,5,859,True,course-v1:HarvardX+MUS24.1x+1T2016
course-eb555371-21db-4e14-a44f-400bb572da10,eb555371-21db-4e14-a44f-400bb572da10,Hardware and Operating Systems,IBM,Course,Course,edX,Introductory,Computer Science,English,Current,self_paced,Expansion Cards; Peripheral Devices; Parallel Processing; Screen Capture; Technical Support; Augmented Reality; Motherboard; Troubleshooting (Problem Solving); Computer Hardware; Hard Disk Drives; Operating Systems; Help Desk Support; Information Technology; Virtualization; Internet Of Things (IoT); Computer Systems; Virtual Reality; Customer Service; Hypervisor,https://www.edx.org/learn/operating-systems/ibm-hardware-and-operating-systems,"https://prod-discovery.edx-cdn.org/cdn-cgi/image/width=auto,height=auto,quality=75,format=webp/media/course/image/eb555371-21db-4e14-a44f-400bb572da10-6a96fce4e247.png","Build the job-ready skills to install and set up an operating system, plus gain essential understanding of hardware components, including the motherboard, CPU, hard drives, and more.",6,,,9,11,858,True,course-v1:IBM+CS0111EN+3T2022
course-c1437f01-fee9-467f-9976-747dceab6b75,c1437f01-fee9-467f-9976-747dceab6b75,Introduction to Engineering Design,MathWorks,Course,Course,edX,Introductory,Engineering; Design,English,Current,self_paced,,https://www.edx.org/learn/engineering/mathworks-introducing-engineering-system-design,"https://prod-discovery.edx-cdn.org/cdn-cgi/image/width=auto,height=auto,quality=75,format=webp/media/course/image/c1437f01-fee9-467f-9976-747dceab6b75-c602fb8938d1.jpeg",Gain a comprehensive overview of the engineering design workflow through the power of modeling and simulation.,1,,,5,7,856,True,course-v1:MathWorks+modelsim1+1T2023
course-19e590bd-9f4e-4de8-8484-af605cfe2256,19e590bd-9f4e-4de8-8484-af605cfe2256,Cybersecurity Compliance and Framework,IBM,Course,Course,edX,Introductory,Computer Science,English,Current,self_paced,Risk Management Framework; Payment Card Industry (PCI) Data Security Standards; Information Privacy; Artificial Intelligence; Server Administration; Cyber Security; Cryptography; Auditing; Vulnerability; Encryption; Endpoint Security; IT Service Management; Process Management; Control Objectives For Information And Related Technology (COBIT); Open Web Application Security Project (OWASP); Cybersecurity Compliance; Patch Management; System Administration; Governance,https://www.edx.org/learn/cybersecurity/ibm-cybersecurity-compliance-and-system-administration,"https://prod-discovery.edx-cdn.org/cdn-cgi/image/width=auto,height=auto,quality=75,format=webp/media/course/image/19e590bd-9f4e-4de8-8484-af605cfe2256-0610e74358f6.jpeg","This course focuses on cybersecurity principles, industry standards, regulations, and audit processes. It details the fundamental concepts of information security and compliance, covering governance, risk, cybersecurity frameworks, and process management.",4,,,3,4,855,True,course-v1:IBM+Cybfun.3.0+1T2021
course-d2267506-5343-454c-b084-f72636db6bd1,d2267506-5343-454c-b084-f72636db6bd1,AWS Cloud Practitioner Essentials,Amazon Web Services,Course,Course,edX,Introductory,Computer Science; Business & Management,English,Current,self_paced,Cloud Computing; Marketing; Finance; AWS Certified Cloud Practitioner; Infrastructure; Amazon Web Services; Cloud Technologies,https://www.edx.org/learn/amazon-web-services-aws/amazon-web-services-aws-cloud-practitioner-essentials,"https://prod-discovery.edx-cdn.org/cdn-cgi/image/width=auto,height=auto,quality=75,format=webp/media/course/image/d2267506-5343-454c-b084-f72636db6bd1-4da7a3d405ae.jpeg","Jumpstart your journey within the AWS Cloud! Whether you are new to the cloud or familiar with cloud technologies this course will introduce you to cloud concepts and core AWS services, security and architecture to advance your cloud knowledge and solve business challenges.",4,,,2,4,854,False,course-v1:AWS+AWS-OTP-AWSD15+1T2021
course-e002d162-5d2b-43c6-9605-1fac854c4d97,e002d162-5d2b-43c6-9605-1fac854c4d97,Basic Analytical Chemistry,The University of Tokyo,Course,Course,edX,Introductory,Chemistry; Science,English,Current,self_paced,Analytical Techniques; Chemistry; Analytical Chemistry; Geochemistry; Life Sciences; Environmental Science,https://www.edx.org/learn/chemistry/the-university-of-tokyo-basic-analytical-chemistry,"https://prod-discovery.edx-cdn.org/cdn-cgi/image/width=auto,height=auto,quality=75,format=webp/media/course/image/e002d162-5d2b-43c6-9605-1fac854c4d97-b161799bef8f.png",Gain a physical understanding of the principles of analytical chemistry andtheir application in scientific research.,6,,,3,4,853,False,course-v1:UTokyoX+UTokyo007x+1T2018
course-63ca4f1d-411a-451c-acd6-697e100dc144,63ca4f1d-411a-451c-acd6-697e100dc144,DevOps Basics for Everyone,IBM,Course,Course,edX,Introductory,Computer Science,English,Current,self_paced,Decision Making; Continuous Delivery; Continuous Integration; Business Case; Infrastructure; DevOps,https://www.edx.org/learn/devops/ibm-devops-basics-for-everyone,"https://prod-discovery.edx-cdn.org/cdn-cgi/image/width=auto,height=auto,quality=75,format=webp/media/course/image/63ca4f1d-411a-451c-acd6-697e100dc144-8df47b91e205.jpeg","This course is intended to help launch your career as a DevOps Professional. In this course you will learn to think, work, organize and measure DevOps - skills that you can use to build better products.",3,,,3,4,850,True,course-v1:IBM+CD0115EN+1T2022
course-16fb6d51-c901-495f-97d7-2f41257e4ec3,16fb6d51-c901-495f-97d7-2f41257e4ec3,"Product Design, Prototyping, and Testing","The University of Maryland, College Park",Course,Course,edX,Introductory,Business & Management; Computer Science; Design,English,Current,self_paced,User Experience; Concurrent Engineering; Modular Design; Product Management; Wireframing; Planning; Industrial Design; Concept Testing; Product Design; Persona (User Experience); Mass Customization; Function Model; Scrum (Software Development); Manufacturing Processes; Prototyping; New Product Development; Engineering Design Process; Design Thinking,https://www.edx.org/learn/product-design/the-university-of-maryland-college-park-product-design-prototyping-and-testing,"https://prod-discovery.edx-cdn.org/cdn-cgi/image/width=auto,height=auto,quality=75,format=webp/media/course/image/16fb6d51-c901-495f-97d7-2f41257e4ec3-ea3b5d5b189d.png","Translate product ideas into tangible assets by creating wireframes, 3D renderings, prototypes, and minimum viable products (MVPs) to test assumptions and validate customer interests",4,,,2,3,844,True,course-v1:USMx+ENES608.3+2T2020
course-1cac89b9-58b6-4f8b-8cee-0a2f7feded60,1cac89b9-58b6-4f8b-8cee-0a2f7feded60,Introduction to Analytics Modeling,The Georgia Institute of Technology,Course,Course,edX,Advanced,Data Analysis & Statistics; Engineering,English,Current; Upcoming,instructor_paced,Forecasting; Machine Learning; Statistical Modeling; R (Programming Language); Algorithms,https://www.edx.org/learn/data-analysis/the-georgia-institute-of-technology-introduction-to-analytics-modeling,"https://prod-discovery.edx-cdn.org/cdn-cgi/image/width=auto,height=auto,quality=75,format=webp/media/course/image/1cac89b9-58b6-4f8b-8cee-0a2f7feded60-9ed0da58fa14.jpg","Learn essential analytics models and methods and how to appropriately apply them, using tools such as R, to retrieve desired insights.",16,,,8,10,841,True,course-v1:GTx+ISYE6501x+2T2017
course-d98ab804-c645-40bd-87d0-dd2f66fd3626,d98ab804-c645-40bd-87d0-dd2f66fd3626,Artificial Intelligence in National Security,King's College London,Course,Course,edX,Introductory,Social Sciences; Computer Science; Philosophy & Ethics,English,Current,self_paced,Artificial Intelligence; Decision Making,https://www.edx.org/learn/social-science/kings-college-london-artificial-intelligence-in-national-security,"https://prod-discovery.edx-cdn.org/cdn-cgi/image/width=auto,height=auto,quality=75,format=webp/media/course/image/d98ab804-c645-40bd-87d0-dd2f66fd3626-458579228801.png",Discover how artificial intelligence is reshaping global security and defence strategies in this forward-looking course from King’s College London.,3,,,1,3,840,True,course-v1:KingsCollegeLondon+SSPP_GSx2+1T2025
course-2cf301b9-caad-441b-a7bc-0d44c0429d06,2cf301b9-caad-441b-a7bc-0d44c0429d06,AI in Practice: Preparing for AI,Delft University of Technology,Course,Course,edX,Intermediate,Business & Management; Computer Science; Data Analysis & Statistics,English,Current,self_paced,Algorithms; Ethics And Compliance; Artificial Intelligence; Innovation; Workflow Management,https://www.edx.org/learn/artificial-intelligence/delft-university-of-technology-ai-in-practice-preparing-for-ai,"https://prod-discovery.edx-cdn.org/cdn-cgi/image/width=auto,height=auto,quality=75,format=webp/media/course/image/2cf301b9-caad-441b-a7bc-0d44c0429d06-2f2aa642f231.jpeg","Learn to recognize and understand the implications of Artificial Intelligence for organizations, and the importance of compliance and ethics when AI is applied in practice.",5,,,3,5,840,True,course-v1:DelftX+AIIP1x+3T2020
course-47faf271-5dce-455e-8308-9bb903f1d697,47faf271-5dce-455e-8308-9bb903f1d697,"Religion, Conflict and Peace",Harvard University,Course,Course,edX,Introductory,Humanities; Social Sciences; History,English,Current,self_paced,Public Health Education; Economic Policy; World Religions; Peace And Conflict Studies,https://www.edx.org/learn/religion/harvard-university-religion-conflict-and-peace,"https://prod-discovery.edx-cdn.org/cdn-cgi/image/width=auto,height=auto,quality=75,format=webp/media/course/image/47faf271-5dce-455e-8308-9bb903f1d697-2b3c718adf92.jpg",Explore the diverse and complex roles that religions play in both promoting and mitigating violence.,8,,,4,8,839,False,course-v1:HarvardX+HDS2825x+3T2017
course-1e07ec86-8393-4060-a9d9-39b11c3ffcad,1e07ec86-8393-4060-a9d9-39b11c3ffcad,Social Entrepreneurship and Systems Change,Harvard University,Course,Course,edX,Introductory,Business & Management,English,Current,self_paced,,https://www.edx.org/learn/business-management/harvard-university-social-entrepreneurship-and-systems-change,"https://prod-discovery.edx-cdn.org/cdn-cgi/image/width=auto,height=auto,quality=75,format=webp/media/course/image/1e07ec86-8393-4060-a9d9-39b11c3ffcad-a57a8590aee0.png","What is the difference between an entrepreneur and a social entrepreneur? Harvard Business School Senior Lecturer Brian Trelstad gives learners insights into how social entrepreneurs design innovative solutions, build powerful organizations, and collaborate to transform broken systems.",5,,,2,3,838,False,course-v1:HarvardX+SESC+3T2024
course-ab50691f-5414-4a2d-97ed-413fac5dbdc1,ab50691f-5414-4a2d-97ed-413fac5dbdc1,Maths Foundations,Adelaide University,Course,Course,edX,Introductory,Math,English,Current,self_paced,Basic Math,https://www.edx.org/learn/math/university-of-adelaide-maths-foundations,"https://prod-discovery.edx-cdn.org/cdn-cgi/image/width=auto,height=auto,quality=75,format=webp/media/course/image/ab50691f-5414-4a2d-97ed-413fac5dbdc1-1a621e6ff5ba.jpeg",This foundation maths course provides learners with the foundational skills necessary to excel in mathematics.,4,,,3,,837,False,course-v1:AdelaideX+MathTrackX+1T2024
course-d293a8c6-7e3a-41bb-8530-2ae4bbd168f4,d293a8c6-7e3a-41bb-8530-2ae4bbd168f4,So You Want To Be A Surgeon?,The University of Hong Kong,Course,Course,edX,Introductory,Medicine,English,Current,self_paced,Surgical Procedures; Surgery; Surgical Services; Research; Investigation; Treatment Planning,https://www.edx.org/learn/surgery/university-of-hong-kong-so-you-want-to-be-a-surgeon,"https://prod-discovery.edx-cdn.org/cdn-cgi/image/width=auto,height=auto,quality=75,format=webp/media/course/image/d293a8c6-7e3a-41bb-8530-2ae4bbd168f4-0e0328fd9394.jpeg","Aspiring healthcare leaders: Reach for the future!
Learn from world-class surgical experts from 15 subspecialties of HKU Medicine!
有志成為醫療行業的領導者：擁抱未來吧！
向來自香港大學醫學院15個專業領域的世界一流外科專家學習！
有志成为医疗行业的领导者：拥抱未来吧！
向来自香港大学医学院15个专业领域的世界一流外科专家学习！",6,,,3,5,830,False,course-v1:HKUx+SRG_01x+2T2020
course-cb9eacc2-8af3-4216-808e-daa4b41bdd95,cb9eacc2-8af3-4216-808e-daa4b41bdd95,Foundations of Modern Finance II,Massachusetts Institute of Technology,Course,Course,edX,Advanced,Economics & Finance; Data Analysis & Statistics,English,Current,self_paced,Investments; Planning; Valuation Models; Risk Analysis; Chartered Financial Analyst; Stocks (Finance); Decision Making; Derivatives; Financial Asset; Financial Planning; Securities (Finance); Finance; Capital Structures,https://www.edx.org/learn/finance/massachusetts-institute-of-technology-foundations-of-modern-finance-ii,"https://prod-discovery.edx-cdn.org/cdn-cgi/image/width=auto,height=auto,quality=75,format=webp/media/course/image/cb9eacc2-8af3-4216-808e-daa4b41bdd95-1f7bb89ec119.jpeg","Learn fundamental principles of modern finance, including valuation models, methods for risk analysis, derivative instruments and investment management.",12,,,10,14,830,True,course-v1:MITx+15.415.2x+2T2020
course-c8d68a73-99ab-46a5-af17-ed472aff42e7,c8d68a73-99ab-46a5-af17-ed472aff42e7,Applications of AI in Healthcare,Hamad Bin Khalifa University,Course,Course,edX,Introductory,Computer Science; Medicine; Data Analysis & Statistics,English,Current,self_paced,,https://www.edx.org/learn/computer-science/hamad-bin-khalifa-university-applications-of-ai-in-healthcare,"https://prod-discovery.edx-cdn.org/cdn-cgi/image/width=auto,height=auto,quality=75,format=webp/media/course/image/c8d68a73-99ab-46a5-af17-ed472aff42e7-a52dd941b784.png","This MOOC will allow healthcare workers and other non-technical professionals interested in AI applications in healthcare to participate in the conversation about AI and health. For the first time, non-technical professionals will be empowered to develop AI-related projects to enhance and elevate their practice.",9,,,1,3,829,False,course-v1:HBKUx+HBKU011+1T2022
course-6de034c4-abf7-45d3-88dc-cf09058bd7d0,6de034c4-abf7-45d3-88dc-cf09058bd7d0,"Human Rights, Human Wrongs: Challenging Poverty, Vulnerability and Social Exclusion",SDG Academy,Course,Course,edX,Intermediate,Social Sciences; Law; Philosophy & Ethics,English,Current,self_paced,Sustainable Development; Vulnerability; International Relations; Corporate Sustainability,https://www.edx.org/learn/human-rights/sdg-academy-human-rights-human-wrongs-challenging-poverty-vulnerability-and-social-exclusion,"https://prod-discovery.edx-cdn.org/cdn-cgi/image/width=auto,height=auto,quality=75,format=webp/media/course/image/6de034c4-abf7-45d3-88dc-cf09058bd7d0-023971e92634.jpg","With complex legal protections and varying societal norms, how do we ensure rights for all?",11,,,2,4,829,False,course-v1:SDGAcademyX+HR001+1T2019
course-f2837d13-9f59-4916-8324-d772e2e49ee5,f2837d13-9f59-4916-8324-d772e2e49ee5,Monetary Policy Analysis and Forecasting,The International Monetary Fund,Course,Course,edX,Advanced,Economics & Finance,English,Current,self_paced,Policy Analysis; Forecasting; Monetary Policies; Capacity Development; MATLAB,https://www.edx.org/learn/finance/the-international-monetary-fund-monetary-policy-analysis-and-forecasting,"https://prod-discovery.edx-cdn.org/cdn-cgi/image/width=auto,height=auto,quality=75,format=webp/media/course/image/f2837d13-9f59-4916-8324-d772e2e49ee5-01c1223fada8.gif","Learn about the macroeconomic motivation of the quarterly projection model (QPM), its key properties, model calibration, data filtration, and how to implement the QPM in MATLAB software in order to learn and understand practical model building and model operation as it is usually done in central banks.",6,,,4,5,828,False,course-v1:IMFx+MPAFx+2T2019
course-ac499cd6-a3ac-4a5f-a307-bb28ea318de1,ac499cd6-a3ac-4a5f-a307-bb28ea318de1,Machine Learning Fundamentals,"The University of California, San Diego",Course,Course,edX,Advanced,Data Analysis & Statistics; Computer Science,English,Current,self_paced,Jupyter; Predictive Modeling; Algorithms; Machine Learning; Data Science; Unsupervised Learning; Forecasting; Python (Programming Language),https://www.edx.org/learn/machine-learning/the-university-of-california-san-diego-machine-learning-fundamentals,"https://prod-discovery.edx-cdn.org/cdn-cgi/image/width=auto,height=auto,quality=75,format=webp/media/course/image/ac499cd6-a3ac-4a5f-a307-bb28ea318de1-0a473d1ec055.png","Understand machine learning's role in data-driven modeling, prediction, and decision-making.",10,,,8,10,828,True,course-v1:UCSanDiegoX+DS220x+1T2018
course-ed3aa6cc-9a82-4a39-965d-ef730ad95eb7,ed3aa6cc-9a82-4a39-965d-ef730ad95eb7,Solid Waste Management,World Bank Group,Course,Course,edX,Introductory,Environmental Studies,English,Current,self_paced,Sustainability; Waste Collection; Waste Management; Infrastructure; Boosting; Solid Waste Management; Urbanization,https://www.edx.org/learn/waste-management/world-bank-group-solid-waste-management,"https://prod-discovery.edx-cdn.org/cdn-cgi/image/width=auto,height=auto,quality=75,format=webp/media/course/image/ed3aa6cc-9a82-4a39-965d-ef730ad95eb7-e9b5d1ed4563.jpeg","Solid waste is one of the most pressing issues of our time. World over, people are generating greater amounts of garbage without much thought. The phrase “out of sight, out of mind” holds true for many of us when it comes to waste issues. Once garbage leaves our homes and offices and factories, do we really consider what happens to it, who’s collecting it, or what impact it’s having on our environment and our health?",6,,,2,3,827,False,course-v1:WBGx+SWM2001x+1T2020
course-94460a36-8f6c-4e50-82cd-47aab6996952,94460a36-8f6c-4e50-82cd-47aab6996952,Academic English: How to Write an Essay,The University of Queensland,Course,Course,edX,Introductory,Communication; Language,English,Current,self_paced,Editing; Research; Academic Writing; Planning,https://www.edx.org/learn/professional-writing/the-university-of-queensland-academic-english-how-to-write-an-essay,"https://prod-discovery.edx-cdn.org/cdn-cgi/image/width=auto,height=auto,quality=75,format=webp/media/course/image/94460a36-8f6c-4e50-82cd-47aab6996952-258273a5d881.jpeg",A practical and introductory course to build your skills in academic writing.,10,,,2,3,827,False,course-v1:UQx+ACE101x+2T2021
course-2c192210-3267-44e4-badf-032012d3c241,2c192210-3267-44e4-badf-032012d3c241,Databases: Modeling and Theory,Stanford University,Course,Course,edX,Introductory,Computer Science,English,Current,self_paced,Database Design; Data Modeling; Unified Modeling Language; Query Languages; Algebra; Concurrency Controls; Design Theory; SQL (Programming Language); Database Systems; Relational Databases; Data Abstraction; Computer Science,https://www.edx.org/learn/databases/stanford-university-databases-modeling-and-theory,"https://prod-discovery.edx-cdn.org/cdn-cgi/image/width=auto,height=auto,quality=75,format=webp/media/course/image/2c192210-3267-44e4-badf-032012d3c241-2f65473c9f97.png","This course is one of five self-paced courses on the topic of Databases, originating as one of Stanford's three inaugural massive open online courses released in the fall of 2011. The original ""Databases"" courses are now all available on edx.org.
This course covers underlying principles and design considerations related to databases; it can be taken either before or after taking other courses in the Databases series.

The Relational Algebra section of this course teaches the algebraic query language that provides the formal foundations of SQL.
The Relational Design Theory section of the course provides comprehensive coverage of dependency theory and normal forms in relational databases, a well-accepted theoretical framework for developing good relational database schemas.
The Unified Modeling Language section of this course introduces the data-modeling component of UML, and describes how UML diagrams are translated to relational database schemas.

The introductory videos in this course are the same as the introductory videos in Databases: Relational Databases and SQL ; they are included for the benefit of learners who have not taken Databases: Relational Databases and SQL.",2,,,8,10,823,True,course-v1:StanfordOnline+SOE.YDB-MDL_THEORY0001+2T2020
course-e97a6fe0-9b5d-43c9-a3fd-7e42c37706a2,e97a6fe0-9b5d-43c9-a3fd-7e42c37706a2,Italian Language and Culture: Advanced (2025-2026),Wellesley College,Course,Course,edX,Advanced,Language; Art & Culture; Humanities,Italian,Current,self_paced,Mobile Devices; Italian Language; Podcasting; Writing; Language Education; Reading Comprehension; Pronunciation; Grammar; Vocabulary,https://www.edx.org/learn/italian/wellesley-college-italian-language-and-culture-advanced-2025-2026,"https://prod-discovery.edx-cdn.org/cdn-cgi/image/width=auto,height=auto,quality=75,format=webp/media/course/image/e97a6fe0-9b5d-43c9-a3fd-7e42c37706a2-236484a9fa16.jpg","Enhance your knowledge of the Italian language and learn about Italy’s culture and history including theater, opera and the poet Dante.",10,,,3,5,821,True,course-v1:WellesleyX+Italian3x+1T2016
course-c8cb865f-5676-4d0e-8f33-0e4b7e3dae67,c8cb865f-5676-4d0e-8f33-0e4b7e3dae67,Building your Screenplay,University of Cambridge,Course,Course,edX,Intermediate,Communication; Art & Culture,English,Current,self_paced,Scripting; Television Production; Visual Storytelling; Screenwriting; Creativity; Influencing Skills; Communications,https://www.edx.org/learn/screenplays/university-of-cambridge-building-your-screenplay,"https://prod-discovery.edx-cdn.org/cdn-cgi/image/width=auto,height=auto,quality=75,format=webp/media/course/image/c8cb865f-5676-4d0e-8f33-0e4b7e3dae67-7ae10bbaf057.jpeg","Learn to strengthen you skills as a screenwriter, while diversifying your knowledge and understanding of the demands of global film and TV production. Find out how to become a powerful visual story-teller; understand how to build effective structure within your screenplay; develop professionally transferable writing skills and communication expertise.
This course will broaden your understanding of how to start a career successfully as a professional screenwriter, as well as offer you insights in how to maximise and enjoy the processes of your personal creativity.",4,,,8,10,821,True,course-v1:UniversityofCambridge+2021EDX003+1T2021
course-1d806edf-67a7-47c1-aa89-012702eba0d8,1d806edf-67a7-47c1-aa89-012702eba0d8,Information Technology (IT) Fundamentals for Everyone,IBM,Course,Course,edX,Introductory,Computer Science,English,Current,self_paced,,https://www.edx.org/learn/computer-science/ibm-information-technology-it-fundamentals-for-everyone,"https://prod-discovery.edx-cdn.org/cdn-cgi/image/width=auto,height=auto,quality=75,format=webp/media/course/image/1d806edf-67a7-47c1-aa89-012702eba0d8-a5fc18765bdd.jpeg","Build the job-ready IT and non-technical IT skills in just six weeks. Plus, gain practical experience you can discuss in the interviews. No prior IT experience is required.",6,,,2,3,818,True,course-v1:IBM+CS0110EN+3T2024
course-be7c922e-ebbb-4fe1-835d-04b5d349d198,be7c922e-ebbb-4fe1-835d-04b5d349d198,Developing Generative AI Applications with Python,IBM,Course,Course,edX,Intermediate,Computer Science,English,Current,self_paced,,https://www.edx.org/learn/artificial-intelligence/ibm-developing-generative-ai-applications-with-python,"https://prod-discovery.edx-cdn.org/cdn-cgi/image/width=auto,height=auto,quality=75,format=webp/media/course/image/be7c922e-ebbb-4fe1-835d-04b5d349d198-13c4f21e13cc.jpeg","Build in-demand skills in generative AI application development and get hands-on experience creating intelligent chatbots and apps using popular LLMs, RAG technology, and IBM watsonx.",6,,,1,2,817,True,course-v1:IBM+AI0331EN+2T2024
course-7a6d9955-e984-4700-9a03-57d83099fc15,7a6d9955-e984-4700-9a03-57d83099fc15,ESG Essentials: Sustainable Business Strategies for a Changing World,The University of Hong Kong,Course,Course,edX,Introductory,Business & Management; Economics & Finance; Social Sciences,English,Current,self_paced,Sustainable Business; Governance,https://www.edx.org/learn/business-management/the-university-of-hong-kong-esg-essentials-sustainable-business-strategies-for-a-changing-world,"https://prod-discovery.edx-cdn.org/cdn-cgi/image/width=auto,height=auto,quality=75,format=webp/media/course/image/7a6d9955-e984-4700-9a03-57d83099fc15-fff63ff7e1eb.png","Learn how today’s business leaders must navigate the complexities of ESG to align their company’s economic, financial, and ethical purposes with its overall performance.",6,,,2,5,816,False,course-v1:HKUx+ESGx+3T2024
course-030f3b32-99e9-460e-a1d0-dc8cb61de5e0,030f3b32-99e9-460e-a1d0-dc8cb61de5e0,"Cyber Defense: Penetration Testing, Threat Hunting, and Cryptography",IBM,Course,Course,edX,Intermediate,Computer Science,English,Current,self_paced,Data Collection; Cryptography; Cyber Defense; Penetration Testing; Cyber Threat Hunting; Scripting; Cyber Security,https://www.edx.org/learn/penetration-testing/ibm-cyber-defense-penetration-testing-threat-hunting-and-cryptography,"https://prod-discovery.edx-cdn.org/cdn-cgi/image/width=auto,height=auto,quality=75,format=webp/media/course/image/030f3b32-99e9-460e-a1d0-dc8cb61de5e0-4d943e6aa0e5.png","This course focuses on the basics of penetration testing, threat hunting, and cryptography. It enables learners to gain an understanding of different vulnerabilities and techniques to mitigate and remediate against those vulnerabilities.",4,,,4,5,811,True,course-v1:IBM+Cybfun.5.0+3T2023
course-494f368e-13b6-48f6-bf5b-83f15ca0438f,494f368e-13b6-48f6-bf5b-83f15ca0438f,Digital Forensics Essentials (DFE),EC-Council,Course,Course,edX,Intermediate,Computer Science,English,Current,self_paced,,https://www.edx.org/learn/digital-forensics/ec-council-digital-forensics-essentials-dfe,"https://prod-discovery.edx-cdn.org/cdn-cgi/image/width=auto,height=auto,quality=75,format=webp/media/course/image/494f368e-13b6-48f6-bf5b-83f15ca0438f-c4e24dca16c6.jpeg",Digital Forensics Essentials (DFE) is a first-of-its-kind MOOC certification that offers foundational knowledge and skills on digital forensics with add-on labs for hands-on experience.,1,,,16,24,808,True,course-v1:EC-Council+DFE-112-53+3T2022
course-8344010a-22f2-47c3-9539-a72fa37faaf2,8344010a-22f2-47c3-9539-a72fa37faaf2,Processus de raisonnement clinique,Université de Montréal,Course,Course,edX,Advanced,Medicine; Health & Safety; Education & Teacher Training,French,Current,self_paced,,https://www.edx.org/learn/medicine/universite-de-montreal-processus-de-raisonnement-clinique,"https://prod-discovery.edx-cdn.org/cdn-cgi/image/width=auto,height=auto,quality=75,format=webp/media/course/image/8344010a-22f2-47c3-9539-a72fa37faaf2-24f960715b79.png",Ce cours interdisciplinaire explore le raisonnement clinique dans différentes disciplines de la santé.,6,,,3,4,807,False,course-v1:UMontrealX+PRC+1T2024
course-95a1b16c-21b0-471e-8afa-cfde0a50c242,95a1b16c-21b0-471e-8afa-cfde0a50c242,Age of Sustainable Development,SDG Academy,Course,Course,edX,Intermediate,Social Sciences; Environmental Studies; Energy & Earth Sciences,English,Current,self_paced,Corporate Sustainability; Sustainable Development; Physical Science; Sustainability; Social Policy,https://www.edx.org/learn/sustainable-development/sdg-academy-age-of-sustainable-development,"https://prod-discovery.edx-cdn.org/cdn-cgi/image/width=auto,height=auto,quality=75,format=webp/media/course/image/95a1b16c-21b0-471e-8afa-cfde0a50c242-4de77dee94ab.jpg","Learn the basics of sustainable development -- what it is, why it's important and how we can achieve it.",14,,,4,6,805,True,course-v1:SDGAcademyX+ASD001+3T2018
course-07721e0e-0ba7-45ad-b82b-1b6abdcb9dba,07721e0e-0ba7-45ad-b82b-1b6abdcb9dba,Climate Change: Carbon Capture and Storage,The University of Edinburgh,Course,Course,edX,Introductory,Engineering; Energy & Earth Sciences; Environmental Studies,English,Current,self_paced,Economics; Carbon Capture And Storage; Greenhouse Gas; Engineering Geology; Climate Change Mitigation,https://www.edx.org/learn/climate-change/the-university-of-edinburgh-climate-change-carbon-capture-and-storage,"https://prod-discovery.edx-cdn.org/cdn-cgi/image/width=auto,height=auto,quality=75,format=webp/media/course/image/07721e0e-0ba7-45ad-b82b-1b6abdcb9dba-b95ea0bae4a7.png","Explore the technology that can provide a long-term solution to protect our atmosphere from an excess of carbon dioxide, in the context of global energy, our use of fossil fuels, and climate change.
This course is also available with captions in Chinese.",5,,,2,3,801,False,course-v1:EdinburghX+CCSx+3T2017
course-e594af27-ed0a-4399-9271-891a31db3a40,e594af27-ed0a-4399-9271-891a31db3a40,C#: Learn to code,Microsoft,Course,Course,edX,Introductory,Computer Science,English,Current,self_paced,Conditional Statements; C# (Programming Language); Debugging; Console Applications; Application Development,https://www.edx.org/learn/computer-science/microsoft-c-learn-to-code,"https://prod-discovery.edx-cdn.org/cdn-cgi/image/width=auto,height=auto,quality=75,format=webp/media/course/image/e594af27-ed0a-4399-9271-891a31db3a40-24287c4bf873.jpeg","You will learn the basics of writing your first code using C#, covering fundamental concepts and skills to get started with the language.",2,,,4,5,799,True,course-v1:Microsoft+CSP-102+1T2025
course-79f21ace-02c3-4d4b-9b02-8eb4ce735f7b,79f21ace-02c3-4d4b-9b02-8eb4ce735f7b,Shakespeare's The Merchant of Venice: Shylock,Harvard University,Course,Course,edX,Introductory,Humanities; Literature; History,English,Current,self_paced,,https://www.edx.org/learn/shakespeare/harvard-university-shakespeare-s-the-merchant-of-venice-shylock,"https://prod-discovery.edx-cdn.org/cdn-cgi/image/width=auto,height=auto,quality=75,format=webp/media/course/image/79f21ace-02c3-4d4b-9b02-8eb4ce735f7b-e1fbfdd8da2f.jpg",An exploration of the magnetic and ambivalent character of Shylock in William Shakespeare’s The Merchant of Venice.,4,,,5,7,799,True,course-v1:HarvardX+Hum3.2x+2T2017
course-02947b3d-4475-44ec-9721-e3db83ebba8e,02947b3d-4475-44ec-9721-e3db83ebba8e,Habilidades de negociación y comunicación efectiva,Tecnológico de Monterrey,Course,Course,edX,Introductory,Business & Management,Spanish,Current,self_paced,Emotional Intelligence; Communications; Conflict Resolution; Active Learning; Negotiation,https://www.edx.org/learn/negotiations/tecnologico-de-monterrey-habilidades-de-negociacion-y-comunicacion-efectiva,"https://prod-discovery.edx-cdn.org/cdn-cgi/image/width=auto,height=auto,quality=75,format=webp/media/course/image/02947b3d-4475-44ec-9721-e3db83ebba8e-f6572fe7553b.jpg","Aprende a analizar la perspectiva “social” de una negociación y su impacto en acuerdos exitosos, así como los riesgos de ignorarla o desconocer su aplicabilidad.",4,,,5,8,796,True,course-v1:TecdeMonterreyX+MMHN.1x+3T2019
course-00152a61-93ae-41e3-89fe-82a7fe1e3995,00152a61-93ae-41e3-89fe-82a7fe1e3995,Lean Production,Technical University of Munich,Course,Course,edX,Introductory,Business & Management; Data Analysis & Statistics; Engineering,English,Current,self_paced,Lean Six Sigma; Concrete Mixing And Batching; Poka-Yoke; Six Sigma Yellow Belt; Toyota Production System; Kanban Principles; Lean Six Sigma Green Belt; Quality Management; Continuous Improvement Process; Lean Manufacturing; Resource Utilization; Six Sigma Green Belt Certification; Production Leveling; Autonomation; Cycle Time Variation; Production Systems; Process Improvement; Just In Time Methodology,https://www.edx.org/learn/manufacturing/technische-universitat-munchen-lean-production,"https://prod-discovery.edx-cdn.org/cdn-cgi/image/width=auto,height=auto,quality=75,format=webp/media/course/image/00152a61-93ae-41e3-89fe-82a7fe1e3995-7b16d5e1c99e.jpg","Learn how to apply key elements of Lean Production, from minimizing inventory and reducing setup times, to using 5S and Kaizen, in order to improve quality and productivity in your workplace.",6,,,3,4,796,True,course-v1:TUMx+QPLS3x+1T2018
course-ee317c5b-3ec4-473f-a7bd-4fa987c846d3,ee317c5b-3ec4-473f-a7bd-4fa987c846d3,Linux Commands & Shell Scripting,IBM,Course,Course,edX,Introductory,Computer Science,English,Current,self_paced,Unix Shell; Bash (Scripting Language); Operating Systems; Scripting; Grep; Access Controls; Cron; Software Development; File Management; Linux Commands; cURL; Ifconfig; Wget; Shell Commands; Linux Servers; Text Processing; Linux; Ping (Networking Utility); Web Browsers; Unix; Mac OS; Command-Line Interface; Shell Script,https://www.edx.org/learn/linux/ibm-linux-commands-shell-scripting,"https://prod-discovery.edx-cdn.org/cdn-cgi/image/width=auto,height=auto,quality=75,format=webp/media/course/image/ee317c5b-3ec4-473f-a7bd-4fa987c846d3-37eb6732dfac.jpeg","This mini-course describes shell commands and how to use the advanced features of the Bash shell to automate complicated database tasks. For those not familiar with shell scripting, this course provides an overview of common Linux Shell Commands and shell scripting basics.",1,,,3,4,790,True,course-v1:IBM+LX0117EN+3T2021
course-06afced3-13da-4ed2-944e-3e466c036857,06afced3-13da-4ed2-944e-3e466c036857,The Project Management Skills Certified Professional (PMSCP®),MindEdge,Course,Course,edX,Intermediate,Business & Management; Communication,English,Current,self_paced,,https://www.edx.org/learn/business-management/mindedge-the-project-management-skills-certified-professional-pmscp-r,"https://prod-discovery.edx-cdn.org/cdn-cgi/image/width=auto,height=auto,quality=75,format=webp/media/course/image/06afced3-13da-4ed2-944e-3e466c036857-90c2a2dfd4cb.jpeg","PM Skills® provides training in the interpersonal skills and organizational behaviors that have the strongest impact on team performance and project success. The training provides the practical application of the skills, tools, and organizational behaviors that have the strongest impact on team performance and project success. While many project management courses touch upon the concepts behind these skills, PM Skills® takes it further and prepares the learner to put them into practice.",3,,,1,2,785,False,course-v1:MindEdge+4+1T2024e
course-65edec3e-09f7-4320-b541-889d2303135a,65edec3e-09f7-4320-b541-889d2303135a,Liderazgo y comportamiento organizacional,Tecnológico de Monterrey,Course,Course,edX,Introductory,Business & Management,Spanish,Current,self_paced,Negotiation; Organizational Leadership; Psychology; Influencing Skills; Leadership; Leadership Studies; Motivational Leadership; Organizational Behavior,https://www.edx.org/learn/leadership/tecnologico-de-monterrey-liderazgo-y-comportamiento-organizacional,"https://prod-discovery.edx-cdn.org/cdn-cgi/image/width=auto,height=auto,quality=75,format=webp/media/course/image/65edec3e-09f7-4320-b541-889d2303135a-e1b5e1e5e717.jpg","Aprende a desarrollar tu potencial como líder, desarrolla habilidades de motivación, liderazgo y negociación.",4,,,5,8,783,True,course-v1:TecdeMonterreyX+MMLCO.1x+3T2018
course-cdc1f3db-0242-403f-b338-50805cb8a03d,cdc1f3db-0242-403f-b338-50805cb8a03d,"English for Journalists, Part 1","University of California, Berkeley",Course,Course,edX,Intermediate,Communication; Humanities,English,Current,self_paced,Learning Platforms; Communications; Marketing; Journalism; Grammar; Vocabulary; Program Management; Writing; English Language; Idioms,https://www.edx.org/learn/journalism/university-of-california-berkeley-english-for-journalists-part-1,"https://prod-discovery.edx-cdn.org/cdn-cgi/image/width=auto,height=auto,quality=75,format=webp/media/course/image/cdc1f3db-0242-403f-b338-50805cb8a03d-e27f9c6f94c0.jpg","Improve your English grammar, vocabulary and writing skills through exciting topics in journalism and world news.",5,,,3,4,782,False,course-v1:BerkeleyX+ColWri15.1x+1T2016
course-aa0b90a5-7681-467b-91aa-707242534d87,aa0b90a5-7681-467b-91aa-707242534d87,Introduction to SQL,Davidson College,Course,Course,edX,Introductory,Data Analysis & Statistics,English,Current,self_paced,Web Applications; Application Development; Research; Data Storage Technologies; User Interface; RStudio; Data Analysis; Market Research; Relational Databases; Financial Analysis; Shiny (R Package); Google Sheets; SQL (Programming Language); Cascading Style Sheets (CSS); R (Programming Language); Syntax,https://www.edx.org/learn/sql/davidson-college-introduction-to-sql,"https://prod-discovery.edx-cdn.org/cdn-cgi/image/width=auto,height=auto,quality=75,format=webp/media/course/image/aa0b90a5-7681-467b-91aa-707242534d87-2e93b01adc5f.png","In this introduction to SQL Online Course you will gain strong underdstanding and utilize SQL to aggregate, manipulate, and analyze data in your field.",4,,,3,5,782,True,course-v1:DavidsonX+DavidsonX_D007+2T2021
course-6712ef7a-6557-4262-b029-87502395692c,6712ef7a-6557-4262-b029-87502395692c,Nutrition and Health: Human Microbiome,Wageningen University & Research,Course,Course,edX,Introductory,Health & Safety; Food & Nutrition; Biology & Life Sciences,English,Current,self_paced,Allergology; Viruses; Written Composition; Irritable Bowel Syndrome; Diabetes Mellitus; Microbiology; Cell Biology; Balancing (Ledger/Billing),https://www.edx.org/learn/nutrition/wageningen-university-research-nutrition-and-health-human-microbiome,"https://prod-discovery.edx-cdn.org/cdn-cgi/image/width=auto,height=auto,quality=75,format=webp/media/course/image/6712ef7a-6557-4262-b029-87502395692c-0203d9b902a1.jpg","Learn how you can impact your health by balancing your gut health; how your microbiome together with your diet can improve normal gut function. A balanced microbiome and nutritional intake can avoid disorders like IBS, obesity and diabetes.",6,,,3,5,782,False,course-v1:WageningenX+NUTR104x+3T2017
course-bfd6a287-1ed4-49dc-9d43-cdee9abbe643,bfd6a287-1ed4-49dc-9d43-cdee9abbe643,Accounting System Structure and Information Management,New York Institute of Finance,Course,Course,edX,Introductory,Economics & Finance,English,Current,self_paced,Information Management; Balance Sheet; Retained Earnings; Financial Accounting; Revenue Recognition; Income Statement; Accounting Software; Accounting; Finance; Accounting Information Systems,https://www.edx.org/learn/accounting/new-york-institute-of-finance-accounting-system-structure-and-information-management,"https://prod-discovery.edx-cdn.org/cdn-cgi/image/width=auto,height=auto,quality=75,format=webp/media/course/image/bfd6a287-1ed4-49dc-9d43-cdee9abbe643-af92c2a0427b.jpeg",Get introduced to accounting concepts and learn how accountants measure income and record transactions.,4,,,1,2,779,True,course-v1:NYIF+FAPC.PC1x+2T2020
course-f5e6e97c-1c6e-4943-9f3d-8cd366aaec66,f5e6e97c-1c6e-4943-9f3d-8cd366aaec66,Hinduism Through Its Scriptures.,Harvard University,Course,Course,edX,Introductory,Humanities; History,English,Current,self_paced,,https://www.edx.org/learn/hinduism/harvard-university-hinduism-through-its-scriptures,"https://prod-discovery.edx-cdn.org/cdn-cgi/image/width=auto,height=auto,quality=75,format=webp/media/course/image/f5e6e97c-1c6e-4943-9f3d-8cd366aaec66-284c695984c5.jpg","Learn about the rich diversity of Hindu sacred texts – hymns, narratives, philosophical thought – and their interpretations.",4,,,5,10,778,True,course-v1:HarvardX+HDS3221.5x+2T2016
course-0d232bd1-92d2-4528-8313-efd8fb6e43ce,0d232bd1-92d2-4528-8313-efd8fb6e43ce,The Best Start in Life: Early Childhood Development for Sustainable Development,SDG Academy,Course,Course,edX,Intermediate,Education & Teacher Training; Social Sciences; Biology & Life Sciences,English,Current,self_paced,Sustainable Development; Sociology; Teaching; Developmental Psychology; Anthropology; International Aid Transparency Initiative; Biology; Nursing,https://www.edx.org/learn/child-development/sdg-academy-the-best-start-in-life-early-childhood-development-for-sustainable-development,"https://prod-discovery.edx-cdn.org/cdn-cgi/image/width=auto,height=auto,quality=75,format=webp/media/course/image/0d232bd1-92d2-4528-8313-efd8fb6e43ce-b72d0e643dde.jpg",Children are our future – so how do we give them the best beginning for a happy and healthy life?,8,,,2,4,774,False,course-v1:SDGAcademyX+ECD001+3T2018
course-e62d41a8-5592-49be-9898-d1c8cce463ed,e62d41a8-5592-49be-9898-d1c8cce463ed,"European History, Society and Culture",KU Leuven,Course,Course,edX,Intermediate,History; Art & Culture; Humanities,English,Current,self_paced,,https://www.edx.org/learn/europe/ku-leuven-european-history-society-and-culture,"https://prod-discovery.edx-cdn.org/cdn-cgi/image/width=auto,height=auto,quality=75,format=webp/media/course/image/e62d41a8-5592-49be-9898-d1c8cce463ed-1e0b672ebe07.jpeg",Learn how key historical moments shaped and are shaping contemporary Europe.,8,,,4,6,770,True,course-v1:KULeuvenX+EUROHISx+1T2023
course-26ec36f3-8e89-4072-a796-2ae72540dad2,26ec36f3-8e89-4072-a796-2ae72540dad2,AI Prompt Engineering Fundamentals,Institute of Product Leadership (IPL),Course,Course,edX,Introductory,Education & Teacher Training,English,Current,self_paced,Design Strategies; Artificial Intelligence; Master Of Laws; Chatbot,https://www.edx.org/learn/education-teacher-training/institute-of-product-leadership-ipl-ai-prompt-crafting,"https://prod-discovery.edx-cdn.org/cdn-cgi/image/width=auto,height=auto,quality=75,format=webp/media/course/image/26ec36f3-8e89-4072-a796-2ae72540dad2-33c4bc37c92c.png",ChatGPT Beginner Course in LLM Engineering. Master the Prompting Techniques to Build and Direct Powerful Agentic AI,1,,,1,2,768,True,course-v1:IPL+PL419+3T2025
course-8e226d43-757c-4c1a-84ee-c3b636c45c41,8e226d43-757c-4c1a-84ee-c3b636c45c41,Your Body Inside and Out: Using Exercise Physiology to Slow Aging,Stanford University,Course,Course,edX,Introductory,Biology & Life Sciences,English,Current,self_paced,Aging Processes; Optometry; Physiology; Lecturing; Dementia; Cardiovascular Disease; Human Musculoskeletal Systems; Exercise Physiology; Information Sciences; Diabetes Mellitus,https://www.edx.org/learn/physiology/stanford-university-your-body-inside-and-out-using-exercise-physiology-to-slow-aging,"https://prod-discovery.edx-cdn.org/cdn-cgi/image/width=auto,height=auto,quality=75,format=webp/media/course/image/8e226d43-757c-4c1a-84ee-c3b636c45c41-c36f174f009f.jpeg","This online class will present the latest scientific information on the interaction between aging and physical activity. In an approachable style, you will learn how your physiology changes with age and how different types of movement can impact that trajectory of aging. Physical activity is a powerful medicine and you will learn how to harness its benefits to improve your health and wellness throughout the lifespan. Whether you are new to exercise or a life-long athlete, this class will open your eyes to the amazing systems within your body and help you strategize on activities that fit your goals for a healthy life.
Note: This class is self-paced, so despite the ""One Session Start Date"" below, you can start any day you are ready. We look forward to seeing you online.",8,,,2,4,762,False,course-v1:StanfordOnline+HUMBIOX0101+1T2021
course-7de4699c-585a-4657-a93d-cc26bd324142,7de4699c-585a-4657-a93d-cc26bd324142,Teaching Critical Thinking through Art with the National Gallery of Art,The Smithsonian Institution,Course,Course,edX,Introductory,Education & Teacher Training,English,Current,self_paced,Pedagogy; Critical Thinking; Museum Education; Teaching; Zoom (Video Conferencing Tool); Project Zero; Arts Integration,https://www.edx.org/learn/critical-thinking-skills/the-smithsonian-institution-teaching-critical-thinking-through-art-with-the-national-gallery-of-art,"https://prod-discovery.edx-cdn.org/cdn-cgi/image/width=auto,height=auto,quality=75,format=webp/media/course/image/7de4699c-585a-4657-a93d-cc26bd324142-55a26eac4354.jpg","Learn how to integrate works of art using Artful Thinking routines, effective strategies from Project Zero at Harvard University, in this interactive online course for teachers of all levels and subjects.",16,,,3,4,762,False,course-v1:SmithsonianX+NGA1.1X+1T2019
course-4cd9cdf3-cc1e-4691-941e-31933d2ed268,4cd9cdf3-cc1e-4691-941e-31933d2ed268,Linear Algebra I: Vectors and Linear Equations,Delft University of Technology,Course,Course,edX,Intermediate,Math,English,Current,self_paced,Linear Algebra; Quantum Computing; Linear Equations; Machine Learning; Basic Math,https://www.edx.org/learn/linear-algebra/delft-university-of-technology-linear-algebra-i-vectors-and-linear-equations,"https://prod-discovery.edx-cdn.org/cdn-cgi/image/width=auto,height=auto,quality=75,format=webp/media/course/image/4cd9cdf3-cc1e-4691-941e-31933d2ed268-79fad5d8d678.jpeg",This course provides an overview of bachelor-level linear algebra. You will review all the concepts and practice and refresh the skills related to vectors and linear equations.,6,,,4,6,757,True,course-v1:DelftX+MMFEL1X+2T2023
course-153cedc6-d710-41c4-bd39-58363ef0f7db,153cedc6-d710-41c4-bd39-58363ef0f7db,Cyber Security Basics: A Hands-on Approach,Universidad Carlos III de Madrid,Course,Course,edX,Intermediate,Computer Science; Engineering,English,Current,self_paced,Cyber Security; Computer Science; Computer Security,https://www.edx.org/learn/cybersecurity/universidad-carlos-iii-de-madrid-cyber-security-basics-a-hands-on-approach,"https://prod-discovery.edx-cdn.org/cdn-cgi/image/width=auto,height=auto,quality=75,format=webp/media/course/image/153cedc6-d710-41c4-bd39-58363ef0f7db-a92245e35d1c.jpg","Learn how to think like a hacker, but behave as a security expert.",6,,,5,7,754,False,course-v1:UC3Mx+INF.2x+1T2017
course-dbf2e77f-c789-49a8-a961-f11468ab47e3,dbf2e77f-c789-49a8-a961-f11468ab47e3,Solar Energy 1,Delft University of Technology,Course,Course,edX,Introductory,Engineering; Environmental Studies; Energy & Earth Sciences,English,Current,self_paced,Electrical Networks; Semiconductor Materials; Climate Change Mitigation; Physics; Energy Conversion; Optics; Management,https://www.edx.org/learn/solar-energy/delft-university-of-technology-solar-energy-from-fundamentals-to-its-role-in-the-energy-transition,"https://prod-discovery.edx-cdn.org/cdn-cgi/image/width=auto,height=auto,quality=75,format=webp/media/course/image/dbf2e77f-c789-49a8-a961-f11468ab47e3-c47d434de7b7.png",Learn about the leading role of solar energy in rural electrification and climate change mitigation. Introduce yourself to the physical principle of the photovoltaic energy conversion of solar cells.,4,,,4,6,750,True,course-v1:DelftX+SE1x+3T2022
course-25711619-a496-4f17-a96f-ff2a371799cf,25711619-a496-4f17-a96f-ff2a371799cf,"Spanish Vocabulary: Sports, Travel, and the Home","University of California, Davis",Course,Course,edX,Introductory,Language,English,Current,self_paced,,https://www.edx.org/learn/language/university-of-california-davis-spanish-vocabulary-sports-travel-and-the-home,"https://prod-discovery.edx-cdn.org/cdn-cgi/image/width=auto,height=auto,quality=75,format=webp/media/course/image/25711619-a496-4f17-a96f-ff2a371799cf-9b05842dbed5.jpeg","In this course, you will continue to build upon the basics in the first two courses of the specialization and continue to learn conversational Spanish in three themed modules: talking about sports and pastimes, talking about travel, and talking about home living arrangements.",4,,,3,4,750,True,course-v1:UCDavis+SWW1045+2T2023
course-5a850c7a-87a3-4c85-b20f-1361fb8dc86c,5a850c7a-87a3-4c85-b20f-1361fb8dc86c,Introduction to psychology of personality,Università degli Studi di Napoli Federico II,Course,Course,edX,Intermediate,Humanities,English,Current,self_paced,Research; Personality Psychology; Psychology,https://www.edx.org/learn/human-psychology/universita-degli-studi-di-napoli-federico-ii-introduction-to-psychology-of-personality,"https://prod-discovery.edx-cdn.org/cdn-cgi/image/width=auto,height=auto,quality=75,format=webp/media/course/image/5a850c7a-87a3-4c85-b20f-1361fb8dc86c-174f0b24988a.jpeg","Study the main themes and methodological aspects of personality psychology, and focus on the role of the cognitive processes involved in the construction of personality",7,,,6,8,749,False,course-v1:FedericaX+85+2T2021
course-48c3d5b2-152e-4870-b017-bfe1d9eed461,48c3d5b2-152e-4870-b017-bfe1d9eed461,Let’s Get Emotional:  Emotions & Emotional Intelligence!,"The University of Maryland, College Park",Course,Course,edX,Introductory,Business & Management; Communication; Engineering,English,Current,self_paced,Self-Awareness; Leadership; Emotional Intelligence,https://www.edx.org/learn/psychology/the-university-of-maryland-college-park-lets-get-emotional-emotions-emotional-intelligence,"https://prod-discovery.edx-cdn.org/cdn-cgi/image/width=auto,height=auto,quality=75,format=webp/media/course/image/48c3d5b2-152e-4870-b017-bfe1d9eed461-160392fd3fba.png",Effective leaders have high self-awareness and emotional intelligence. This course will help you understand emotions -- our secondary and overlooked intelligence system -- and emotional intelligence. build your emotional vocabulary and emotional intelligence.,5,,,2,3,749,True,course-v1:USMx+ENCE665.4+3T2020
course-e2dc9e49-95c6-48d7-affa-b840496bbfff,e2dc9e49-95c6-48d7-affa-b840496bbfff,Basic Spanish 3: Getting there,Universitat Politècnica de València,Course,Course,edX,Introductory,Language; Art & Culture,English,Current,self_paced,Vocabulary; Presentations; Pronunciation; Grammar; Spanish Language; Communications; English Language,https://www.edx.org/learn/spanish/universitat-politecnica-de-valencia-basic-spanish-3-getting-there,"https://prod-discovery.edx-cdn.org/cdn-cgi/image/width=auto,height=auto,quality=75,format=webp/media/course/image/e2dc9e49-95c6-48d7-affa-b840496bbfff-9d1cc2163fdf.jpeg","Beginners course for learners of Spanish that focuses not only on language but also on cultural aspects, specifically designed for English speakers.",4,,,3,4,745,True,course-v1:UPValenciaX+BSP103x+1T2020
course-90c23fbb-64e6-46bd-b2ff-84c9c298b59c,90c23fbb-64e6-46bd-b2ff-84c9c298b59c,Introduction to Blockchain and Web3,Web3 Foundation,Course,Course,edX,Introductory,Computer Science; Engineering; Economics & Finance,English,Current,self_paced,Blockchain; Cryptography; Ethereum; Nodes (Networking); Bitcoin,https://www.edx.org/learn/blockchain/web3-foundation-introduction-to-blockchain-and-web3,"https://prod-discovery.edx-cdn.org/cdn-cgi/image/width=auto,height=auto,quality=75,format=webp/media/course/image/90c23fbb-64e6-46bd-b2ff-84c9c298b59c-6a6714a25c9b.png",Build the foundational knowledge required to understand the latest developments in the Blockchain space and Web3,6,,,2,3,745,False,course-v1:Web3x+W3F.01.0x+2T2022
course-05ae6aa5-07cf-4be7-9ce3-f1c6d1d1d12e,05ae6aa5-07cf-4be7-9ce3-f1c6d1d1d12e,La Dirección y Gestión de Proyectos,Universidad Nacional de Córdoba,Course,Course,edX,Intermediate,Business & Management; Economics & Finance,Spanish,Current,self_paced,Planning; Procurement; Leadership; Management,https://www.edx.org/learn/project-management/universidad-nacional-de-cordoba-la-direccion-y-gestion-de-proyectos,"https://prod-discovery.edx-cdn.org/cdn-cgi/image/width=auto,height=auto,quality=75,format=webp/media/course/image/05ae6aa5-07cf-4be7-9ce3-f1c6d1d1d12e-98915d59e96f.png","En este curso aprenderás distintas herramientas para planificar y dirigir los procesos de un proyecto, entendiendo por proyecto una serie de actividades diseñadas para lograr un objetivo con un alcance, recursos, inicio y final establecidos. 
Se abordarán los factores críticos que hay que tener en cuenta para garantizar la factibilidad del proyecto y lograr sus objetivos optimizando el uso de los múltiples recursos implicados durante la implementación.",5,,,5,7,742,True,course-v1:UNCordobaX+CPG002X+3T2021
course-cc116bd5-8879-4c83-bbb5-9523e74fb1ce,cc116bd5-8879-4c83-bbb5-9523e74fb1ce,"Agile Process, Project, and Program Controls","The University of Maryland, College Park",Course,Course,edX,Advanced,Engineering; Business & Management; Philosophy & Ethics,English,Current,self_paced,Project Risk Management; Project Management Professional Certification; Agile Project Management; Project Management Institute (PMI) Methodology; PMI Agile Certified Practitioner; Project Management Body Of Knowledge (PMBOK) Methodology; Business Case; Return On Investment; Project Management; Certified Scrum Master; Management; Agile Methodology; Technology Roadmaps; Scrum (Software Development); Sprint Retrospectives; Product Roadmaps; Team Processes; Risk Management; Benefits Realization Management; Earned Value Management; Agile Leadership; Program Management,https://www.edx.org/learn/agile/the-university-of-maryland-college-park-agile-process-project-and-program-controls,"https://prod-discovery.edx-cdn.org/cdn-cgi/image/width=auto,height=auto,quality=75,format=webp/media/course/image/cc116bd5-8879-4c83-bbb5-9523e74fb1ce-8e9515d5c4da.jpg","Learn Agile controls that get work done with confidence by using true transparency (actuals not estimates) and continuous improvement to ensure your people, process, and products deliver valuable, working solutions.",4,,,2,3,731,True,course-v1:USMx+ENCE607.5x+1T2019
course-78bdd02d-aaa0-41ec-9bbf-4a15ad31c746,78bdd02d-aaa0-41ec-9bbf-4a15ad31c746,Marketing digital y sus análisis basado en datos,Tecnológico de Monterrey,Course,Course,edX,Intermediate,Business & Management; Data Analysis & Statistics,Spanish,Current,self_paced,Technology Ecosystems; Search Engine Optimization; Big Data; Digital Media Strategy; Social Media; Algorithms; Influencer Marketing; Search Engine Marketing; Digital Marketing; User Experience; Social Networks; Digital Communications; Analytics; Marketing,https://www.edx.org/learn/digital-marketing/tecnologico-de-monterrey-marketing-digital-y-sus-analisis-basado-en-datos,"https://prod-discovery.edx-cdn.org/cdn-cgi/image/width=auto,height=auto,quality=75,format=webp/media/course/image/78bdd02d-aaa0-41ec-9bbf-4a15ad31c746-8bc0a5c88f6e.jpeg","El marketing digital es la columna vertebral que utiliza plataformas y tecnologías digitales en una empresa, como cualquier tipo de dispositivo, para mantenerse conectado con los usuarios. Una vez que los usuarios son parte de este ecosistema, las empresas convierten estos datos aleatorios en algoritmos precisos para mejorar la efectividad de cualquier campaña de marketing.",4,,,5,8,729,True,course-v1:TecdeMonterreyX+MDx+1T2021
course-2282c8f1-30f3-4fe0-b697-ab5442eb885b,2282c8f1-30f3-4fe0-b697-ab5442eb885b,Reservoir Geomechanics,Stanford University,Course,Course,edX,Introductory,Energy & Earth Sciences,English,Current,self_paced,Forecasting; Geomechanics; Structural Geology; Pore Water Pressure; Fluid Dynamics; Petroleum Engineering,https://www.edx.org/learn/geology/stanford-university-reservoir-geomechanics,"https://prod-discovery.edx-cdn.org/cdn-cgi/image/width=auto,height=auto,quality=75,format=webp/media/course/image/2282c8f1-30f3-4fe0-b697-ab5442eb885b-3d66f6ee89e8.png","This interdisciplinary course encompasses the fields of rock mechanics, structural geology, earthquake seismology and petroleum engineering to address a wide range of geomechanical problems that arise during the exploitation of oil and gas reservoirs.",10,,,3,6,729,False,course-v1:StanfordOnline+GEOPHYSX0001+1T2020
course-fff44379-c896-4b15-ab1d-b92f28acb789,fff44379-c896-4b15-ab1d-b92f28acb789,Financial Analysis for Decision Making,Babson College,Course,Course,edX,Introductory,Business & Management; Economics & Finance,English,Current,self_paced,Finance; Securities (Finance); Decision Making; Financial Analysis,https://www.edx.org/learn/financial-analysis/babson-college-financial-analysis-for-decision-making,"https://prod-discovery.edx-cdn.org/cdn-cgi/image/width=auto,height=auto,quality=75,format=webp/media/course/image/fff44379-c896-4b15-ab1d-b92f28acb789-eabb2739d088.jpg",Learn how to analyze business opportunities for their financial viability and secure funding to start and grow your business.,4,,,4,6,728,True,course-v1:BabsonX+BPET.FINx+2T2017
course-0a796b48-6754-4767-9e6a-d28bbde77561,0a796b48-6754-4767-9e6a-d28bbde77561,Risk Management and Credit Principles,New York Institute of Finance,Course,Course,edX,Advanced,Economics & Finance,English,Current,self_paced,Credit Analysis; Business Modeling; Credit Risk; Risk Analysis; Risk Management; Loss Given Default; Finance; Business Risk Management,https://www.edx.org/learn/risk-management/new-york-institute-of-finance-risk-management-and-credit-principles,"https://prod-discovery.edx-cdn.org/cdn-cgi/image/width=auto,height=auto,quality=75,format=webp/media/course/image/0a796b48-6754-4767-9e6a-d28bbde77561-8a14dac24d29.jpg","Get introduced to risk management, credit principles, and business risk as they relate to a borrower.",6,,,2,3,722,True,course-v1:NYIF+CR.1x+3T2018
course-aea1f5c7-bbe1-4ff7-893e-06a4559fd114,aea1f5c7-bbe1-4ff7-893e-06a4559fd114,The Neuropsychology of Decision Making,University of Cambridge,Course,Course,edX,Introductory,Social Sciences,English,Current,self_paced,Neurology; Anatomy; Physiology; Deficits; Decision Making; Psychology; Research; Influencing Skills; Chemical Process,https://www.edx.org/learn/decision-making/university-of-cambridge-the-neuropsychology-of-decision-making,"https://prod-discovery.edx-cdn.org/cdn-cgi/image/width=auto,height=auto,quality=75,format=webp/media/course/image/aea1f5c7-bbe1-4ff7-893e-06a4559fd114-f54a1b2b6528.jpeg","An introductory course to the complex cognitive process that is decision-making, from a neuropsychological perspective. Covering basic neuroanatomy, neurodevelopment, important structures, chemicals and networks, individual differences in decision-making and decision-making deficits.",6,,,3,5,721,False,course-v1:UniversityofCambridge+2223EDX002+3T2022
course-061b8a81-b1df-4b50-88a8-a51318aad2e4,061b8a81-b1df-4b50-88a8-a51318aad2e4,"A-level Further Mathematics for Year 12 - Course 1: Complex Numbers, Matrices, Roots of Polynomial Equations and Vectors",Imperial College London,Course,Course,edX,Intermediate,Math,English,Current,self_paced,Basic Math; Language Construct,https://www.edx.org/learn/math/imperial-college-london-a-level-further-mathematics-for-year-12-course-1-complex-numbers-matrices-roots-of-polynomial-equations-and-vectors,"https://prod-discovery.edx-cdn.org/cdn-cgi/image/width=auto,height=auto,quality=75,format=webp/media/course/image/061b8a81-b1df-4b50-88a8-a51318aad2e4-dfe0565d809a.jpeg","Develop your thinking skills, fluency and confidence in A-level further maths and prepare for undergraduate STEM degrees.",7,,,2,4,719,False,course-v1:ImperialX+alm005+1T2021
course-23e10daa-9954-4885-8d11-31459a77c3f1,23e10daa-9954-4885-8d11-31459a77c3f1,Data Analytics and Databases on AWS,Amazon Web Services,Course,Course,edX,Introductory,Data Analysis & Statistics; Computer Science,English,Current,self_paced,,https://www.edx.org/learn/data-analysis-statistics/amazon-web-services-data-analytics-and-databases-on-aws,"https://prod-discovery.edx-cdn.org/cdn-cgi/image/width=auto,height=auto,quality=75,format=webp/media/course/image/23e10daa-9954-4885-8d11-31459a77c3f1-2d598cec04b1.png","In this course, you develop essential skills that will help you think like a data analyst. You explore key data types and structures, and apply this knowledge directly to discussions on SQL and NoSQL databases. The course also places significant emphasis on the extract, transform, and load (ETL) process. Through each step, you gain insights into handling data, ensuring data quality, managing databases effectively, and integrating data seamlessly. Additionally, you learn about essential AWS services for data analysis and reinforce your learning through practical labs that prepare you for real-world scenarios.",3,,,2,4,718,True,course-v1:AWS+CTC-Data-Analytics+3T2023
course-eb713d8d-945b-4252-9f0c-2247b933210b,eb713d8d-945b-4252-9f0c-2247b933210b,Stock Trading Professional Certification Examination,New York Institute of Finance,Course,Course,edX,Introductory,Economics & Finance,English,Current,self_paced,,https://www.edx.org/learn/economics/new-york-institute-of-finance-stock-trading-professional-certification-examination-2,"https://prod-discovery.edx-cdn.org/cdn-cgi/image/width=auto,height=auto,quality=75,format=webp/media/course/image/eb713d8d-945b-4252-9f0c-2247b933210b-ac7fa9d38c8e.png",Complete the required exam to earn your professional certificate in Stock Trading from the New York Institute of Finance.,1,,,1,2,717,True,course-v1:NYIF+Stpcx.3.0+3T2022
course-1cbbfd40-68a2-4c95-9ce9-84ee6b28340b,1cbbfd40-68a2-4c95-9ce9-84ee6b28340b,Academic English: How to Write a Thesis,The University of Queensland,Course,Course,edX,Introductory,Education & Teacher Training,English,Current,instructor_paced,Writing; Life Sciences; Academic Writing; Research Methodologies; Research Sources; Research; Planning; Social Sciences; Academic Language,https://www.edx.org/learn/english/the-university-of-queensland-academic-english-how-to-write-a-thesis,"https://prod-discovery.edx-cdn.org/cdn-cgi/image/width=auto,height=auto,quality=75,format=webp/media/course/image/1cbbfd40-68a2-4c95-9ce9-84ee6b28340b-6baafe80b6bc.jpeg","Academic English guides you through the process of becoming an academic writer into producing your first academic research publication. Created by academic writing experts, Academic English spans 5 modules explaining ideas for research, finding and sourcing relevant literature, reporting research methods and results according to disciplinary expectations, and developing critical insights into your findings. A world of academic language and expertise is at your fingertips in Academic English!",10,,,1,3,713,False,course-v1:UQx+ACE201x+1T2023
course-e6f0924e-d827-4b5b-9e77-488a7e3ad779,e6f0924e-d827-4b5b-9e77-488a7e3ad779,Advanced Spoken English through metaverse,IsraelX,Course,Course,edX,Advanced,Language,English,Current,instructor_paced,,https://www.edx.org/learn/english/israelx-advanced-spoken-english-through-metaverse,"https://prod-discovery.edx-cdn.org/cdn-cgi/image/width=auto,height=auto,quality=75,format=webp/media/course/image/e6f0924e-d827-4b5b-9e77-488a7e3ad779-85748fafb395.jpeg","Get ready to take your spoken English skills to the next level with our advanced course! Through innovative technologies and a supportive environment, you'll have endless opportunities to enhance your fluency, pronunciation, grammar and vocabulary - all with the goal of achieving exemption level (B2) With unlimited access to our virtual world and personalized attention from our expert teachers, you will gain the confidence to speak English with ease.",10,,,2,4,712,False,course-v1:IsraelX+ACD_RFP5_AdvancedSpokenEnglish_EN+1T2023
course-a65ffdf9-74a3-40a7-a98f-c8d3d4f9d042,a65ffdf9-74a3-40a7-a98f-c8d3d4f9d042,GenAI for Executives & Business Leaders: An Introduction,IBM,Course,Course,edX,Introductory,Business & Management,English,Current,self_paced,Artificial Intelligence; Curiosity,https://www.edx.org/learn/business-management/ibm-generative-ai-for-executives-and-business-leaders,"https://prod-discovery.edx-cdn.org/cdn-cgi/image/width=auto,height=auto,quality=75,format=webp/media/course/image/a65ffdf9-74a3-40a7-a98f-c8d3d4f9d042-f365a01b3681.png","The Generative AI for Executives and Business Leaders, presented by IBM AI Academy, explores topics and assets that span three core learning areas: strategic essentials, key elements for enterprise AI, and how to put AI to work.",1,,,2,3,711,True,course-v1:IBM+AI0133EN+1T2024
course-a8c9c3d0-8879-4353-acad-d13adec1d9a6,a8c9c3d0-8879-4353-acad-d13adec1d9a6,Full Stack Application Development Project,IBM,Course,Course,edX,Intermediate,Computer Science,English,Current,self_paced,Django (Web Framework); User Interface Design; Full Stack Development; Front End (Software Engineering); Python (Programming Language); Node.js; Application Development,https://www.edx.org/learn/full-stack-development/ibm-full-stack-application-development-project,"https://prod-discovery.edx-cdn.org/cdn-cgi/image/width=auto,height=auto,quality=75,format=webp/media/course/image/a8c9c3d0-8879-4353-acad-d13adec1d9a6-c5c7c335ac03.jpeg",For this project you will apply your knowledge of front end and back end development gained from previous courses and build and deploy a full stack real-world web application on the cloud.,2,,,6,8,708,True,course-v1:IBM+CAD0321EN+1T2021
course-4b435b91-e0b8-49b3-808f-55953f0da83c,4b435b91-e0b8-49b3-808f-55953f0da83c,AI Skills for Engineers: Data Engineering and Data Pipelines,Delft University of Technology,Course,Course,edX,Introductory,Data Analysis & Statistics; Computer Science; Engineering,English,Current,self_paced,Algorithms; SQL (Programming Language); Jupyter; Applications Of Artificial Intelligence; Relational Databases; Artificial Intelligence; Data Engineering; Data Management; Pandas (Python Package); Machine Learning; Management; Medical Practices And Procedures; Python (Programming Language),https://www.edx.org/learn/artificial-intelligence/delft-university-of-technology-ai-skills-for-engineers-data-engineering-and-data-pipelines,"https://prod-discovery.edx-cdn.org/cdn-cgi/image/width=auto,height=auto,quality=75,format=webp/media/course/image/4b435b91-e0b8-49b3-808f-55953f0da83c-390e655be633.png","Good data is central to effective AI applications. This course teaches the basics of data for AI, covering what data is needed, how to extract data from existing databases and basic data skills including setup of a Python notebook environment, basic data exploration and simple data visualizations.",6,,,5,7,708,True,course-v1:DelftX+AIfE3x+2T2023
course-f6623bd8-ea35-42b2-880c-77a2f9c744b0,f6623bd8-ea35-42b2-880c-77a2f9c744b0,"Circuits and Electronics 2: Amplification, Speed, and Delay",Massachusetts Institute of Technology,Course,Course,edX,Intermediate,Electronics; Engineering; Computer Science,English,Current,self_paced,Capacitors; Electrical Engineering; Computer Science; Digital Electronics; Smartphone Operation; Electronics; Mobile Phones; Inductors,https://www.edx.org/learn/circuits/massachusetts-institute-of-technology-circuits-and-electronics-2-amplification-speed-and-delay,"https://prod-discovery.edx-cdn.org/cdn-cgi/image/width=auto,height=auto,quality=75,format=webp/media/course/image/f6623bd8-ea35-42b2-880c-77a2f9c744b0-d8369d05cefc.jpg","Learn how to speed up digital circuits and build amplifiers in the design of microchips used in smartphones, self-driving cars, computers, and the Internet.",5,,,7,9,707,True,course-v1:MITx+6.002.2x+2T2019
course-2272e524-65dc-4d7f-be5f-7e2b7bc4ac8f,2272e524-65dc-4d7f-be5f-7e2b7bc4ac8f,Risk & Return,Columbia University,Course,Course,edX,Introductory,Business & Management; Economics & Finance,English,Current,self_paced,Cash Flows; Equities; Capital Structures; Equity and Debt; Weighted Average Cost Of Capital (WACC); Expected Return; Financial Asset; Cost Of Capital,https://www.edx.org/learn/business-administration/columbia-university-risk-return,"https://prod-discovery.edx-cdn.org/cdn-cgi/image/width=auto,height=auto,quality=75,format=webp/media/course/image/2272e524-65dc-4d7f-be5f-7e2b7bc4ac8f-ce4b0a96bf70.jpg",Learn how to measure the risk and return of equity and debt; and compute the weighted average of cost of capital.,4,,,3,4,707,True,course-v1:ColumbiaX+CORPFIN3x+3T2017
course-7abd2f91-2666-423d-9275-6fd2dd712579,7abd2f91-2666-423d-9275-6fd2dd712579,Introduction to AI and Machine Learning on Google Cloud,Google Cloud,Course,Course,edX,Intermediate,Computer Science,English,Current,self_paced,,https://www.edx.org/learn/computer-science/google-cloud-introduction-to-ai-and-machine-learning-on-google-cloud,"https://prod-discovery.edx-cdn.org/cdn-cgi/image/width=auto,height=auto,quality=75,format=webp/media/course/image/7abd2f91-2666-423d-9275-6fd2dd712579-c10beaa8e95d.png","This course introduces the AI and ML offerings on Google Cloud for building predictive and generative AI projects, exploring the data-to-AI life cycle.",8,,,8,9,705,True,course-v1:GoogleCloud+IAIMLGC1x+2T2025
course-9ec91726-2f23-4d70-984d-17253c221cb7,9ec91726-2f23-4d70-984d-17253c221cb7,Customer Relationship Management,Indian Institute of Management Bangalore,Course,Course,edX,Intermediate,Business & Management,English,Current,self_paced,Marketing; Relationship Management; Customer Relationship Management; Management,https://www.edx.org/learn/customer-relationship-management/indian-institute-of-management-bangalore-customer-relationship-management,"https://prod-discovery.edx-cdn.org/cdn-cgi/image/width=auto,height=auto,quality=75,format=webp/media/course/image/9ec91726-2f23-4d70-984d-17253c221cb7-7fa28f95b51c.jpg",Learn to develop customer relationships through a deepened understanding of the concepts and best practices of CRM.,6,,,3,5,702,True,course-v1:IIMBx+MK210x+1T2017
course-abbddba1-6784-477f-8534-be7dbd5529f4,abbddba1-6784-477f-8534-be7dbd5529f4,"19th-Century Opera: Meyerbeer, Wagner, & Verdi",Harvard University,Course,Course,edX,Introductory,Music; Art & Culture; History,English,Current,self_paced,Influencing Skills; Written Composition,https://www.edx.org/learn/music-theory/harvard-university-19th-century-opera-meyerbeer-wagner-verdi,"https://prod-discovery.edx-cdn.org/cdn-cgi/image/width=auto,height=auto,quality=75,format=webp/media/course/image/abbddba1-6784-477f-8534-be7dbd5529f4-f258186dcc9d.jpg","Learn the music and cultural impact of three canonical operas from the 1800s: Les Huguenots , Das Rheingold , and Otello.",6,,,3,5,701,False,course-v1:HarvardX+MUS24.7x+3T2018
course-7f08e72a-2a5c-4d51-aad1-28e8048167eb,7f08e72a-2a5c-4d51-aad1-28e8048167eb,Operating Systems and Security,IBM,Course,Course,edX,Introductory,Computer Science,English,Current,self_paced,Containerization; Technical Support; Virtualization; Network Engineering; Operating Systems; User Accounts; Computer Security; File Systems; Mac OS; Linux; Planning; Command-Line Interface; Cyber Security Systems; Cyber Security,https://www.edx.org/learn/cybersecurity/ibm-cybersecurity-roles-and-operating-system-security,"https://prod-discovery.edx-cdn.org/cdn-cgi/image/width=auto,height=auto,quality=75,format=webp/media/course/image/7f08e72a-2a5c-4d51-aad1-28e8048167eb-38d00266f6cc.jpeg","This course focuses on the foundational concepts common to all operating systems and the unique aspects of Windows, Linux, and macOS.",7,,,2,4,701,True,course-v1:IBM+Cybfun.2.0+1T2021
course-293619c4-a82b-4a50-be1f-2953541596e6,293619c4-a82b-4a50-be1f-2953541596e6,Child Development Psychology Foundations,University of Surrey,Course,Course,edX,Introductory,Humanities,English,Current,self_paced,Child Development; Emotional Intelligence; Psychology; Influencing Skills; Research; Developmental Psychology; Self-Regulation; Basic Math; Critical Thinking,https://www.edx.org/learn/humanities/university-of-surrey-child-development-psychology-foundations,"https://prod-discovery.edx-cdn.org/cdn-cgi/image/width=auto,height=auto,quality=75,format=webp/media/course/image/293619c4-a82b-4a50-be1f-2953541596e6-89067a18a8a3.png","Discover the foundations of developmental psychology! Explore cognitive growth, children’s rights, media influence, and emotional intelligence. Gain insights from leading theories and real-world applications to better understand how children learn and develop.",5,,,10,15,701,True,course-v1:UOS+PSY001+2T2025
course-64ec3a8f-f0cb-4a79-a8d7-696349925582,64ec3a8f-f0cb-4a79-a8d7-696349925582,Equity and Inclusion in Education,SDG Academy,Course,Course,edX,Introductory,Education & Teacher Training; Social Sciences,English,Current,self_paced,Leadership; Equities,https://www.edx.org/learn/education/sdg-academy-equity-and-inclusion-in-education,"https://prod-discovery.edx-cdn.org/cdn-cgi/image/width=auto,height=auto,quality=75,format=webp/media/course/image/64ec3a8f-f0cb-4a79-a8d7-696349925582-f1ad6af3c71e.jpeg","The equitable education online course aims to educate, raise awareness and build capacity on ten core aspects of equitable education, why they are important, and what can be done in order to implement them in practice.
It is directed at a broad audience of education experts and practitioners, namely policy-makers, government officials, NGOs/CBOs in the education sector, educators and university students.
The course will be composed of short, narrated videos, with accompanying exercises, collaborative discussions, quizzes, worksheets, personal reflections and suggestions for further reading",10,,,2,4,699,False,course-v1:SDGAcademyX+EE01+2T2023
course-eae692b8-9f2a-4295-9b53-3fb264832547,eae692b8-9f2a-4295-9b53-3fb264832547,Marketing Essentials,Indian Institute of Management Bangalore,Course,Course,edX,Introductory,Business & Management,English,Current,self_paced,Selling Techniques; Marketing Management; Marketing; Management,https://www.edx.org/learn/marketing/indian-institute-of-management-bangalore-marketing-essentials,"https://prod-discovery.edx-cdn.org/cdn-cgi/image/width=auto,height=auto,quality=75,format=webp/media/course/image/eae692b8-9f2a-4295-9b53-3fb264832547-68ff8494b1a0.jpg","Identify, understand and learn the basics of marketing management theories with real-world business scenarios.",5,,,2,4,697,True,course-v1:IIMBx+MK101x+3T2016
course-e283ba51-8f61-4ace-ac6c-4185f73a9d9f,e283ba51-8f61-4ace-ac6c-4185f73a9d9f,Academic Writing,Adelaide University,Course,Course,edX,Introductory,Language,English,Current,self_paced,Influencing Skills; Communications; Writing; Academic Writing; Artificial Intelligence,https://www.edx.org/learn/writing/university-of-adelaide-academic-writing,"https://prod-discovery.edx-cdn.org/cdn-cgi/image/width=auto,height=auto,quality=75,format=webp/media/course/image/e283ba51-8f61-4ace-ac6c-4185f73a9d9f-b15833910b8d.png","This academic writing course supports school leavers and professionals transitioning from non-academic backgrounds, building core academic writing skills and introducing the ethical use of AI in academic writing.",4,,,3,,692,True,course-v1:AdelaideX+AcdmcWrtX+1T2024
course-9961523e-859c-4977-91ca-4f9c9142acfc,9961523e-859c-4977-91ca-4f9c9142acfc,Mindfulness and Resilience to Stress at Work,"University of California, Berkeley",Course,Course,edX,Introductory,Business & Management; Social Sciences,English,Current,self_paced,Stress Management; Marketing; Resilience; Biology; Program Management; Learning Platforms; Scientific Studies; Psychology,https://www.edx.org/learn/mindfulness/university-of-california-berkeley-mindfulness-and-resilience-to-stress-at-work,"https://prod-discovery.edx-cdn.org/cdn-cgi/image/width=auto,height=auto,quality=75,format=webp/media/course/image/9961523e-859c-4977-91ca-4f9c9142acfc-1fbd1fa1e83f.jpeg","Learn research-based strategies to help you foster mindfulness, handle stress, and guard against burnout.",4,,,1,2,692,True,course-v1:BerkeleyX+GG202x+2T2017
course-3a39cad3-46ab-44b0-966d-f3fa2101f847,3a39cad3-46ab-44b0-966d-f3fa2101f847,Developing Your Personal Leadership Style,Kelley Executive Education Programs,Course,Course,edX,Introductory,Business & Management,English,Current,self_paced,Leadership; Emotional Intelligence; Self-Awareness; Management,https://www.edx.org/learn/leadership/indiana-university-developing-your-personal-leadership-style,"https://prod-discovery.edx-cdn.org/cdn-cgi/image/width=auto,height=auto,quality=75,format=webp/media/course/image/3a39cad3-46ab-44b0-966d-f3fa2101f847-4c1fa5ba3f84.png",The most effective management starts from the inside – only those who know and can manage themselves will be able to effectively manage others.,4,,,2,3,692,True,course-v1:IUx+BUSM-E103+1T2022
course-9926dfc3-7202-4281-805d-ff80110726a8,9926dfc3-7202-4281-805d-ff80110726a8,Les fondements de la stratégie d’entreprise,Université catholique de Louvain,Course,Course,edX,Intermediate,Business & Management; Economics & Finance,French,Current,self_paced,Entrepreneurship; Business Strategies,https://www.edx.org/learn/business-strategy/universite-catholique-de-louvain-les-fondements-de-la-strategie-dentreprise,"https://prod-discovery.edx-cdn.org/cdn-cgi/image/width=auto,height=auto,quality=75,format=webp/media/course/image/9926dfc3-7202-4281-805d-ff80110726a8-d5d71b4bd505.jpg",Maîtrisez des outils et méthodes d'analyse pour prendre des décisions réfléchies et cohérentes favorables à la réussite à long terme de votre entreprise.,10,,,3,6,690,False,course-v1:LouvainX+Louv10x+1T2016
course-ee11fadf-c75b-48ec-ae68-e40e44adef29,ee11fadf-c75b-48ec-ae68-e40e44adef29,Electric Cars: Technology,Delft University of Technology,Course,Course,edX,Intermediate,Engineering; Business & Management,English,Current,self_paced,Electronics; Battery Management; Battery Technology; Infrastructure; Operations; Brakes; Thermodynamic Systems; Innovation; Electric Vehicles,https://www.edx.org/learn/electric-cars/delft-university-of-technology-electric-cars-technology,"https://prod-discovery.edx-cdn.org/cdn-cgi/image/width=auto,height=auto,quality=75,format=webp/media/course/image/ee11fadf-c75b-48ec-ae68-e40e44adef29-c4c4ac8beead.png",Get an in-depth understanding of the technology behind electric cars.,5,,,4,5,688,True,course-v1:DelftX+eCARS2x+1T2018
course-e81ddb39-b4d4-415e-b494-33b1db88acf0,e81ddb39-b4d4-415e-b494-33b1db88acf0,Psychologie de la négociation,Université catholique de Louvain,Course,Course,edX,Intermediate,Business & Management; Communication; Social Sciences,French,Current,self_paced,Influencing Skills; Spectre Circuit Simulator; Psychology; Negotiation; Selling Techniques,https://www.edx.org/learn/negotiations/universite-catholique-de-louvain-psychologie-de-la-negociation,"https://prod-discovery.edx-cdn.org/cdn-cgi/image/width=auto,height=auto,quality=75,format=webp/media/course/image/e81ddb39-b4d4-415e-b494-33b1db88acf0-4196d117295b.jpg",Plongez au coeur des mécanismes psychologiques qui entrent en jeu dans les situations de négociation.,10,,,4,6,688,False,course-v1:LouvainX+Louv7x+3T2016
course-3b678477-c397-4840-808e-57e58b8758f1,3b678477-c397-4840-808e-57e58b8758f1,Statistical Inference and Modeling for High-throughput Experiments,Harvard University,Course,Course,edX,Intermediate,Data Analysis & Statistics; Biology & Life Sciences; Science,English,Current,self_paced,Software Engineering; Research; Data Analysis; Linear Model; Maximum Likelihood; Statistical Inference; Biology; Data Warehousing; Statistics; Bioconductor (Bioinformatics Software); Functional Genomics; Life Sciences; Exploratory Data Analysis; DNA Sequencing; Statistical Modeling; Bayesian Statistics; R (Programming Language); Next-Generation Sequencing; Matrix Algebra,https://www.edx.org/learn/statistics/harvard-university-statistical-inference-and-modeling-for-high-throughput-experiments,"https://prod-discovery.edx-cdn.org/cdn-cgi/image/width=auto,height=auto,quality=75,format=webp/media/course/image/3b678477-c397-4840-808e-57e58b8758f1-544e05250e2c.jpg",A focus on the techniques commonly used to perform statistical inference on high throughput data.,4,,,2,4,688,True,course-v1:HarvardX+PH525.3x+2T2016
course-c624e7bf-ec65-419c-8c56-9feed573e29f,c624e7bf-ec65-419c-8c56-9feed573e29f,Essentials of Genomics and Biomedical Informatics,IsraelX,Course,Course,edX,Advanced,Medicine; Computer Science; Biology & Life Sciences,English,Current,self_paced,Ribonucleic Acid Sequencing; Biology; Genomics; Biological Systems; Computational Tools; Biomedical Informatics; Personalized Medicine; Bioinformatics; Artificial Intelligence; Computational Biology; Medical Records; Machine Learning; Curriculum Development; Algorithms; Data Science; Electronic Medical Record,https://www.edx.org/learn/biomedical-sciences/israelx-essentials-of-genomics-and-biomedical-informatics,"https://prod-discovery.edx-cdn.org/cdn-cgi/image/width=auto,height=auto,quality=75,format=webp/media/course/image/c624e7bf-ec65-419c-8c56-9feed573e29f-3d1fa2ae6736.png","This course presents clinicians and digital health enthusiasts with an overview of the data revolution in medicine and how to exploit it for research and in the clinic. The course will not make you a bioinformatician but will introduce the main concepts, tools, algorithms, and databases in this field.",12,,,2,3,687,False,course-v1:IsraelX+gabi+3T2018
course-021963c9-0ad7-40e0-b853-c95a23a03cd6,021963c9-0ad7-40e0-b853-c95a23a03cd6,Industrial Biotechnology,Delft University of Technology,Course,Course,edX,Intermediate,Engineering; Biology & Life Sciences; Chemistry,English,Current,self_paced,Industrial Processes; Biotechnology; Sustainability; Fermentation,https://www.edx.org/learn/biotechnology/delft-university-of-technology-industrial-biotechnology,"https://prod-discovery.edx-cdn.org/cdn-cgi/image/width=auto,height=auto,quality=75,format=webp/media/course/image/021963c9-0ad7-40e0-b853-c95a23a03cd6-c87141196bb0.jpg","Get introduced to the basics of designing industrial processes for biobased products, from renewable feedstock to biomaterials, chemicals, nutrition products and biofuels.",7,,,6,8,687,True,course-v1:DelftX+IB01x+3T2018
course-c5af1aac-5799-44c6-a5ca-ea6277644517,c5af1aac-5799-44c6-a5ca-ea6277644517,Quantitative Research Methods,American Psychological Association,Course,Course,edX,Introductory,Social Sciences; Ethics; Education & Teacher Training,English,Current,self_paced,,https://www.edx.org/learn/research/american-psychological-association-quantitative-research-methods,"https://prod-discovery.edx-cdn.org/cdn-cgi/image/width=auto,height=auto,quality=75,format=webp/media/course/image/c5af1aac-5799-44c6-a5ca-ea6277644517-528fe8834e30.png","Principles of research design important for obtaining reliable, valid results in psychological research are introduced, including practices for definition and measurement of variables, sampling of individuals from populations of interest, and myriad other factors. Ethical issues related to research are also explored, with thorough coverage of the rules, regulations, and expectations researchers must follow with the individuals they study and in analyzing and reporting their results.",8,,,2,5,686,True,course-v1:APA+QNT-RES+1T2024
course-f0c88aee-00eb-4130-b83d-d888c80e0889,f0c88aee-00eb-4130-b83d-d888c80e0889,Becoming a People Manager: Taking Charge with Care,Kelley Executive Education Programs,Course,Course,edX,Introductory,Business & Management,English,Current,self_paced,Customer Relationship Building,https://www.edx.org/learn/management/indiana-university-becoming-a-people-manager-taking-charge-with-care,"https://prod-discovery.edx-cdn.org/cdn-cgi/image/width=auto,height=auto,quality=75,format=webp/media/course/image/f0c88aee-00eb-4130-b83d-d888c80e0889-89e4d189fb39.png",There is never a second chance to make a first impression – and so getting off to a good start is an essential element of an exceptional manager’s journey.,4,,,2,3,684,True,course-v1:IUx+BUSM-E101+1T2022
course-5433610c-bd54-4ee1-a5ce-5adcc2227ef7,5433610c-bd54-4ee1-a5ce-5adcc2227ef7,"State, Law and the Economy I",The University of Hong Kong,Course,Course,edX,Intermediate,Economics & Finance,English,Current,self_paced,Political Economy; Property Rights; Economics; Economic Growth; Economic Analysis,https://www.edx.org/learn/economics/university-of-hong-kong-state-law-and-the-economy-i,"https://prod-discovery.edx-cdn.org/cdn-cgi/image/width=auto,height=auto,quality=75,format=webp/media/course/image/5433610c-bd54-4ee1-a5ce-5adcc2227ef7-d5d32c1bf3b8.jpeg","Part One of a four-part course on the economic analysis of the state, law, and the economy and their interrelationships. Part one studies the contractual nature of the state, the logic of collective action, liberty and the theory of the democratic state. 
本課程共有四部份，關於國家、法律和經濟的經濟分析及其相互的關係。 第一部份課程介紹國家的契約性質、集體行動的邏輯、自由，與及民主國家的理論。",5,,,2,3,684,False,course-v1:HKUx+ECONx.1+2T2019
course-3c9b15c8-345b-4b5e-9b01-b2138ff39556,3c9b15c8-345b-4b5e-9b01-b2138ff39556,Python: aprender a programar,Universitat Politècnica de València,Course,Course,edX,Introductory,Computer Science,Spanish,Current,self_paced,Data Visualization; Python (Programming Language),https://www.edx.org/learn/python/universitat-politecnica-de-valencia-python-aprender-a-programar,"https://prod-discovery.edx-cdn.org/cdn-cgi/image/width=auto,height=auto,quality=75,format=webp/media/course/image/3c9b15c8-345b-4b5e-9b01-b2138ff39556-a136c60181fa.png","Aprende a programar con Python desde cero. Comienza conociendo variables, bucles y funciones y llega a manejar ficheros de texto.",8,,,3,4,683,False,course-v1:UPValenciaX+PY101x+2T2020
course-f9c23be1-aba6-422d-a10e-b3c02331426d,f9c23be1-aba6-422d-a10e-b3c02331426d,Financial Development and Financial Inclusion,The International Monetary Fund,Course,Course,edX,Intermediate,Economics & Finance,English,Current,self_paced,Financial Technology (FinTech); Investment Banking; Equity Markets; Financial Market,https://www.edx.org/learn/financial-management/the-international-monetary-fund-financial-development-and-financial-inclusion,"https://prod-discovery.edx-cdn.org/cdn-cgi/image/width=auto,height=auto,quality=75,format=webp/media/course/image/f9c23be1-aba6-422d-a10e-b3c02331426d-b1ccfd3b305b.png","Learn how to develop an efficient, inclusive and stable financial sector that is essential for a thriving economy.",7,,,3,4,682,False,course-v1:IMFx+FDFIx+3T2019
course-bad6807d-68fb-4580-9c07-ec255ad7f366,bad6807d-68fb-4580-9c07-ec255ad7f366,World of Wine: From Grape to Glass,Adelaide University,Course,Course,edX,Introductory,Science; Chemistry; Food & Nutrition,English,Current,self_paced,Winemaking; Viticulture; Decision Making,https://www.edx.org/learn/wine/university-of-adelaide-world-of-wine-from-grape-to-glass,"https://prod-discovery.edx-cdn.org/cdn-cgi/image/width=auto,height=auto,quality=75,format=webp/media/course/image/bad6807d-68fb-4580-9c07-ec255ad7f366-9ac1e413a1cb.png","Learn about the principles and practices of how grapes are grown and wine is made in this wine course. Whether you’re a wine novice or a seasoned oenophile, you’ll learn to confidently describe wine appearance, aroma, flavour and taste.",6,,,2,3,681,False,course-v1:AdelaideX+Wine101x+1T2016
course-49c76789-834f-4696-a2c1-19e0959ee9b1,49c76789-834f-4696-a2c1-19e0959ee9b1,Fundamentals of Red Hat Enterprise Linux,Red Hat,Course,Course,edX,Introductory,Computer Science,English,Current,self_paced,Red Hat Enterprise Linux; Mobile Application Development; Microsoft Windows; Public Cloud; Network Configuration And Change Management; Point Of Sale; Operating Systems; Stock Markets; Command-Line Interface; Open Source Development; System Administration; Supercomputing; Linux,https://www.edx.org/learn/linux/red-hat-fundamentals-of-red-hat-enterprise-linux,"https://prod-discovery.edx-cdn.org/cdn-cgi/image/width=auto,height=auto,quality=75,format=webp/media/course/image/49c76789-834f-4696-a2c1-19e0959ee9b1-fe972b9bbacd.png","This course is designed to equip students with the skills and knowledge needed for effective administration of Linux systems, with a particular focus on Red Hat® Enterprise Linux® . It covers fundamental Linux concepts, command-line tools, system management, and network configuration, using both the command-line interface and web console.",8,,,1,3,679,False,course-v1:RedHat+RH066x+2T2017
course-c5e767ab-090a-4204-8030-93c810b7ef64,c5e767ab-090a-4204-8030-93c810b7ef64,Introduction to Java Programming: Starting to code in Java,Universidad Carlos III de Madrid,Course,Course,edX,Introductory,Computer Science,English,Current,self_paced,Smartphone Operation; Object-Oriented Programming (OOP); Java (Programming Language); Computational Thinking; Application Programming Interface (API),https://www.edx.org/learn/java/universidad-carlos-iii-de-madrid-introduction-to-java-programming-starting-to-code-in-java,"https://prod-discovery.edx-cdn.org/cdn-cgi/image/width=auto,height=auto,quality=75,format=webp/media/course/image/c5e767ab-090a-4204-8030-93c810b7ef64-ab954adfd3bd.jpg",Learn to program with Java in an easy and interactive way!,5,,,7,10,678,True,course-v1:UC3Mx+IT.1.1x+3T2015
course-57fa2201-b1e7-4919-bb47-db70f18d00ae,57fa2201-b1e7-4919-bb47-db70f18d00ae,Intro Course: Spreadsheets and Statistics,edX,Course,Course,edX,Introductory,Data Analysis & Statistics; Math,English,Current,self_paced,Google Sheets; Anatomy; Spreadsheets,https://www.edx.org/learn/statistics/edx-intro-course-spreadsheets-and-statistics,"https://prod-discovery.edx-cdn.org/cdn-cgi/image/width=auto,height=auto,quality=75,format=webp/media/course/image/57fa2201-b1e7-4919-bb47-db70f18d00ae-3681d99ca932.jpeg","Bridge the gap between what you know and the skills you need to ensure your success and efficiency in an office setting. This course is ideal for learners who are just starting out in their professional careers, those looking to add some hard skills to their soft skills, or those looking to make the leap from contractor to full-time employee.",1,,,80,100,676,False,course-v1:edX+intro-to-statistic2+3T2022
course-57a3df8b-c207-47f2-8f68-76260d5e0c67,57a3df8b-c207-47f2-8f68-76260d5e0c67,Global Challenges for a Sustainable Society,KU Leuven,Course,Course,edX,Introductory,Science; Environmental Studies; Social Sciences,English,Current,self_paced,,https://www.edx.org/learn/science/ku-leuven-global-challenges-for-a-sustainable-society,"https://prod-discovery.edx-cdn.org/cdn-cgi/image/width=auto,height=auto,quality=75,format=webp/media/course/image/57a3df8b-c207-47f2-8f68-76260d5e0c67-29b156c4d6ff.jpeg","Our society today is facing many challenges: climate change, hunger, inequality,… But what is the current state of these issues? How did we get here? How are all these challenges connected? And what are different possibilities to move towards a more sustainable future?",16,,,4,6,676,False,course-v1:KULeuvenX+GCSSx+3T2023
course-efb107f9-62bc-4403-9277-df811d5fea40,efb107f9-62bc-4403-9277-df811d5fea40,Psychological Influences on Decision Making,American Psychological Association,Course,Course,edX,Introductory,Social Sciences,English,Current,self_paced,Influencing Skills; Decision Making; Polarization; Motivational Skills; Psychology; Research; Group Dynamics,https://www.edx.org/learn/social-psychology/american-psychological-association-psychological-influences-on-decision-making,"https://prod-discovery.edx-cdn.org/cdn-cgi/image/width=auto,height=auto,quality=75,format=webp/media/course/image/efb107f9-62bc-4403-9277-df811d5fea40-991d5621b86e.jpeg","The goal of this course is to introduce you to the many psychological influences on decision making. Knowing more about the cognitive and social psychological factors underlying decision making will help you make more informed decisions and help you analyze how other people make decisions. If you are an employee, this course can help you understand how your supervisor makes decisions and how you can affect those decisions. If you are a parent, the course can help you better understand the factors that affect your children’s decision making and perhaps how you can shape it. The goal is to help you better understand your own decisions and the decisions of others.",8,,,2,5,675,True,course-v1:APA+PSY-INF+1T2023
course-46965836-ee74-4707-9a5f-e948357ea5e9,46965836-ee74-4707-9a5f-e948357ea5e9,Data Processing and Analysis with Excel,Rochester Institute of Technology,Course,Course,edX,Intermediate,Data Analysis & Statistics,English,Current,self_paced,Data Processing; Pivot Tables And Charts; Descriptive Statistics; Data Cleansing; Outliers; Microsoft Excel; Lookup Tables; Vlookups; Data Analysis; Scatter Plots,https://www.edx.org/learn/excel/rochester-institute-of-technology-data-processing-and-analysis-with-excel,"https://prod-discovery.edx-cdn.org/cdn-cgi/image/width=auto,height=auto,quality=75,format=webp/media/course/image/46965836-ee74-4707-9a5f-e948357ea5e9-8aa263543d92.jpeg",Learn to use Excel to organize and clean data so it can be manipulated and analyzed.,4,,,6,8,673,True,course-v1:RITx+Data102x+3T2020
course-a3c0ba67-32e4-4f48-aa2c-09d74f57edab,a3c0ba67-32e4-4f48-aa2c-09d74f57edab,UML Class Diagrams for Software Engineering,KU Leuven,Course,Course,edX,Introductory,Computer Science; Business & Management,English,Current,self_paced,Software Engineering; Requirements Engineering; Software Development; Solution Architecture; Class Diagram; Blueprinting; Computer Science; Business Objects Framework; Conceptual Design; Unified Modeling Language,https://www.edx.org/learn/software-engineering/ku-leuven-uml-class-diagrams-for-software-engineering,"https://prod-discovery.edx-cdn.org/cdn-cgi/image/width=auto,height=auto,quality=75,format=webp/media/course/image/a3c0ba67-32e4-4f48-aa2c-09d74f57edab-ecf9a3ea1827.jpg",Learn how unified modeling language (UML) class diagrams are created and used to visualize and conceptualize the design of a system.,3,,,2,3,671,False,course-v1:KULeuvenX+UMLx+1T2017
course-6a5f3546-a974-4bcf-adf7-d9acb31c81b9,6a5f3546-a974-4bcf-adf7-d9acb31c81b9,"Data Structures & Algorithms II: Binary Trees, Heaps, SkipLists and HashMaps",The Georgia Institute of Technology,Course,Course,edX,Intermediate,Computer Science,English,Current; Upcoming,self_paced,Algorithms; Time Complexity; Data Store; Data Structures; Java (Programming Language); Binary Search Trees; Java Object Oriented Querying; Operations,https://www.edx.org/learn/data-structures/the-georgia-institute-of-technology-data-structures-algorithms-ii-binary-trees-heaps-skiplists-and-hashmaps,"https://prod-discovery.edx-cdn.org/cdn-cgi/image/width=auto,height=auto,quality=75,format=webp/media/course/image/6a5f3546-a974-4bcf-adf7-d9acb31c81b9-ce3dc0df5acc.jpeg","Become familiar with nonlinear and hierarchical data structures. Study various tree structures: Binary Trees, BSTs and Heaps. Understand tree operations and algorithms. Learn and implement HashMaps that utilize key-value pairs to store data. Explore probabilistic data structures like SkipLists. Course tools help visualize the structures and performance.",5,,,9,10,671,True,course-v1:GTx+CS1332xII+2T2020
course-77fb5c17-61b9-42c0-82e4-aa152a9a5c7a,77fb5c17-61b9-42c0-82e4-aa152a9a5c7a,Mandarin Chinese Level 1 – Mastering HSK 1,MandarinX,Course,Course,edX,Introductory,Language; Education & Teacher Training,English,Current,self_paced,,https://www.edx.org/learn/language/mandarinx-mandarin-chinese-level-1-mastering-hsk-1,"https://prod-discovery.edx-cdn.org/cdn-cgi/image/width=auto,height=auto,quality=75,format=webp/","Begin your Mandarin journey with a step-by-step course aligned to HSK 1. Learn essential vocabulary, characters, and real-world phrases to speak confidently in daily life. Earn an edX certification and prepare for the official HSK 1 exam. Ideal for beginners seeking global mobility, cultural insight, or immersive study.",6,,,3,6,666,True,course-v1:MandarinX+MX201x+3T2025
course-e4ef6680-1128-4c26-95a0-56826921a20b,e4ef6680-1128-4c26-95a0-56826921a20b,Introduction to Illustrator,LCI Education,Course,Course,edX,Introductory,Design; Art & Culture; Communication,English,Current,self_paced,,https://www.edx.org/learn/design/lci-education-introduction-to-illustrator,"https://prod-discovery.edx-cdn.org/cdn-cgi/image/width=auto,height=auto,quality=75,format=webp/media/course/image/e4ef6680-1128-4c26-95a0-56826921a20b-16ebe6c239eb.png","Create your own logos, icons, diagrams and other visual content according to graphic design industry standards with this introductory course to Adobe Illustrator.",4,,,1,2,664,True,course-v1:LCIEducation+120.2x+1T2024
course-bf6989e9-4ddf-4338-a2fc-a134d4bf933b,bf6989e9-4ddf-4338-a2fc-a134d4bf933b,Python for Data Science Project,IBM,Course,Course,edX,Intermediate,Data Analysis & Statistics,English,Current,self_paced,Data Science; Python (Programming Language); Data Analysis,https://www.edx.org/learn/python/ibm-python-for-data-science-project,"https://prod-discovery.edx-cdn.org/cdn-cgi/image/width=auto,height=auto,quality=75,format=webp/media/course/image/bf6989e9-4ddf-4338-a2fc-a134d4bf933b-7a9557f81640.jpeg",This mini-course is intended for you to demonstrate foundational Python skills for working with data.,1,,,4,5,663,True,course-v1:IBM+PY0220EN+1T2021
course-4d3258fc-bcee-4c37-bf7a-9f22524bf4a7,4d3258fc-bcee-4c37-bf7a-9f22524bf4a7,Human-Computer Interaction I: Fundamentals & Design Principles,The Georgia Institute of Technology,Course,Course,edX,Introductory,Computer Science,English,Current; Upcoming,self_paced,User Interface Design; Computer Science; User Experience Design (UX); Psychology; Cognitive Load Theory; Information Visualization; Augmented Reality; Interface Design; Design Elements And Principles; Human Factors Engineering,https://www.edx.org/learn/human-computer-interaction/the-georgia-institute-of-technology-human-computer-interaction-i-fundamentals-design-principles,"https://prod-discovery.edx-cdn.org/cdn-cgi/image/width=auto,height=auto,quality=75,format=webp/media/course/image/4d3258fc-bcee-4c37-bf7a-9f22524bf4a7-050cbdf42229.png","Learn the principles of Human-Computer Interaction to create intuitive, usable interfaces, with established design principles like feedback cycles, direct manipulation, affordances, signifiers, and more.",6,,,5,6,659,True,course-v1:GTx+HCIxI+2T2019
course-7b1efd5f-71f7-4fd8-9875-899b5b2ec314,7b1efd5f-71f7-4fd8-9875-899b5b2ec314,Comunicación efectiva para el líder actual,Tecnológico de Monterrey,Course,Course,edX,Introductory,Communication,Spanish,Current,self_paced,Leadership; Communications; Organizational Communications; Empathy; Assertiveness,https://www.edx.org/learn/leadership/tecnologico-de-monterrey-comunicacion-efectiva-para-el-lider-actual,"https://prod-discovery.edx-cdn.org/cdn-cgi/image/width=auto,height=auto,quality=75,format=webp/media/course/image/7b1efd5f-71f7-4fd8-9875-899b5b2ec314-40583c81eea8.jpg",Aprende a identificar y desarrollar las habilidades de comunicación más importantes: asertividad y empatía.,4,,,5,8,657,True,course-v1:TecdeMonterreyX+MMCEL.1x+1T2019
course-536d0a42-6813-4697-984c-ae8ec63b12c0,536d0a42-6813-4697-984c-ae8ec63b12c0,European Union Law,KU Leuven,Course,Course,edX,Introductory,Law; History,English,Current,self_paced,,https://www.edx.org/learn/law/ku-leuven-european-union-law,"https://prod-discovery.edx-cdn.org/cdn-cgi/image/width=auto,height=auto,quality=75,format=webp/media/course/image/536d0a42-6813-4697-984c-ae8ec63b12c0-ec2499c47b41.jpeg","A comprehensive yet easily accessible introduction to three key areas of European Union (EU) law - institutional law, selected aspects of substantive law, and external relations law – provided by KU Leuven instructors and accompanied by podcasts and interviews with leading experts and practitioners in the field.",11,,,6,9,656,True,course-v1:KULeuvenX+EUROLAWx+1T2023
course-e686b8a2-06ca-4c79-a5d1-6a45034d6e18,e686b8a2-06ca-4c79-a5d1-6a45034d6e18,Making a Difference Ⅰ: Evidence-based Impact,Tel Aviv University,Course,Course,edX,Introductory,Ethics; Economics & Finance; Health & Safety,English,Current,instructor_paced,,https://www.edx.org/learn/ethics/tel-aviv-university-making-a-difference-i-evidence-based-impact,"https://prod-discovery.edx-cdn.org/cdn-cgi/image/width=auto,height=auto,quality=75,format=webp/media/course/image/e686b8a2-06ca-4c79-a5d1-6a45034d6e18-d5096af5e31d.png","Learn how you can make a difference at a global scale using reliable evidence, careful evaluation, and your unique skillset.",4,,,2,4,653,True,course-v1:TAUx+MaD101+1T2024
course-fde137b5-c690-4d79-ad91-f87ffd23887e,fde137b5-c690-4d79-ad91-f87ffd23887e,Creative Thinking: Techniques and Tools for Success,Imperial College London,Course,Course,edX,Introductory,Humanities; Science; Design,English,Current,self_paced,Imagination; Innovation; Creativity; Creative Thinking; Communications,https://www.edx.org/learn/creativity/imperial-college-london-creative-thinking-techniques-and-tools-for-success,"https://prod-discovery.edx-cdn.org/cdn-cgi/image/width=auto,height=auto,quality=75,format=webp/media/course/image/fde137b5-c690-4d79-ad91-f87ffd23887e-db2e22d46a1b.jpg","Learnhow to applytools and techniques to better solve problems, generate ideas, and excel in your chosen career.",7,,,2,4,652,False,course-v1:ImperialX+CTT102+2T2018
course-6249ce85-747b-4d6c-9897-128b95e89c50,6249ce85-747b-4d6c-9897-128b95e89c50,Microsoft 365 Copilot Chat for Career Growth,Microsoft,Course,Course,edX,Introductory,Computer Science,English,Current,self_paced,Workflow Management; Artificial Intelligence; Microsoft 365,https://www.edx.org/learn/computer-science/microsoft-explore-microsoft-365-copilot-chat,"https://prod-discovery.edx-cdn.org/cdn-cgi/image/width=auto,height=auto,quality=75,format=webp/media/course/image/6249ce85-747b-4d6c-9897-128b95e89c50-9b43cdae614b.jpeg","Learn to leverage Microsoft 365 Copilot and Business Chat to boost productivity, streamline workflows, and enhance collaboration. Gain hands-on skills to apply AI-driven tools in real-world business scenarios and advance your career.",1,,,1,2,652,True,course-v1:Microsoft+EM365+1T2025
course-9a773e03-3144-4637-83ca-cf0c9fbcb69f,9a773e03-3144-4637-83ca-cf0c9fbcb69f,Introducción a ChatGPT.¡Impulsa tu productividad al máximo usando inteligencia artificial!,Universitat Politècnica de València,Course,Course,edX,Introductory,Computer Science,Spanish,Current,self_paced,,https://www.edx.org/learn/chatgpt/universitat-politecnica-de-valencia-introduccion-a-chatgpt-impulsa-tu-productividad-al-maximo-usando-inteligencia-artificial,"https://prod-discovery.edx-cdn.org/cdn-cgi/image/width=auto,height=auto,quality=75,format=webp/media/course/image/9a773e03-3144-4637-83ca-cf0c9fbcb69f-134d1bbde745.jpeg","¿Has oído hablar de ChatGPT y quieres aprender a utilizarlo para incrementar tu productividad en el trabajo radicalmente? Entonces este es tu curso. Aprenderás cuáles son sus ventajas e inconvenientes, cómo hacer prompts efectivos y verás ejemplos de uso en tareas tan diversas como redactar una instancia a un Ayuntamiento, obtener el resumen de un documento, mejorar el inglés de un correo electrónico, traducir un documento al alemán o usarlo para crear fórmulas y macros de Excel.",2,,,2,3,651,False,course-v1:UPValenciaX+chatgpt101x+3T2023
course-bb615c9a-aa26-472f-b719-2ff822a3993e,bb615c9a-aa26-472f-b719-2ff822a3993e,Introduction to Healthcare Communication Strategies,Stanford University,Course,Course,edX,Intermediate,Medicine,English,Current,self_paced,,https://www.edx.org/learn/healthcare/stanford-university-introduction-to-healthcare-communication-strategies,"https://prod-discovery.edx-cdn.org/cdn-cgi/image/width=auto,height=auto,quality=75,format=webp/media/course/image/bb615c9a-aa26-472f-b719-2ff822a3993e-8a29fe758e65.png","Explore the foundations of effective health communication, including active listening and improvisation. Learn the skills required to build strong and trusting relationships from leading Stanford Medicine faculty.",4,,,2,4,649,True,course-v1:StanfordOnline+STANHLC01+1T2023
course-c855f0b6-0d4d-493f-acd8-0e125ed9b656,c855f0b6-0d4d-493f-acd8-0e125ed9b656,Marketing digital en redes sociales,Universitat Politècnica de València,Course,Course,edX,Introductory,Business & Management; Data Analysis & Statistics; Economics & Finance,Spanish,Current,self_paced,Whatsapp; Social Media Planning; Instagram; Social Networks; Management; Sales; Marketing; Scheduling; Digital Marketing; Social Media Management; Content Management; Advertising Campaigns; Social Media Advertising; Content Marketing; Social Media; Personal Branding,https://www.edx.org/learn/digital-marketing/universitat-politecnica-de-valencia-marketing-digital-en-redes-sociales,"https://prod-discovery.edx-cdn.org/cdn-cgi/image/width=auto,height=auto,quality=75,format=webp/media/course/image/c855f0b6-0d4d-493f-acd8-0e125ed9b656-f7646493a251.jpeg","Aprende todo lo que necesitas saber para que tu marca o empresa se posicione en el mercado, obtenga nuevos clientes, aumente sus ventas y rentabilice al máximo la inversión de publicidad en redes sociales. Conviértete en un buen community manager con herramientas gratuitas y aprende a crear un plan de social media y gestión de contenidos para tu comunidad.",3,,,3,4,647,True,course-v1:UPValenciaX+MKTDIG102x+2T2021
course-411504b9-ef0f-4656-b6b9-119afffd3ded,411504b9-ef0f-4656-b6b9-119afffd3ded,Space Mission Design and Operations,École polytechnique fédérale de Lausanne,Course,Course,edX,Intermediate,Engineering; Physics; Science,English,Current,self_paced,Space Stations; Propulsion; Mechanics; Physics; Operations; Spacecraft; Planning; Control Systems; Space Exploration; Solar Systems; Space Environment,https://www.edx.org/learn/space/ecole-polytechnique-federale-de-lausanne-space-mission-design-and-operations,"https://prod-discovery.edx-cdn.org/cdn-cgi/image/width=auto,height=auto,quality=75,format=webp/media/course/image/411504b9-ef0f-4656-b6b9-119afffd3ded-6e962525672c.jpeg","Learn the concepts used in the design of space missions, manned or unmanned, and operations, based on the professional experience of the lecturer.",8,,,2,4,646,False,course-v1:EPFLx+EE585x+2016_T1
course-494c3f24-9442-47db-b8f2-494db3d4ef46,494c3f24-9442-47db-b8f2-494db3d4ef46,Modern China’s Foundations: The Manchus and the Qing,Harvard University,Course,Course,edX,Introductory,History; Social Sciences,English,Current,self_paced,,https://www.edx.org/learn/chinese-history/harvard-university-modern-chinas-foundations-the-manchus-and-the-qing,"https://prod-discovery.edx-cdn.org/cdn-cgi/image/width=auto,height=auto,quality=75,format=webp/media/course/image/494c3f24-9442-47db-b8f2-494db3d4ef46-1f6be808df5a.jpg",Learn how the Manchus conquered the Qing and established the last of the imperial dynasties.,12,,,1,3,643,True,course-v1:HarvardX+SW12.6x+2015
course-c22d2b58-a8c9-40b8-baf8-2eae4f9969d6,c22d2b58-a8c9-40b8-baf8-2eae4f9969d6,Supply Chain Management Tools and Techniques,International Supply Chain Education Alliance,Course,Course,edX,Introductory,Business & Management,English,Current,self_paced,Aggregate Planning; Continuous Improvement Process; Supply Chain Management; Supply Chain Analysis; Operations; Planning; Lean Manufacturing; Life-Cycle Assessment; Six Sigma Methodology; Supply Chain; Sales Order,https://www.edx.org/learn/supply-chain-management/international-supply-chain-education-alliance-supply-chain-management-tools-and-techniques,"https://prod-discovery.edx-cdn.org/cdn-cgi/image/width=auto,height=auto,quality=75,format=webp/media/course/image/c22d2b58-a8c9-40b8-baf8-2eae4f9969d6-2e89c84ac03e.jpeg","Learn skills and tools that support supply chain operation, including Aggregate Planning, Sales Order Fulfillment, Lean, Sustainability and Team Dynamics ​- part of the ISCEA CSCA - Certified Supply Chain Analyst - Internationally Recognized Certificate",4,,,2,8,642,True,course-v1:ISCEA+CSCA03+3T2021
course-f58e5505-867a-4e17-b810-d8d8977f3bff,f58e5505-867a-4e17-b810-d8d8977f3bff,Façade design and engineering: complexity made simple,Delft University of Technology,Course,Course,edX,Introductory,Architecture,English,Current,self_paced,Research; Renewable Energy; Aesthetics; Construction,https://www.edx.org/learn/engineering/delft-university-of-technology-facade-design-and-engineering-complexity-made-simple,"https://prod-discovery.edx-cdn.org/cdn-cgi/image/width=auto,height=auto,quality=75,format=webp/media/course/image/f58e5505-867a-4e17-b810-d8d8977f3bff-8888ae8494f9.jpeg","Understand the fundamental technology behind façade design and construction and the impact of the various components in facilitating the construction of sustainable, energy efficient, aesthetic and modern buildings.",6,,,3,4,640,False,course-v1:DelftX+FDE01x+1T2021
course-f13deeac-41f2-4972-ba02-f209900511b4,f13deeac-41f2-4972-ba02-f209900511b4,Inglés para todos: nivel básico más,Universidad del Rosario,Course,Course,edX,Introductory,Language; Communication,English,Current,self_paced,,https://www.edx.org/learn/english/universidad-del-rosario-ingles-para-todos-nivel-basico-mas,"https://prod-discovery.edx-cdn.org/cdn-cgi/image/width=auto,height=auto,quality=75,format=webp/media/course/image/f13deeac-41f2-4972-ba02-f209900511b4-7de758ae40fc.jpeg",Continúa tu aprendizaje del inglés y avanza en el desarrollo de herramientas comunicativas básicas.,1,,,4,6,640,False,course-v1:URosarioX+URX108+1T2023
course-e05568cf-29c5-42e0-9873-5dafa973183f,e05568cf-29c5-42e0-9873-5dafa973183f,Corporate Communication Strategy,The London School of Economics and Political Science,Course,Course,edX,Introductory,Business & Management,English,Current,self_paced,Social Change; Communication Strategies; Communications; Strategic Communication; Corporate Communications; Economics; Ethical Responsibility; Political Sciences,https://www.edx.org/learn/business-management/the-london-school-of-economics-and-political-science-corporate-communication-strategy,"https://prod-discovery.edx-cdn.org/cdn-cgi/image/width=auto,height=auto,quality=75,format=webp/media/course/image/e05568cf-29c5-42e0-9873-5dafa973183f-ec94e73158a5.jpeg","Explore the strategic role of communications in driving organisational and social change, equipping you with the skills to navigate the complex, fast-changing VUCA world with purpose and impact.",4,,,2,4,634,False,course-v1:LSE+LSESCN01+2T2025
course-2cfd52b3-418c-43ae-9cfc-e693e1cc88b0,2cfd52b3-418c-43ae-9cfc-e693e1cc88b0,The Essentials of Data Literacy Online Course,Davidson College,Course,Course,edX,Introductory,Data Analysis & Statistics,English,Current,self_paced,Data Literacy; Data Visualization; Data Auditing; R (Programming Language); Data Analysis; Communications; Statistical Programming; Critical Thinking,https://www.edx.org/learn/r-programming/davidson-college-the-essentials-of-data-literacy-online-course,"https://prod-discovery.edx-cdn.org/cdn-cgi/image/width=auto,height=auto,quality=75,format=webp/media/course/image/2cfd52b3-418c-43ae-9cfc-e693e1cc88b0-a2791ba4afdc.jpeg","Essentials of Data Literacy Course
Learn fundamental data skills with an online course that teaches you how to analyze, manage, and visualize data. Audit for free or obtain a certificate.",4,,,5,10,632,True,course-v1:DavidsonX+DavidsonX.D006+2T2020
course-9d983dcb-384a-4022-83cc-f3f7c36d793f,9d983dcb-384a-4022-83cc-f3f7c36d793f,Getting Started with AI Agents in GitHub Copilot,Microsoft,Course,Course,edX,Intermediate,Computer Science,English,Current,self_paced,,https://www.edx.org/learn/computer-science/microsoft-getting-started-with-ai-agents-in-github-copilot,"https://prod-discovery.edx-cdn.org/cdn-cgi/image/width=auto,height=auto,quality=75,format=webp/media/course/image/9d983dcb-384a-4022-83cc-f3f7c36d793f-ba12c910b55f.png","Learn the fundamentals of agents and the Azure AI Agent Service, including access and usage. Explore the benefits of agents, utilize service features, and build your first agent.",1,,,1,2,630,False,course-v1:Microsoft+GSWAIA+1T2025
course-c675d751-509f-41e9-8192-d609c5b2edfb,c675d751-509f-41e9-8192-d609c5b2edfb,Energy to Electrochemistry Final Exam,Harvard University,Course,Course,edX,Introductory,Chemistry,English,Current,self_paced,Chemistry,https://www.edx.org/learn/chemistry/harvard-university-energy-to-electrochemistry-final-exam,"https://prod-discovery.edx-cdn.org/cdn-cgi/image/width=auto,height=auto,quality=75,format=webp/media/course/image/c675d751-509f-41e9-8192-d609c5b2edfb-9bef488cf6a5.jpeg",Demonstrate your chemistry knowledge in the final exam.,4,,,4,8,629,True,course-v1:HarvardX+PS11.1dX+3T2021
course-ccdd4363-a3e6-4a41-b60a-2b909d16d4dd,ccdd4363-a3e6-4a41-b60a-2b909d16d4dd,Global China: From the Mongols to the Ming,Harvard University,Course,Course,edX,Introductory,History; Humanities,English,Current,self_paced,,https://www.edx.org/learn/chinese-history/harvard-university-global-china-from-the-mongols-to-the-ming,"https://prod-discovery.edx-cdn.org/cdn-cgi/image/width=auto,height=auto,quality=75,format=webp/media/course/image/ccdd4363-a3e6-4a41-b60a-2b909d16d4dd-0ae81a942056.jpg",Explore the impact of the conquest dynasties and the world of the Ming.,12,,,1,3,628,True,course-v1:HarvardX+SW12.5x+2015
course-92d94f93-a610-4afa-b7c3-626fb6dab0c2,92d94f93-a610-4afa-b7c3-626fb6dab0c2,Medical Devices Regulation in Practice,Delft University of Technology,Course,Course,edX,Introductory,Health & Safety; Engineering; Design,English,Current,self_paced,Medical Devices; Health Technology; Research; Medical Device Development,https://www.edx.org/learn/medicine/delft-university-of-technology-medical-device-regulations-in-practice,"https://prod-discovery.edx-cdn.org/cdn-cgi/image/width=auto,height=auto,quality=75,format=webp/media/course/image/92d94f93-a610-4afa-b7c3-626fb6dab0c2-fb8b17930244.jpeg","Gain the fundamental and practical knowledge required for developing medical devices, from design to implementation, in compliance with the European Medical Devices Regulation.",6,,,4,6,624,False,course-v1:DelftX+MDRP1x+3T2024
course-5bffe1a5-4bec-4b1d-81c4-e916cce678f6,5bffe1a5-4bec-4b1d-81c4-e916cce678f6,Clinical Nutrition – evidence-based practice,KU Leuven,Course,Course,edX,Intermediate,Food & Nutrition; Health & Safety; Biology & Life Sciences,English,Current,self_paced,,https://www.edx.org/learn/nutrition/ku-leuven-clinical-nutrition-evidence-based-practice,"https://prod-discovery.edx-cdn.org/cdn-cgi/image/width=auto,height=auto,quality=75,format=webp/media/course/image/5bffe1a5-4bec-4b1d-81c4-e916cce678f6-6bd47d29a538.jpeg","Aiming to tackle nutrition-related issues due to chronic or infectious diseases (e.g. obesity, HIV), this course equips you with evidence-based insights and practical know-how on solutions to implement in a varied number of situations.",6,,,4,6,624,False,course-v1:KULeuvenX+ClinutriX+3T2022
course-55fee42c-4594-4060-8407-9b37ed89779d,55fee42c-4594-4060-8407-9b37ed89779d,Introduction to DevOps and Site Reliability Engineering,The Linux Foundation,Course,Course,edX,Introductory,Computer Science,English,Current,self_paced,Automation; Agile Methodology; Site Reliability Engineering; Software Development; DevOps; Linux; Operations,https://www.edx.org/learn/devops/the-linux-foundation-introduction-to-devops-and-site-reliability-engineering,"https://prod-discovery.edx-cdn.org/cdn-cgi/image/width=auto,height=auto,quality=75,format=webp/media/course/image/55fee42c-4594-4060-8407-9b37ed89779d-1e07912d2088.png",Learn how to start transforming your organization using the principles and practices of DevOps.,10,,,1,2,623,False,course-v1:LinuxFoundationX+LFS162x+3T2019
course-c60c632c-38b6-4abc-a1d3-39a8405fcc42,c60c632c-38b6-4abc-a1d3-39a8405fcc42,Forex and Options Trading,State Bank of India,Course,Course,edX,Intermediate,Economics & Finance,English,Current,self_paced,,https://www.edx.org/learn/economics-finance/state-bank-of-india-forex-and-options-trading,"https://prod-discovery.edx-cdn.org/cdn-cgi/image/width=auto,height=auto,quality=75,format=webp/media/course/image/c60c632c-38b6-4abc-a1d3-39a8405fcc42-f9e401273d32.png",This Course is aimed at providing a comprehensive knowledge on Forex and options Trading.,3,,,1,5,616,False,course-v1:State-Bank-of-India+SBA008+1T2025
course-879578f1-cddd-43d5-81d9-1fd84ca33ca6,879578f1-cddd-43d5-81d9-1fd84ca33ca6,People analytics and reporting,Stellenbosch University,Course,Course,edX,Intermediate,Business & Management,English,Current,self_paced,Intangible Assets; Performance Management; Human Capital; Data Collection; Dashboard; People Management; Systems Of Measurement; Decision Making,https://www.edx.org/learn/human-resources/stellenbosch-university-people-analytics-and-reporting,"https://prod-discovery.edx-cdn.org/cdn-cgi/image/width=auto,height=auto,quality=75,format=webp/media/course/image/879578f1-cddd-43d5-81d9-1fd84ca33ca6-1d71958da149.jpeg",One of the most critical challenges Human Resource (HR) professionals grapple with during these unprecedented times is whether human capital solutions enable managerial decision-making and enhance the value of people’s intangible assets. This course provides participants with data-driven and evidence-based decision-making competencies required to analyse the contribution of human capital to the business.,2,,,5,8,615,True,course-v1:StellenboschX+Analytics.1+2T2022
course-cb5cc730-9600-4909-a4b6-abef7a5e2647,cb5cc730-9600-4909-a4b6-abef7a5e2647,How to Write an Essay,"University of California, Berkeley",Course,Course,edX,Introductory,Humanities; Language,English,Current,self_paced,Paragraphs; English Language; Editing; Writing; Academic Writing; Grammar,https://www.edx.org/learn/professional-writing/university-of-california-berkeley-how-to-write-an-essay,"https://prod-discovery.edx-cdn.org/cdn-cgi/image/width=auto,height=auto,quality=75,format=webp/media/course/image/cb5cc730-9600-4909-a4b6-abef7a5e2647-8d65bb5f26cb.jpg","An introduction to academic writing for English Language Learners, focusing on essay development, grammatical correctness, and self-editing.",5,,,5,6,614,False,BerkeleyX/ColWri2.1x/3T2013
course-73d9af3d-6f6d-4aeb-ba96-bc8dac9a9a00,73d9af3d-6f6d-4aeb-ba96-bc8dac9a9a00,Topics in AP Physics,Rice University,Course,Course,edX,Introductory,Physics; Science,English,Current,self_paced,Physics; Problem Solving,https://www.edx.org/learn/physics/rice-university-ap-physics-1,"https://prod-discovery.edx-cdn.org/cdn-cgi/image/width=auto,height=auto,quality=75,format=webp/media/course/image/73d9af3d-6f6d-4aeb-ba96-bc8dac9a9a00-20e10c23a15a.jpg","A self-paced, comprehensive course to prepare you for the AP Physics 1 exam.",18,,,3,4,614,False,course-v1:RICEx+AdvPHY1x+2T2016
course-52c62c54-85ec-48de-bf62-a7ff737ee3d0,52c62c54-85ec-48de-bf62-a7ff737ee3d0,"A-level Mathematics for Year 13 - Course 1: Functions, Sequences and Series, and Numerical Methods",Imperial College London,Course,Course,edX,Intermediate,Math,English,Current,self_paced,Numerical Analysis; Basic Math,https://www.edx.org/learn/math/imperial-college-london-a-level-mathematics-for-year-13-course-1-functions-sequences-and-series-and-numerical-methods,"https://prod-discovery.edx-cdn.org/cdn-cgi/image/width=auto,height=auto,quality=75,format=webp/media/course/image/52c62c54-85ec-48de-bf62-a7ff737ee3d0-6f91002cf21f.jpg","Develop your thinking skills, fluency and confidence to aim for an A* in A-level maths and prepare for undergraduate STEM degrees.",7,,,2,4,610,False,course-v1:ImperialX+alm003+3T2019
course-7d43a19b-19fe-49d1-91bd-292d9af31680,7d43a19b-19fe-49d1-91bd-292d9af31680,Project Management of Engineering Projects: Preparing for Success,Delft University of Technology,Course,Course,edX,Intermediate,Business & Management; Engineering,English,Current,instructor_paced,Management; Project Engineering; Project Implementation; Project Planning; Infrastructure; Project Finance; Project Performance,https://www.edx.org/learn/project-management/delft-university-of-technology-project-management-of-engineering-projects-preparing-for-success,"https://prod-discovery.edx-cdn.org/cdn-cgi/image/width=auto,height=auto,quality=75,format=webp/media/course/image/7d43a19b-19fe-49d1-91bd-292d9af31680-268a416cb9e3.png",Create your own project plan and learn about the critical role of the early phases of a project and the importance of people as key drivers of project success.,10,,,4,6,609,True,course-v1:DelftX+MEP101x+3T2016
course-344712f7-3cff-42d5-9268-28264f30f1f6,344712f7-3cff-42d5-9268-28264f30f1f6,PyTorch Basics for Machine Learning,IBM,Course,Course,edX,Introductory,Data Analysis & Statistics; Computer Science; Engineering,English,Current,self_paced,Multiple Linear Regression; Loss Functions; Logistic Regression; PyTorch (Machine Learning Library); Linear Regression; Machine Learning; NumPy; Machine Learning Algorithms; Operations; Forecasting; Integration; Pandas (Python Package); Deep Learning,https://www.edx.org/learn/pytorch/ibm-pytorch-basics-for-machine-learning,"https://prod-discovery.edx-cdn.org/cdn-cgi/image/width=auto,height=auto,quality=75,format=webp/media/course/image/344712f7-3cff-42d5-9268-28264f30f1f6-83ad765fde85.jpeg","This course is the first part in a two part course and will teach you the fundamentals of PyTorch. In this course you will implement classic machine learning algorithms, focusing on how PyTorch creates and optimizes models. You will quickly iterate through different aspects of PyTorch giving you strong foundations and all the prerequisites you need before you build deep learning models.",5,,,4,5,609,True,course-v1:IBM+ML0210EN+2T2020
course-1477313e-e41a-4a9f-8601-94ac6506f3a9,1477313e-e41a-4a9f-8601-94ac6506f3a9,VITARA - Compliance Risk Management,The International Monetary Fund,Course,Course,edX,Introductory,Economics & Finance,English,Current,self_paced,,https://www.edx.org/learn/economics/the-international-monetary-fund-vitara-compliance-risk-management,"https://prod-discovery.edx-cdn.org/cdn-cgi/image/width=auto,height=auto,quality=75,format=webp/media/course/image/1477313e-e41a-4a9f-8601-94ac6506f3a9-70fb40dab2ad.png","This self-paced course provides fundamental knowledge on modern Compliance Risk Management (CRM) good practices. The strategic goal of CRM is to steadily increase the level of voluntary compliance over time by identifying and prioritizing risks and implementing treatments to address the risks. In this module, you will learn how adopting a systematic approach to CRM supports tax administrations to deliver this core function and achieve their overall goals successfully.",1,,,3,6,609,False,course-v1:IMFx+CRMx+2T2023
course-a56bb094-a5e2-459d-a6ba-cbf8c00cb262,a56bb094-a5e2-459d-a6ba-cbf8c00cb262,Power BI: Create analytics reports,Microsoft,Course,Course,edX,Introductory,Computer Science,English,Current,self_paced,Data Visualization; Power BI; Data-Driven Decision-Making; Teaching,https://www.edx.org/learn/computer-science/microsoft-power-bi-create-analytics-reports,"https://prod-discovery.edx-cdn.org/cdn-cgi/image/width=auto,height=auto,quality=75,format=webp/media/course/image/a56bb094-a5e2-459d-a6ba-cbf8c00cb262-82379a3a16f1.jpeg","""Create Analytics Reports with Power BI"" teaches the fundamentals of building analytical reports. You will learn how to use Power BI to visualize data and generate reports that provide insights.",1,,,2,3,607,True,course-v1:Microsoft+CARPBI+1T2025
course-3b428d3f-f451-4deb-8da1-ac6ec1a4510c,3b428d3f-f451-4deb-8da1-ac6ec1a4510c,Measuring Sustainable Development,SDG Academy,Course,Course,edX,Intermediate,Data Analysis & Statistics; Economics & Finance; Environmental Studies,English,Current,self_paced,Sustainable Development; Data-Driven Decision-Making; Dashboard,https://www.edx.org/learn/sustainable-development/sdg-academy-measuring-sustainable-development,"https://prod-discovery.edx-cdn.org/cdn-cgi/image/width=auto,height=auto,quality=75,format=webp/media/course/image/3b428d3f-f451-4deb-8da1-ac6ec1a4510c-6c5e8aacf612.png","The United Nations Sustainable Development Goals are an ambitious global agenda for prosperity, people, and planet. But how do we know if we are on track to achieve the SDGs? Which Goals should different stakeholders prioritize? And what kind of data do we need to ensure that no one is left behind?",5,,,1,3,606,True,course-v1:SDGAcademyX+SDGi001+2T2020
course-28053d3b-64cc-4a7f-bcb6-247c4152bd6d,28053d3b-64cc-4a7f-bcb6-247c4152bd6d,Business Communications - The Basics,Doane University,Course,Course,edX,Introductory,Communication; Business & Management,English,Current,self_paced,Communications; Business Writing; Emotional Intelligence; Presentations; Business Communication; Business Presentations,https://www.edx.org/learn/business-communications/doane-university-business-communications-the-basics,"https://prod-discovery.edx-cdn.org/cdn-cgi/image/width=auto,height=auto,quality=75,format=webp/media/course/image/28053d3b-64cc-4a7f-bcb6-247c4152bd6d-ee421a12f68e.jpeg","In this course, learners will engage with the fundamentals of business communication. Learners will discover different communication styles and how to address them in a business setting. Learners will also assess their listening styles and emotional intelligence, and both can affect their communication skills.",4,,,5,8,600,True,course-v1:DoaneX+CMS-3161x+1T2021
course-1ec75041-a869-471a-a06b-f92553d281a2,1ec75041-a869-471a-a06b-f92553d281a2,Agile Innovation and Problem Solving Skills,"The University of Maryland, College Park",Course,Course,edX,Advanced,Engineering; Business & Management; Philosophy & Ethics,English,Current,self_paced,Scrum (Software Development); Creative Thinking; Project Management Professional Certification; Critical Thinking; Agile Leadership; Problem Solving; Certified Scrum Master; User Story; Empathy; Innovation; Requirements Elicitation; Test-Driven Development (TDD); Business Valuation; Timeboxing; Business Modeling; PMI Agile Certified Practitioner; Risk Management; Agile Methodology; Thinking Processes; Project Management Institute (PMI) Methodology,https://www.edx.org/learn/agile/the-university-of-maryland-college-park-agile-innovation-and-problem-solving-skills,"https://prod-discovery.edx-cdn.org/cdn-cgi/image/width=auto,height=auto,quality=75,format=webp/media/course/image/1ec75041-a869-471a-a06b-f92553d281a2-36d112e7f72c.jpg",Learn how to deliver greater value through Agile solution targeting and theory of constraints that unleash your team's innovative potential.,4,,,2,3,600,True,course-v1:USMx+ENCE607.3x+3T2018
course-aabfe220-b4c1-4975-b7d1-b33475d1010f,aabfe220-b4c1-4975-b7d1-b33475d1010f,"Invasions, Rebellions, and the Fall of Imperial China",Harvard University,Course,Course,edX,Introductory,History; Social Sciences,English,Current,self_paced,Wrestling,https://www.edx.org/learn/chinese-history/harvard-university-invasions-rebellions-and-the-fall-of-imperial-china,"https://prod-discovery.edx-cdn.org/cdn-cgi/image/width=auto,height=auto,quality=75,format=webp/media/course/image/aabfe220-b4c1-4975-b7d1-b33475d1010f-d00ee1e6f348.jpg","An overview of modern Chinese history, including the fall of the Qing and the end of imperial China.",12,,,1,3,599,True,course-v1:HarvardX+SW12.7x+2015
course-0cdf5a20-c4f2-4384-90c6-a527ef67dd39,0cdf5a20-c4f2-4384-90c6-a527ef67dd39,AI Chatbots without Programming,IBM,Course,Course,edX,Introductory,Computer Science; Design,English,Current,self_paced,Selling Techniques; Customer Service; Chatbot; Artificial Intelligence; WordPress,https://www.edx.org/learn/chatbots/ibm-ai-chatbots-without-programming,"https://prod-discovery.edx-cdn.org/cdn-cgi/image/width=auto,height=auto,quality=75,format=webp/media/course/image/0cdf5a20-c4f2-4384-90c6-a527ef67dd39-2ebae0116904.png","Chatbots are increasingly in demand among global businesses. This course will teach you how to build, analyze, deploy and monetize chatbots - with the help of IBM Watson and the power of AI.",2,,,2,4,598,False,course-v1:IBM+CB0103EN+2T2018
course-669905cf-e1eb-4a36-8d95-f6b6cfea1b2f,669905cf-e1eb-4a36-8d95-f6b6cfea1b2f,Fundamentals of Financial Mathematics and Capital Budgeting.,New York Institute of Finance,Course,Course,edX,Introductory,Economics & Finance,English,Current,self_paced,Annuities; Calculations; Conceptual Framework; Cash Flows; Net Present Value; Mathematical Finance; Corporate Finance; Capital Budgeting; Finance; Rate Of Return; Time Value Of Money; Financial Market,https://www.edx.org/learn/finance/new-york-institute-of-finance-fundamentals-of-financial-mathematics-and-capital-budgeting,"https://prod-discovery.edx-cdn.org/cdn-cgi/image/width=auto,height=auto,quality=75,format=webp/media/course/image/669905cf-e1eb-4a36-8d95-f6b6cfea1b2f-e412f02e016a.jpeg","Get introduced to the determinants of value, foundations of financial markets, and capital budgeting.",4,,,1,2,595,True,course-v1:NYIF+CFVM.PC1x+1T2020
course-38e65081-ac22-45df-a294-4e35735780c2,38e65081-ac22-45df-a294-4e35735780c2,Battery Management Systems (BMS) and Pack Design,Delft University of Technology,Course,Course,edX,Intermediate,Engineering; Electronics; Education & Teacher Training,English,Current,self_paced,Research; Management; Battery Technology; Battery Pack; Electric Vehicles; Electronics; Battery Management; Thermal Management; Voltage,https://www.edx.org/learn/engineering/delft-university-of-technology-battery-pack-design-and-management-systems,"https://prod-discovery.edx-cdn.org/cdn-cgi/image/width=auto,height=auto,quality=75,format=webp/media/course/image/38e65081-ac22-45df-a294-4e35735780c2-261df80eb24c.jpeg","Learn how to effectively manage battery safety and lifecycle in battery pack design. Learn about applications of Battery Management Systems (BMS) in electric vehicles, energy storage and consumer electronics.",6,,,4,6,595,False,course-v1:DelftX+BTEC2x+1T2025
course-2fa0cfda-8dc4-4ff2-a085-a6b0c0f93c31,2fa0cfda-8dc4-4ff2-a085-a6b0c0f93c31,Introduction to Probability Management,Stanford University,Course,Course,edX,Introductory,Data Analysis & Statistics,English,Current,self_paced,Microsoft Excel; Statistics; Communications; Probability; Management,https://www.edx.org/learn/probability/stanford-university-introduction-to-probability-management,"https://prod-discovery.edx-cdn.org/cdn-cgi/image/width=auto,height=auto,quality=75,format=webp/media/course/image/2fa0cfda-8dc4-4ff2-a085-a6b0c0f93c31-bfc7ffdcf485.jpeg",Probability management is the discipline of communicating and calculating uncertainties as auditable data arrays called Stochastic Information Packets or SIPs. This course provides a basic introduction to the subject.,10,,,1,5,595,False,course-v1:StanfordOnline+XCEE242R+2T2020
course-966e325a-b6a3-44af-aa03-7fed0c35a2e2,966e325a-b6a3-44af-aa03-7fed0c35a2e2,Introduction to the Music Business,Berklee College of Music,Course,Course,edX,Introductory,Business & Management; Social Sciences; Music,English,Current,self_paced,Music Industry,https://www.edx.org/learn/music-business/berklee-college-of-music-introduction-to-the-music-business,"https://prod-discovery.edx-cdn.org/cdn-cgi/image/width=auto,height=auto,quality=75,format=webp/media/course/image/966e325a-b6a3-44af-aa03-7fed0c35a2e2-7d25cdc268fe.jpg","Learn the latest about the rapidly changing music industry from recording, publishing, and distribution to legal issues confronting music commerce.",6,,,2,4,594,True,BerkleeX/MB110x/3T2014
course-95074b5e-2b9f-4683-9c2e-c8892bcb5699,95074b5e-2b9f-4683-9c2e-c8892bcb5699,Finance Fundamentals: Classical and Behavioural Finance,"University of Oxford; Saïd Business School, University of Oxford",Course,Course,edX,Introductory,Economics & Finance,English,Current,self_paced,Vulkan Graphics API; Hedge Funds; Finance,https://www.edx.org/learn/economics-finance/university-of-oxford-finance-fundamentals-classical-and-behavioural-finance,"https://prod-discovery.edx-cdn.org/cdn-cgi/image/width=auto,height=auto,quality=75,format=webp/media/course/image/95074b5e-2b9f-4683-9c2e-c8892bcb5699-a5d1becf5814.jpeg",Explore the fundamentals of both classical finance theory and behavioural finance.,4,,,2,4,593,False,course-v1:OxfordX+OXFALG01+2T2025
course-e8bc54ca-96b2-4ace-b046-2109392c9cbc,e8bc54ca-96b2-4ace-b046-2109392c9cbc,AI and Gen-AI for Supply Chain Management,International Supply Chain Education Alliance,Course,Course,edX,Intermediate,Business & Management,English,Current,self_paced,,https://www.edx.org/learn/artificial-intelligence/international-supply-chain-education-alliance-ai-and-gen-ai-for-supply-chain-management,"https://prod-discovery.edx-cdn.org/cdn-cgi/image/width=auto,height=auto,quality=75,format=webp/media/course/image/e8bc54ca-96b2-4ace-b046-2109392c9cbc-60ef0068a3b3.jpeg","Learn the fundamentals, applications, and use cases for supply chain transformation with AI and Gen-AI.",4,,,2,3,591,False,course-v1:ISCEA+ISC-AI01+2T2024
course-b41bf7b2-2a7e-4eff-915f-72a732b0e418,b41bf7b2-2a7e-4eff-915f-72a732b0e418,Introduction to Image Generation,Google Cloud,Course,Course,edX,Intermediate,Computer Science,English,Current,self_paced,,https://www.edx.org/learn/computer-science/google-cloud-introduction-to-image-generation,"https://prod-discovery.edx-cdn.org/cdn-cgi/image/width=auto,height=auto,quality=75,format=webp/media/course/image/b41bf7b2-2a7e-4eff-915f-72a732b0e418-ca989c8962e5.png","Learn how diffusion models power modern image generation. Explore their thermodynamic foundations, real-world use cases, text-to-image advancements, and how to train and deploy models on Vertex AI.",1,,,1,2,591,True,course-v1:GoogleCloud+ITIREG1x+2T2025
course-5236b816-deac-4a69-9586-96ca0f4dad2a,5236b816-deac-4a69-9586-96ca0f4dad2a,Sprint Planning for Faster Agile Team Delivery,"The University of Maryland, College Park",Course,Course,edX,Advanced,Engineering; Business & Management; Philosophy & Ethics,English,Current,self_paced,Certified Scrum Master; Planning; Innovation; PMI Agile Certified Practitioner; Project Management Professional Certification; Task Management; Scrum (Software Development); Sprint Planning; Backlogs; Agile Methodology; Scope Management; Problem Solving; Sprint Backlogs; User Story; Project Management Institute (PMI) Methodology,https://www.edx.org/learn/agile/the-university-of-maryland-college-park-sprint-planning-for-faster-agile-team-delivery,"https://prod-discovery.edx-cdn.org/cdn-cgi/image/width=auto,height=auto,quality=75,format=webp/media/course/image/5236b816-deac-4a69-9586-96ca0f4dad2a-ccead5306d4c.jpg","Drive speed into any project with prioritized backlogs, limiting work-in-process, and engaging the entire agile team in effective sprint planning.",4,,,2,3,590,True,course-v1:USMx+ENCE607.2x+3T2018
course-51d9f899-ef8d-4024-9ac4-b3b7b0ab3adf,51d9f899-ef8d-4024-9ac4-b3b7b0ab3adf,Behavioral Economics and Public Policy,Indian Institute of Management Bangalore,Course,Course,edX,Intermediate,Economics & Finance,English,Current,self_paced,Decision Making; Psychology; Economics; Public Policies,https://www.edx.org/learn/behavioral-economics/indian-institute-of-management-bangalore-behavioral-economics-and-public-policy,"https://prod-discovery.edx-cdn.org/cdn-cgi/image/width=auto,height=auto,quality=75,format=webp/media/course/image/51d9f899-ef8d-4024-9ac4-b3b7b0ab3adf-580c726ed212.png","This course provides a perspective to understanding decision making. It will equip the learners with tools to better understand these deep psychological processes. It will discuss the topics like loss aversion, nudges, some notions of fairness and will also deal with practical examples which will help to form strategies in real life work environment.",6,,,3,4,590,False,course-v1:IIMBx+ES106x+3T2022
course-b96808bd-b863-4bcf-bf8d-9f026b2084f3,b96808bd-b863-4bcf-bf8d-9f026b2084f3,Gestion de projets de développement,Inter-American Development Bank,Course,Course,edX,Intermediate,Business & Management,French,Current,self_paced,Social Development; Project Management Institute (PMI) Methodology; Management; Auditing,https://www.edx.org/learn/international-project-management/inter-american-development-bank-gestion-de-projets-de-developpement,"https://prod-discovery.edx-cdn.org/cdn-cgi/image/width=auto,height=auto,quality=75,format=webp/media/course/image/b96808bd-b863-4bcf-bf8d-9f026b2084f3-3d4e3f9e817f.jpeg",Apprenez les meilleures pratiques pour gérer des projets visant à promouvoir le développement économique et social en Amérique Latine et les Caraïbes.,10,,,2,3,589,False,course-v1:IDBx+IDB6.3x+3T2016
course-993ef615-7954-4388-8f63-75d3c676546e,993ef615-7954-4388-8f63-75d3c676546e,Islamic Finance for the Sustainable Development Goals,Islamic Development Bank Institute,Course,Course,edX,Introductory,Economics & Finance,English,Current,self_paced,Innovation; Sustainable Development; Finance; Lecturing; Microfinance; Empowerment,https://www.edx.org/learn/sustainable-development/islamic-development-bank-institute-islamic-finance-for-the-sustainable-development-goals,"https://prod-discovery.edx-cdn.org/cdn-cgi/image/width=auto,height=auto,quality=75,format=webp/media/course/image/993ef615-7954-4388-8f63-75d3c676546e-6adc93130de0.jpeg","Islamic Finance for the Sustainable Development Goals
Explore the foundations and principles of Islamic finance from the perspective of sustainable development.
Did you know that the financing gap in developing countries to achieve the Sustainable Development Goals by 2030 could increase by 70%​ in the wake of the​ COVID-19 pandemic? Are you interested in the role of Islamic finance in building a sustainable future? Do you want to learn about the foundations and principles of Islamic finance from the perspective of the Sustainable Development Goals? Are you a development professional engaging with Islamic finance institutions? An Islamic finance professional willing to acquire an in-depth understanding of financing sustainable development? Do you want to be a part of this alliance for a better world by channeling Islamic finance resources for the Sustainable Development Goals?",4,,,3,5,589,False,course-v1:IRTIx+IFSDG101x+2T2022a
course-bd61f0fa-d031-49d8-a87a-08af796e4d80,bd61f0fa-d031-49d8-a87a-08af796e4d80,Strategic Communications,King's College London,Course,Course,edX,Introductory,Social Sciences; Communication; Philosophy & Ethics,English,Current,self_paced,Critical Reflection; Influencing Skills; Strategic Communication; Communications,https://www.edx.org/learn/social-science/kings-college-london-strategic-communications-2,"https://prod-discovery.edx-cdn.org/cdn-cgi/image/width=auto,height=auto,quality=75,format=webp/media/course/image/bd61f0fa-d031-49d8-a87a-08af796e4d80-7eb404fef3ca.png","Explore how strategic communications shapes societal narratives, influences political outcomes, and redefines power dynamics in a fast-changing global landscape.",3,,,1,3,588,True,course-v1:KingsCollegeLondon+SSPP_GSx1+1T2025
course-f2d7fc1d-07f2-413f-b710-39716f955c62,f2d7fc1d-07f2-413f-b710-39716f955c62,Battery Technology,Delft University of Technology,Course,Course,edX,Introductory,Chemistry; Energy & Earth Sciences; Science,English,Current,self_paced,,https://www.edx.org/learn/chemistry/delft-university-of-technology-battery-technology,"https://prod-discovery.edx-cdn.org/cdn-cgi/image/width=auto,height=auto,quality=75,format=webp/media/course/image/f2d7fc1d-07f2-413f-b710-39716f955c62-ba98d5b4264a.jpeg","Discover the fundamentals of modern battery technology and various types of batteries and their chemistries. Learn about sustainable practices, safety systems, and diagnostics for optimizing battery performance.",6,,,4,5,587,False,course-v1:DelftX+BTEC1x+2T2025
course-d2bee76e-4371-47a5-9659-04ac4170a04b,d2bee76e-4371-47a5-9659-04ac4170a04b,Scaling Impact for Sustainable Development,SDG Academy,Course,Course,edX,Intermediate,Social Sciences,English,Current,self_paced,Sustainable Development; BIOS; Research,https://www.edx.org/learn/social-sciences/sdg-academy-scaling-impact-for-sustainable-development,"https://prod-discovery.edx-cdn.org/cdn-cgi/image/width=auto,height=auto,quality=75,format=webp/media/course/image/d2bee76e-4371-47a5-9659-04ac4170a04b-3d95e937ef68.jpeg",Master the essentials of scaling impact for sustainable development through four guiding principles and real-world case studies.,6,,,2,4,587,False,course-v1:SDGAcademyX+SISD001+3T2025
course-d33ddfa0-42d5-4e46-83a8-61a19c130c05,d33ddfa0-42d5-4e46-83a8-61a19c130c05,Introduction to Social Work,University of Alaska Fairbanks,Course,Course,edX,Introductory,Social Sciences; Health & Safety; History,English,Current,self_paced,Decision Making; Child Welfare; Research; Social Justice; Social Work; Clinical Social Work; Human Services; Mental Health; Substance Abuse; Communications,https://www.edx.org/learn/social-work/university-of-alaska-fairbanks-introduction-to-social-work,"https://prod-discovery.edx-cdn.org/cdn-cgi/image/width=auto,height=auto,quality=75,format=webp/media/course/image/d33ddfa0-42d5-4e46-83a8-61a19c130c05-ad617f059dfc.jpeg","This course is an introduction to the profession of social work and the human services delivery system. It examines the historical development of social work focusing on the knowledge, values, and skills that characterize the social worker. This course will orient the learner to the context for social work and focus on the foundational frameworks of the profession.",6,,,4,6,586,True,course-v1:AlaskaX+SWK1x+2T2022
course-5eeb2d39-3f33-494b-ab2a-d44e746851e0,5eeb2d39-3f33-494b-ab2a-d44e746851e0,How to Achieve the Sustainable Development Goals,SDG Academy,Course,Course,edX,Intermediate,Environmental Studies; Energy & Earth Sciences; Business & Management,English,Current,self_paced,Planning; Policy Development; Sustainable Development,https://www.edx.org/learn/sustainable-development/sdg-academy-how-to-achieve-the-sustainable-development-goals,"https://prod-discovery.edx-cdn.org/cdn-cgi/image/width=auto,height=auto,quality=75,format=webp/media/course/image/5eeb2d39-3f33-494b-ab2a-d44e746851e0-9866ebf2e4db.png","The world has adopted an ambitious agenda, the Sustainable Development Goals, to end poverty, protect the planet, and ensure prosperity for all. Learn how we can achieve these goals through careful planning and engagement of diverse stakeholders.",7,,,4,6,586,True,course-v1:SDGAcademyX+SDG001+3T2018
course-2b531fed-b8f4-43ab-9e25-9d1d29820896,2b531fed-b8f4-43ab-9e25-9d1d29820896,Accounting for Decision-Making,Indian Institute of Management Bangalore,Course,Course,edX,Intermediate,Business & Management; Economics & Finance,English,Current,self_paced,Finance; Asset Management; Income Statement; Balance Sheet; Cost Management; Financial Statements; Budgeting; Decision Making; Accounting Systems; Cost Benefit Analysis; Management; Accounting Information Systems; Leverage; Accounting,https://www.edx.org/learn/accounting/indian-institute-of-management-bangalore-accounting-for-decision-making,"https://prod-discovery.edx-cdn.org/cdn-cgi/image/width=auto,height=auto,quality=75,format=webp/media/course/image/2b531fed-b8f4-43ab-9e25-9d1d29820896-15a31d389206.jpg",Learn how to read and interpret financial statements and manage costs to take informed business decisions.,7,,,3,5,585,True,course-v1:IIMBx+AC103x+1T2017
course-f6bc9b9c-e03f-4cde-b09d-bddd82dca299,f6bc9b9c-e03f-4cde-b09d-bddd82dca299,Computer Graphics,"The University of California, San Diego",Course,Course,edX,Intermediate,Computer Science,English,Current,self_paced,3D Computer Graphics; Visual Impairment Education; Computer-Aided Design; DirectX (Software); Autodesk 3DS Max (3D Graphics Software); OpenGL Shading Language; Virtual Reality; C++ (Programming Language); OpenGL; Development Environment; Ray Tracing; Autodesk Maya,https://www.edx.org/learn/computer-graphics/the-university-of-california-san-diego-computer-graphics,"https://prod-discovery.edx-cdn.org/cdn-cgi/image/width=auto,height=auto,quality=75,format=webp/media/course/image/f6bc9b9c-e03f-4cde-b09d-bddd82dca299-9575e06fb3ff.jpg",Learn to create images of 3D scenes in both real-time and with realistic ray tracing in this introductory computer graphics course.,6,,,6,12,581,True,course-v1:UCSDx+CSE167x+2T2016
course-3879a4d1-17ef-47fa-a1df-ac953b33236c,3879a4d1-17ef-47fa-a1df-ac953b33236c,Introduction to ChatGPT. Boost your productivity to the maximum using artificial intelligence!,Universitat Politècnica de València,Course,Course,edX,Introductory,Computer Science,English,Current,self_paced,,https://www.edx.org/learn/chatgpt/universitat-politecnica-de-valencia-introduction-to-chatgpt-boost-your-productivity-to-the-maximum-using-artificial-intelligence,"https://prod-discovery.edx-cdn.org/cdn-cgi/image/width=auto,height=auto,quality=75,format=webp/media/course/image/3879a4d1-17ef-47fa-a1df-ac953b33236c-0b23d0c599c7.jpeg","Have you heard about ChatGPT and want to learn how to use it to increase your productivity at work radically? Then, this is the course for you. Here, you will learn about its advantages and disadvantages, and different ways to create effective prompts. You will also see examples of its use in tasks as diverse as drafting an instance to a City Council, summarizing a document, enhancing your writing for emails, translating documents, or using it to create Excel formulas and macros.",2,,,2,3,576,False,course-v1:UPValenciaX+chatgpt101x_EN+1T2024
course-d40a8313-5ddc-4055-9c8b-5d58bf15898b,d40a8313-5ddc-4055-9c8b-5d58bf15898b,Agile with AI,Pragmatic AI Labs,Course,Course,edX,Introductory,Computer Science,English,Current,self_paced,,https://www.edx.org/learn/artificial-intelligence/pragmatic-ai-labs-agile-with-ai,"https://prod-discovery.edx-cdn.org/cdn-cgi/image/width=auto,height=auto,quality=75,format=webp/media/course/image/d40a8313-5ddc-4055-9c8b-5d58bf15898b-75bede51c9f8.jpeg","Revolutionize your software development with generative AI. Learn to harness AI pair programming, prompt engineering, and DevOps best practices for unparalleled productivity and innovation.",4,,,3,6,575,True,course-v1:AI+genai1x+2T2024
course-7ebd8ff3-6f9d-430d-8dd1-c97bc9926ff2,7ebd8ff3-6f9d-430d-8dd1-c97bc9926ff2,AWS Solutions Architect - From Design to Implementation,Amazon Web Services,Course,Course,edX,Intermediate,Computer Science,English,Current,self_paced,Event-Driven Programming; Amazon Web Services; Resilience; Account Strategy; Operational Efficiency; AWS Certified Solutions Architect Associate; Solution Architecture; Cloud Computing; Architectural Design,https://www.edx.org/learn/amazon-web-services-aws/amazon-web-services-architecting-solutions-on-aws,"https://prod-discovery.edx-cdn.org/cdn-cgi/image/width=auto,height=auto,quality=75,format=webp/media/course/image/7ebd8ff3-6f9d-430d-8dd1-c97bc9926ff2-7227cb276aa4.png","Are you looking to get more technical? Are you looking to begin working in the cloud, but don’t know where to go next? Are you puzzled how to match a customer’s requirements with the right AWS services/solutions? If so, you are in the right place!! You’ll learn how to plan, think, and act like a Solution Architect in a real-life customer scenario.",4,,,2,4,575,True,course-v1:AWS+AWS-ARCH-1+3T2022
course-502f792c-6469-49ae-bf04-b6b2ce882f14,502f792c-6469-49ae-bf04-b6b2ce882f14,College Algebra,Doane University,Course,Course,edX,Intermediate,Math,English,Current,self_paced,Algebra; Auditing; Problem Solving; Linear Systems,https://www.edx.org/learn/algebra/doane-university-college-algebra,"https://prod-discovery.edx-cdn.org/cdn-cgi/image/width=auto,height=auto,quality=75,format=webp/media/course/image/502f792c-6469-49ae-bf04-b6b2ce882f14-9d5ab9bfbf95.jpeg","This College Algebra course will cover fundamental concepts of algebra required to interpret a variety of functions and equations.
This course is eligible for Audit and Verified Certificate only.",8,,,8,12,575,False,course-v1:DoaneX+MATH-105x+3T2020
course-358335f2-b350-41ad-bb95-c01bc0bdd91e,358335f2-b350-41ad-bb95-c01bc0bdd91e,Unmanned Aerial Systems (UAS): Fundamentals,University of Alaska Fairbanks,Course,Course,edX,Introductory,Science; Engineering; Energy & Earth Sciences,English,Current,self_paced,Research; Surveying; Drone Pilot Certificate; Optics; Unmanned Aerial Systems (UAS); Real Estate; Risk Management; Electronics; Unmanned Aerial Vehicle; Light Detection And Ranging (LiDAR); Radar; Emergency Response; Physics,https://www.edx.org/learn/science/university-of-alaska-fairbanks-unmanned-aerial-systems-uas-fundamentals,"https://prod-discovery.edx-cdn.org/cdn-cgi/image/width=auto,height=auto,quality=75,format=webp/media/course/image/358335f2-b350-41ad-bb95-c01bc0bdd91e-3b0a73c0f32c.jpeg","Learn the fundamentals of unmanned aerial systems (UAS) including terminology, types of platforms, flight physics, and selection of UAS for specific needs and applications.",4,,,4,6,573,True,course-v1:AlaskaX+UAS1x+3T2022
course-3f2d9b25-40be-4cd8-898c-6a1b8637bfec,3f2d9b25-40be-4cd8-898c-6a1b8637bfec,The Hardware of a Quantum Computer,Delft University of Technology,Course,Course,edX,Intermediate,Physics; Computer Science; Engineering,English,Current,self_paced,Quantum Computing; Legal Discovery; Quantum Technology; Quantum Information,https://www.edx.org/learn/quantum-computing/delft-university-of-technology-the-hardware-of-a-quantum-computer,"https://prod-discovery.edx-cdn.org/cdn-cgi/image/width=auto,height=auto,quality=75,format=webp/media/course/image/3f2d9b25-40be-4cd8-898c-6a1b8637bfec-226a1c5b9eef.jpeg","Learn how a quantum computer could be physically build, and how it could be controlled.",6,,,6,8,572,True,course-v1:DelftX+QTM2x+2T2018
course-c88e2620-8cc7-4576-b44e-06a9c79cf9b3,c88e2620-8cc7-4576-b44e-06a9c79cf9b3,Digital Marketing Strategy,Indian Institute of Management Bangalore,Course,Course,edX,Intermediate,Business & Management,English,Current,self_paced,,https://www.edx.org/learn/digital-marketing/indian-institute-of-management-bangalore-digital-marketing-strategy,"https://prod-discovery.edx-cdn.org/cdn-cgi/image/width=auto,height=auto,quality=75,format=webp/media/course/image/c88e2620-8cc7-4576-b44e-06a9c79cf9b3-e77bbad8b781.png",Set your fundamental right while crafting your marketing strategy for the digital age. Learn to apply powerful frameworks and practices to develop digital marketing plans.,6,,,3,4,571,True,course-v1:IIMBx+MK211x+1T2023
course-d02750ae-a880-411b-9e1a-59a8d5e4a69b,d02750ae-a880-411b-9e1a-59a8d5e4a69b,Introduction to Public Expenditure and Financial Accountability (PEFA),World Bank Group,Course,Course,edX,Introductory,Economics & Finance,English,Current,self_paced,Public Financial Management; Essential Services; Accountability; Sustainable Development,https://www.edx.org/learn/finance/world-bank-group-introduction-to-public-expenditure-and-financial-accountability-pefa,"https://prod-discovery.edx-cdn.org/cdn-cgi/image/width=auto,height=auto,quality=75,format=webp/media/course/image/d02750ae-a880-411b-9e1a-59a8d5e4a69b-6c195dca1b18.png","With a PEFA framework, we can assess the strengths and weaknesses of a country’s PFM system and use this information to support PFM improvements. This e-learning course ‘Introduction to PEFA’ presents you with the PEFA assessment framework, what it measures, and the process involved. Participants will receive a course completion certificate after successfully completing a final quiz.",2,,,2,3,570,False,course-v1:WBGx+PEFA01x+1T2022
course-47f9ae3e-864d-404f-b47e-c3b49ac1edc0,47f9ae3e-864d-404f-b47e-c3b49ac1edc0,Lean Six Sigma Program and Project Management,International Supply Chain Education Alliance,Course,Course,edX,Introductory,Business & Management; Engineering,English,Current,self_paced,Customer Service; Lean Manufacturing; Project Management; Lean Six Sigma Yellow Belt; Management; Process Improvement; Lean Six Sigma; Supply Chain; Change Management; Six Sigma Methodology; Risk Management,https://www.edx.org/learn/six-sigma/international-supply-chain-education-alliance-lean-six-sigma-program-and-project-management,"https://prod-discovery.edx-cdn.org/cdn-cgi/image/width=auto,height=auto,quality=75,format=webp/media/course/image/47f9ae3e-864d-404f-b47e-c3b49ac1edc0-696bf5e3164a.jpeg","Master and apply Lean Six Sigma Methodologies to the basics of Change Management and Sustainability to build Supply Chain. Learners will understand the steps in Project Management related to the Lean Six Sigma Supply Chain process, to reduce the risk of failure in six sigma projects. Gain an understanding of what “Lean” means in Six Sigma and how to drive sustainable process improvement.
A Lean Six Sigma Course within The ISCEA CLSSYB Program – Certified Lean Six Sigma Yellow Belt Certificate.",3,,,2,4,568,True,course-v1:ISCEA+CLSSYB02+3T2022
course-1017f4e1-e5bc-4590-b356-36ed8b2b3ee0,1017f4e1-e5bc-4590-b356-36ed8b2b3ee0,Fundamentals of Sociology,Doane University,Course,Course,edX,Introductory,Social Sciences; Humanities,English,Current,self_paced,Auditing; Sociology,https://www.edx.org/learn/sociology/doane-university-fundamentals-of-sociology,"https://prod-discovery.edx-cdn.org/cdn-cgi/image/width=auto,height=auto,quality=75,format=webp/media/course/image/1017f4e1-e5bc-4590-b356-36ed8b2b3ee0-01ff2c40fc3c.jpeg","This course is an introduction to the study of human social behavior, social groups, and society. The course emphasizes the basic concepts and theories found in the discipline of sociology.
This course is eligible for Audit and Verified Certificate only.",8,,,8,12,568,False,course-v1:DoaneX+SOCI-109x+3T2020
course-198e2ad5-3673-4638-910c-153caeb0dc52,198e2ad5-3673-4638-910c-153caeb0dc52,Network Defense Essentials (NDE),EC-Council,Course,Course,edX,Intermediate,Computer Science,English,Current,self_paced,,https://www.edx.org/learn/network-security/ec-council-network-defense-essentials-nde,"https://prod-discovery.edx-cdn.org/cdn-cgi/image/width=auto,height=auto,quality=75,format=webp/media/course/image/198e2ad5-3673-4638-910c-153caeb0dc52-d9bd9ba2b583.jpeg",Network Defense Essentials (NDE) is a first-of-its-kind MOOC certification that provides foundational knowledge and skills in network security with add-on labs for hands-on experience.,1,,,16,24,567,True,course-v1:EC-Council+NDE-112-51+3T2022
course-5dedf011-dfb5-4ea4-8714-30196590eb52,5dedf011-dfb5-4ea4-8714-30196590eb52,Product Design: The Delft Design Approach,Delft University of Technology,Course,Course,edX,Intermediate,Business & Management; Social Sciences; Engineering,English,Current,self_paced,Product Design,https://www.edx.org/learn/product-design/delft-university-of-technology-product-design-the-delft-design-approach,"https://prod-discovery.edx-cdn.org/cdn-cgi/image/width=auto,height=auto,quality=75,format=webp/media/course/image/5dedf011-dfb5-4ea4-8714-30196590eb52-d940b2594513.png",Learn to design meaningful products and services in this introductory design course.,7,,,6,8,565,True,course-v1:DelftX+DDA691x+3T2015
course-47bdb468-3d51-42c2-b11a-85267dd854e6,47bdb468-3d51-42c2-b11a-85267dd854e6,La gestion des ressources humaines,HEC Montréal,Course,Course,edX,Introductory,Business & Management,French,Current,self_paced,Planning; Employee Onboarding; Human Resource Management; Occupational Safety And Health; Performance Management; Management,https://www.edx.org/learn/human-resources/hec-montreal-la-gestion-des-ressources-humaines,"https://prod-discovery.edx-cdn.org/cdn-cgi/image/width=auto,height=auto,quality=75,format=webp/media/course/image/47bdb468-3d51-42c2-b11a-85267dd854e6-1fd7766161c1.jpg",Initiation aux pratiques courantes et aux connaissances spécifiques à la gestion du personnel. Rôles et responsabilités du gestionnaire face aux nombreux défis de la gestion des employés.,7,,,1,2,564,True,course-v1:HECMontrealX+RHRT01.1x+3T2019
course-44ca510a-79ce-4ca7-8e87-ee16cced986f,44ca510a-79ce-4ca7-8e87-ee16cced986f,Leveraging Your Leadership Self: Personal Identity and Behavioral Empathy,University of Toronto,Course,Course,edX,Introductory,Business & Management,English,Current,self_paced,,https://www.edx.org/learn/leadership/university-of-toronto-leveraging-your-leadership-self-personal-identity-and-behavioural-empathy,"https://prod-discovery.edx-cdn.org/cdn-cgi/image/width=auto,height=auto,quality=75,format=webp/media/course/image/44ca510a-79ce-4ca7-8e87-ee16cced986f-13cb22cc73d3.jpeg",Discover how inclusive leadership fuels positive outcomes in this course from the Rotman School of Management at the University of Toronto,4,,,2,4,564,True,course-v1:University_of_TorontoX+UTORDEI01+2T2023
course-35c307d9-ec79-4ec2-ac82-fd7a282b6d2d,35c307d9-ec79-4ec2-ac82-fd7a282b6d2d,AI Technology for Marketing Optimization,Davidson College; Universidad Galileo,Course,Course,edX,Introductory,Business & Management; Computer Science; Data Analysis & Statistics,English,Current,self_paced,Predictive Analytics; Social Media Strategy; Natural Language Processing; Market Research; Scheduling; Marketing; Marketing Optimization; Digital Marketing; Artificial Intelligence; Social Media; Innovation; Copywriting; Customer Engagement; Artificial Neural Networks,https://www.edx.org/learn/business-management/davidson-and-galileo-ai-technology-for-marketing-optimization,"https://prod-discovery.edx-cdn.org/cdn-cgi/image/width=auto,height=auto,quality=75,format=webp/media/course/image/35c307d9-ec79-4ec2-ac82-fd7a282b6d2d-86eea72ec51c.jpeg","Unlock the potential of AI in marketing by mastering advanced techniques such as predictive analytics, real-time optimization, NLP, email personalization, and social media strategy for impactful marketing.",3,,,3,5,564,True,course-v1:Davidson_Galileo+AIMark_02+2T2024
course-a2134567-0231-4285-b54f-fe9ecfad156f,a2134567-0231-4285-b54f-fe9ecfad156f,Risk Management for Projects,Adelaide University,Course,Course,edX,Introductory,Business & Management,English,Current,self_paced,Project Management; Risk Management; Contingency Planning; Project Risk Management; Upskilling; Management,https://www.edx.org/learn/risk-management/university-of-adelaide-risk-management-for-projects,"https://prod-discovery.edx-cdn.org/cdn-cgi/image/width=auto,height=auto,quality=75,format=webp/media/course/image/a2134567-0231-4285-b54f-fe9ecfad156f-2bb4f256c1f5.jpeg",Learn how to undertake project risk management in your organisation by using the best processes and procedures.,5,,,2,3,563,True,course-v1:AdelaideX+RiskX+2T2017
course-393351d2-ee1b-4539-ba7e-b7ef45100dbd,393351d2-ee1b-4539-ba7e-b7ef45100dbd,Computer Architecture with an Industrial RISC-V Core [RVfpga],The Linux Foundation,Course,Course,edX,Intermediate,Computer Science; Engineering,English,Current,self_paced,,https://www.edx.org/learn/computer-programming/the-linux-foundation-computer-architecture-with-an-industrial-risc-v-core,"https://prod-discovery.edx-cdn.org/cdn-cgi/image/width=auto,height=auto,quality=75,format=webp/media/course/image/393351d2-ee1b-4539-ba7e-b7ef45100dbd-f1f30a717f4b.png",Get a practical introduction to using RISC-V computer architecture based on a RISC-V system-on-chip (SoC) targeted to a field-programmable gate array (FPGA) and to different simulation tools.,10,,,2,4,563,False,course-v1:LinuxFoundationX+LFD119x+2T2023
course-5e771e86-f6d5-419b-976c-bf88816bb371,5e771e86-f6d5-419b-976c-bf88816bb371,Intro Course: Data Storytelling,edX,Course,Course,edX,Introductory,Business & Management; Data Analysis & Statistics; Design,English,Current,self_paced,Presentations; Visual Design; Design Elements And Principles; Data Storytelling; Storytelling,https://www.edx.org/learn/data-visualization/edx-intro-course-data-storytelling,"https://prod-discovery.edx-cdn.org/cdn-cgi/image/width=auto,height=auto,quality=75,format=webp/media/course/image/5e771e86-f6d5-419b-976c-bf88816bb371-92942160fcff.jpeg","Using existing spreadsheet and quantitative reasoning skills, learners will make their data tell a story. This course is ideal for learners who are just starting out in their careers, journalists looking to expand their skill set, and marketers looking to tell a story.",1,,,80,100,562,False,course-v1:edX+BCI-story2+3T2022
course-ad14ab4d-69f7-44c2-955d-1194e19fbbd5,ad14ab4d-69f7-44c2-955d-1194e19fbbd5,Marketing Fundamentals: Who Is Your Customer?,Babson College,Course,Course,edX,Introductory,Business & Management,English,Current,self_paced,Marketing; Marketing Concepts; Enthusiasm; Customer Acquisition Management,https://www.edx.org/learn/marketing/babson-college-marketing-fundamentals-who-is-your-customer,"https://prod-discovery.edx-cdn.org/cdn-cgi/image/width=auto,height=auto,quality=75,format=webp/media/course/image/ad14ab4d-69f7-44c2-955d-1194e19fbbd5-20c21872e34a.jpg",Learn key marketing concepts to implement customer acquisition strategies to find the right customers and grow your business.,4,,,4,6,561,True,course-v1:BabsonX+BPET.MKTx+1T2017
course-cdef57a9-a0f3-4b8a-a720-db5296190bdf,cdef57a9-a0f3-4b8a-a720-db5296190bdf,"Impact, Ethics, and Issues with Generative AI",IBM,Course,Course,edX,Introductory,Computer Science,English,Current,self_paced,Accountability; Information Privacy; Hallucinations; Artificial Intelligence; Addressing Ethical Concerns,https://www.edx.org/learn/artificial-intelligence/ibm-generative-ai-impact-issues-and-ethical-concerns,"https://prod-discovery.edx-cdn.org/cdn-cgi/image/width=auto,height=auto,quality=75,format=webp/media/course/image/cdef57a9-a0f3-4b8a-a720-db5296190bdf-3a4d2aaedefc.jpeg","In this course, you will learn about the socioeconomic impacts of generative AI and related issues such as job and copyright implications. You will also explore the ethical concerns related to generative AI and examine how to use it responsibly.",3,,,1,3,559,True,course-v1:IBM+AI0151EN+1T2024
course-86327b04-f5d2-4a09-ab96-2e0278a7a493,86327b04-f5d2-4a09-ab96-2e0278a7a493,Understanding the TOEFL Essentials Test,Educational Testing Service,Course,Course,edX,Introductory,Communication,English,Current,self_paced,English Language; Writing; Test Of English As A Foreign Language (TOEFL); Research,https://www.edx.org/learn/test-prep/educational-testing-service-understanding-the-toefl-essentials-test,"https://prod-discovery.edx-cdn.org/cdn-cgi/image/width=auto,height=auto,quality=75,format=webp/media/course/image/86327b04-f5d2-4a09-ab96-2e0278a7a493-fa64321755bb.jpeg","This course helps teachers, advisors and students understand the purposes, structure and content of the TOEFL Essentials test, so that test takers can do their best on test day.",6,,,1,3,559,False,course-v1:ETSx+ETSx2021Essentials01+2T2021
course-3b426ab9-93ad-467d-a91e-4d21dd3544c4,3b426ab9-93ad-467d-a91e-4d21dd3544c4,"Innovate & Regulate: Drug Research, Costs, Clinical Trials & Approval",Davidson College,Course,Course,edX,Intermediate,Medicine; Chemistry; Biology & Life Sciences,English,Current,self_paced,Clinical Trials; Patents; Drug Development; White Space Development; Scientific Studies; Intellectual Property; Chemistry; Medicinal Chemistry; Drug Discovery; Biology; Auditing; Research; Pharmaceuticals; Drug Administration,https://www.edx.org/learn/drugs/davidson-college-drug-discovery-medicinal-chemistry,"https://prod-discovery.edx-cdn.org/cdn-cgi/image/width=auto,height=auto,quality=75,format=webp/media/course/image/3b426ab9-93ad-467d-a91e-4d21dd3544c4-2ffb97ce8e63.png","At some point in their life, essentially everyone needs to use medication for some type of disease treatment or cure. While medications offer great benefits, the cost of drugs, especially new drugs, and the lack of treatment for some diseases can raise questions about business activity behind the creation of new drugs. Better understanding of how drugs are discovered and developed as well as the legal and regulatory factors that affect the industry can help one better recognize both the shortcomings and opportunities faced by the drug industry at large.",5,,,5,7,558,True,course-v1:DavidsonX+MED001x+3T2019
course-d85db382-5184-41e0-81a2-4ba359ccd8ee,d85db382-5184-41e0-81a2-4ba359ccd8ee,"Macroeconomics of Climate: Science, Economics, and Policies",The International Monetary Fund,Course,Course,edX,Introductory,Economics & Finance,English,Current,self_paced,Macroeconomics; Research; Capacity Development; Climate Variability And Change; Economics; Climatology,https://www.edx.org/learn/climate-change/the-international-monetary-fund-macroeconomics-of-climate-change-science-economics-and-policies,"https://prod-discovery.edx-cdn.org/cdn-cgi/image/width=auto,height=auto,quality=75,format=webp/media/course/image/d85db382-5184-41e0-81a2-4ba359ccd8ee-90bcf33c0e42.png","Learn about the science and economics behind climate change, the framework for global climate action, and how the IMF engages on climate change issues.",3,,,2,3,557,False,course-v1:IMFx+MCCx-SEP+1T2022
course-0dd63a80-b9c6-43f7-8cae-5f4176fdf78c,0dd63a80-b9c6-43f7-8cae-5f4176fdf78c,"Diversity, Equity and Inclusion (DEI) in the Workplace",Stellenbosch University,Course,Course,edX,Intermediate,Business & Management,English,Current,self_paced,Diversity Management; Creativity; Emotional Intelligence; Innovation,https://www.edx.org/learn/dei-diversity-equity-inclusion/stellenbosch-university-diversity-equity-and-inclusion-dei-in-the-workplace,"https://prod-discovery.edx-cdn.org/cdn-cgi/image/width=auto,height=auto,quality=75,format=webp/media/course/image/0dd63a80-b9c6-43f7-8cae-5f4176fdf78c-efb74c1ea0fb.jpeg","Gain an in-depth understanding and the importance of diversity, equity, and inclusion (DEI) in the workplace. You will be equipped with a practical DEI action plan to promote innovation and retain talent in your organization. Not only will you be prepared to apply the concepts in the workplace, but you will be equipped with relevant professional skills to navigate your personal development relating to the promotion of inclusive relationships.",2,,,5,8,557,True,course-v1:StellenboschX+DEI.1+2T2022
course-be9d62d8-ad9f-48ae-b078-dbb39cd360b2,be9d62d8-ad9f-48ae-b078-dbb39cd360b2,A Better Start to Reading,University of Canterbury,Course,Course,edX,Introductory,Education & Teacher Training,English,Current,self_paced,Dyslexia; Reading Instruction; Literacy,https://www.edx.org/learn/how-to-learn/university-of-canterbury-a-better-start-to-reading,"https://prod-discovery.edx-cdn.org/cdn-cgi/image/width=auto,height=auto,quality=75,format=webp/media/course/image/be9d62d8-ad9f-48ae-b078-dbb39cd360b2-a56d2742f4c0.jpeg",Learn how to prevent reading problems in children and how to use the shared book reading context in the most effective way to support children’s early reading development.,6,,,4,6,554,False,course-v1:UCx+CWI01ucX+3T2020
course-ab62c5b3-54b0-462c-95f5-531de5c6eefc,ab62c5b3-54b0-462c-95f5-531de5c6eefc,Power Automate: Automate a business process,Microsoft,Course,Course,edX,Introductory,Computer Science,English,Current,self_paced,Business Process; Microsoft Power Automate/Flow; Workflow Automation; Operations; Workflow Management; Automation,https://www.edx.org/learn/computer-science/microsoft-power-automate-automate-a-business-process,"https://prod-discovery.edx-cdn.org/cdn-cgi/image/width=auto,height=auto,quality=75,format=webp/media/course/image/ab62c5b3-54b0-462c-95f5-531de5c6eefc-3878ca82c133.jpeg",Learn to automate business processes using Power Automate. Gain skills in designing and implementing automated workflows to streamline tasks and increase efficiency,1,,,2,3,552,True,course-v1:Microsoft+PPA-103+1T2025
course-91f7877a-4fde-44b1-b29e-4483c2d11af5,91f7877a-4fde-44b1-b29e-4483c2d11af5,ChatGPT pour tous,Université de Montréal,Course,Course,edX,Introductory,Computer Science; Education & Teacher Training; Philosophy & Ethics,French,Current,self_paced,,https://www.edx.org/learn/chatgpt/universite-de-montreal-chatgpt-pour-tous,"https://prod-discovery.edx-cdn.org/cdn-cgi/image/width=auto,height=auto,quality=75,format=webp/media/course/image/91f7877a-4fde-44b1-b29e-4483c2d11af5-12797775c9a8.png","L'arrivée de l'IA et son impact sur votre travail vous préoccupe?
Vous vous demandez comment tirer parti vous-même de l'IA?
Vous n'avez pas assez expérimenté avec l'IA jusqu'à aujourd'hui?
Vous êtes invités à vous inscrire à GPT101 : ChatGPT pour tous ! Il s'agit d'un cours produit à l'Université de Montréal par une équipe du centre de pédagogie universitaire comme réponse initiale à l'arrivée des modèles de langage comme ChatGPT.",3,,,2,3,550,False,course-v1:UMontrealX+GPT101+2T2024
course-e4f3ec0c-7a24-45f5-8a77-3ba421e90b0f,e4f3ec0c-7a24-45f5-8a77-3ba421e90b0f,Mining Engineering Principles: Exploration to Innovation,University of Alaska Fairbanks,Course,Course,edX,Introductory,Engineering; Science; Environmental Studies,English,Current,self_paced,Civil Engineering; Internet Of Things (IoT); Mining Engineering; Innovation; Operations; Data Analysis; Augmented Reality; Sustainable Development; Electrical Engineering,https://www.edx.org/learn/engineering/university-of-alaska-fairbanks-mining-engineering-principles,"https://prod-discovery.edx-cdn.org/cdn-cgi/image/width=auto,height=auto,quality=75,format=webp/media/course/image/e4f3ec0c-7a24-45f5-8a77-3ba421e90b0f-33cf85c92ab0.jpeg","This course is designed to introduce learners to the fundamentals of mining engineering, including mine development, mining unit operations, mining methods, mining consequences, mine hazards, and mine safety.",6,,,5,7,548,False,course-v1:AlaskaX+MINING1x+1T2023
course-032359a2-9c75-467b-941e-0a0e56735627,032359a2-9c75-467b-941e-0a0e56735627,Sport Business Foundations,University of Alaska Fairbanks,Course,Course,edX,Introductory,Business & Management; Economics & Finance; Data Analysis & Statistics,English,Current,self_paced,Event Management; Marketing; Governance; Public Relations; Sales; Management; Sports Management; Facility Management; Operations Management; Athletic Administration; Sport Business; Leadership,https://www.edx.org/learn/sports-business/university-of-alaska-fairbanks-sport-business-foundations,"https://prod-discovery.edx-cdn.org/cdn-cgi/image/width=auto,height=auto,quality=75,format=webp/media/course/image/032359a2-9c75-467b-941e-0a0e56735627-10635ce7482a.jpeg",Kick off your sport management career. This course explores the variety of career pathways within the field of sport management — from youth and collegiate sport to international and major league — and will help you identify your personal strengths within sport leadership. Discover real job opportunities and learn how to network with professionals in the field – this is where you break into the industry.,4,,,3,5,548,True,course-v1:AlaskaX+SPRT1x+1T2021
course-b7c3e08e-e260-4421-b0d2-2c8c9c32bbe6,b7c3e08e-e260-4421-b0d2-2c8c9c32bbe6,Mastering Generative AI: LLM Architecture & Data Preparation,IBM,Course,Course,edX,Intermediate,Computer Science,English,Current,self_paced,,https://www.edx.org/learn/computer-science/ibm-mastering-generative-ai-llm-architecture-data-preparation,"https://prod-discovery.edx-cdn.org/cdn-cgi/image/width=auto,height=auto,quality=75,format=webp/media/course/image/b7c3e08e-e260-4421-b0d2-2c8c9c32bbe6-60f76e64ef15.jpeg","Build in-demand, job-ready generative AI architecture and data science skills in two weeks. A basic knowledge of Python and PyTorch and an awareness of machine learning and neural networks would be an advantage, though not strictly required.",2,,,2,3,547,True,course-v1:IBM+AI0208EN+3T2024
course-8ec643b9-648f-472e-a551-5efc800ac47a,8ec643b9-648f-472e-a551-5efc800ac47a,"Biomaterials and Biofabrication: Design, Engineering and Innovation",University of Bayreuth,Course,Course,edX,Introductory,Engineering; Biology & Life Sciences; Science,English,Current,self_paced,Innovation; Biology; 3D Printing; Chemical Engineering; Curiosity; Tissue Engineering; Materials Science; Ceramics; Wound Dressing; Additive Manufacturing (3D Printing); Biomedical Engineering; Biocompatibility; Biomaterial; Research,https://www.edx.org/learn/biomaterials/university-of-bayreuth-biomaterials-and-biofabrication-design-engineering-and-innovation,"https://prod-discovery.edx-cdn.org/cdn-cgi/image/width=auto,height=auto,quality=75,format=webp/media/course/image/8ec643b9-648f-472e-a551-5efc800ac47a-2c5bbbf9c58d.jpeg","Take our MOOC to expand your knowledge about biomaterials, biomedical engineering, additive manufacturing, tissue engineering and to obtain insights on the future of biofabrication. This MOOC will benefit individuals working in the biomedical sector to discover emerging trends and achieve their next career step.",8,,,1,3,547,False,course-v1:BayreuthX+ubt202bio+2T2030
course-0a923310-9e7f-4ca6-9f6f-575dcc75e196,0a923310-9e7f-4ca6-9f6f-575dcc75e196,Calculus II: Multivariable Functions,Delft University of Technology,Course,Course,edX,Intermediate,Math,English,Current,self_paced,Physics; Multivariable Calculus; Basic Math; Calculus; Fluid Dynamics; Dynamical Systems,https://www.edx.org/learn/calculus/delft-university-of-technology-calculus-ii-multivariable-functions,"https://prod-discovery.edx-cdn.org/cdn-cgi/image/width=auto,height=auto,quality=75,format=webp/media/course/image/0a923310-9e7f-4ca6-9f6f-575dcc75e196-e8ccb7009807.jpeg",This course provides an overview of bachelor-level calculus of multivariable functions (Calculus II). You will review many basic concepts related to differentiation and integration of multivariable functions.,6,,,4,6,547,True,course-v1:DelftX+MMFEC2x+2T2023
course-9f9d59ae-e2a6-41ad-97c0-976f59fbbc39,9f9d59ae-e2a6-41ad-97c0-976f59fbbc39,How to Influence the Consumer Behavior to Drive Sales by Jonah Berger,WOBI,Course,Course,edX,Intermediate,Business & Management; Communication,English,Current,self_paced,Consumer Behaviour; Marketing; Sales; Persuasive Communication; Influencing Skills; Decision Making; Communications,https://www.edx.org/learn/business-administration/wobi-how-to-influence-the-consumer-behavior-to-drive-sales-by-jonah-berger,"https://prod-discovery.edx-cdn.org/cdn-cgi/image/width=auto,height=auto,quality=75,format=webp/media/course/image/9f9d59ae-e2a6-41ad-97c0-976f59fbbc39-18cc3c8ffc9b.png","Learn with Jonah Berger, renowned professor of Marketing at the Wharton School of the University of Pennsylvania and expert in human influence and decision-making, how to generate more sales through studying your consumers and their behavior.",2,,,4,6,546,False,course-v1:WOBI+WOBI003+1T2023
course-d0411a93-34df-4496-a7a5-33122095cbf2,d0411a93-34df-4496-a7a5-33122095cbf2,Career Networking: Build a Social Media Presence,Kelley Executive Education Programs,Course,Course,edX,Introductory,Communication; Business & Management,English,Current,self_paced,Communications; Social Media; Professional Networking,https://www.edx.org/learn/social-media-marketing/indiana-university-career-networking-build-a-social-media-presence,"https://prod-discovery.edx-cdn.org/cdn-cgi/image/width=auto,height=auto,quality=75,format=webp/media/course/image/d0411a93-34df-4496-a7a5-33122095cbf2-03b18b63e4ae.png","Learn to use social media platforms and social networks to build and advance your professional online presence and career goals. 
Develop strategies to connect with your target audience while posting content that increases your industry knowledge and network.",4,,,2,4,545,True,course-v1:IUx+DTBS-103+1T2023
course-1e6adf32-badf-4d2c-a2d1-1d474f14bee4,1e6adf32-badf-4d2c-a2d1-1d474f14bee4,AI in Healthcare. Hype or Help?,KU Leuven,Course,Course,edX,Intermediate,Medicine; Engineering; Health & Safety,English,Current,self_paced,,https://www.edx.org/learn/artificial-intelligence/ku-leuven-ai-in-healthcare-hype-or-help,"https://prod-discovery.edx-cdn.org/cdn-cgi/image/width=auto,height=auto,quality=75,format=webp/media/course/image/1e6adf32-badf-4d2c-a2d1-1d474f14bee4-503fe214616f.jpeg","Discover how Artificial Intelligence (AI) is revolutionizing healthcare in this exciting course. The added value of AI for healthcare is explained from the healthcare professional's perspective, while basic AI principles are clarified from the AI developer's point of view.",12,,,2,5,544,False,course-v1:KULeuvenX+AIHEALTHx+1T2024
course-d785113b-c394-4771-9a88-6977d946856a,d785113b-c394-4771-9a88-6977d946856a,Thermodynamics and Phase Equilibria,Stanford University,Course,Course,edX,Introductory,Science,English,Current,self_paced,Thermodynamics,https://www.edx.org/learn/thermodynamics/stanford-university-thermodynamics-and-phase-equilibria,"https://prod-discovery.edx-cdn.org/cdn-cgi/image/width=auto,height=auto,quality=75,format=webp/media/course/image/d785113b-c394-4771-9a88-6977d946856a-531f210a73d0.png","This course, based on MATSCI 204 Thermodynamics and Phase Equilibria , introduces learners to thermodynamics and and how it governs phase equilibria. It is intended for a general audience, and is especially useful as a preparatory course for undergarduate and graduate students who are about to take their first class in thermodynamics.",16,,,5,10,543,False,course-v1:StanfordOnline+SOE.XMATSCI0001+1T2020
course-38e678c9-527f-42af-bb44-174c3bb73f93,38e678c9-527f-42af-bb44-174c3bb73f93,Sustainable Construction Management,"The University of Maryland, College Park",Course,Course,edX,Intermediate,Engineering; Business & Management; Philosophy & Ethics,English,Current,self_paced,Critical Path Method (CPM) Scheduling; Scheduling; Construction Management; Management; Energy Management; Green Building; HVAC; Planning; Building Information Modeling; Construction; Operations; Laser Scanning; Roofing; Renovation; Sustainability; Building Design; Energy Consumption; Erosions; Document Production,https://www.edx.org/learn/construction/the-university-of-maryland-college-park-sustainable-construction-management,"https://prod-discovery.edx-cdn.org/cdn-cgi/image/width=auto,height=auto,quality=75,format=webp/media/course/image/38e678c9-527f-42af-bb44-174c3bb73f93-08939286c367.jpeg","Learn Sustainable Construction Management practices, and how to implement a sustainable green project. Sustainability has become essential for private and public owners who want to incorporate the economic, social, and environmental aspects of their project to improve the triple bottom line.",4,,,2,3,542,True,course-v1:USMx+CMAN-4+2T2022
course-c50943b5-3375-4d50-9f91-911930551603,c50943b5-3375-4d50-9f91-911930551603,JavaScript Introduction,The World Wide Web Consortium (W3C),Course,Course,edX,Introductory,Computer Science,English,Current,self_paced,Cascading Style Sheets (CSS); JavaScript (Programming Language); Web Development; Multimedia; Front End (Software Engineering); Web Browsers; Web Pages,https://www.edx.org/learn/javascript/the-world-wide-web-consortium-w3c-javascript-introduction,"https://prod-discovery.edx-cdn.org/cdn-cgi/image/width=auto,height=auto,quality=75,format=webp/media/course/image/c50943b5-3375-4d50-9f91-911930551603-5703bb2a02c8.png","Learn JavaScript, a Web development programming language, to add interactivity to your Web pages, and become an expert Web developer.",5,,,6,8,540,True,course-v1:W3Cx+JS.0x+1T2017
course-27455a90-8377-4b60-a499-41417bf728f0,27455a90-8377-4b60-a499-41417bf728f0,United States Health Policy,Harvard University,Course,Course,edX,Introductory,Social Sciences; Medicine; Health & Safety,English,Current; Upcoming,self_paced,Health Policies,https://www.edx.org/learn/healthcare/harvard-university-united-states-health-policy,"https://prod-discovery.edx-cdn.org/cdn-cgi/image/width=auto,height=auto,quality=75,format=webp/media/course/image/27455a90-8377-4b60-a499-41417bf728f0-38590c6b34d0.jpg",Learn the essentials of U.S. health care policy from some of the nation's top experts.,10,,,1,4,538,False,HarvardX/PH210x/1T2014
course-bb88d0f1-89a5-475e-a465-1edb1e49d33b,bb88d0f1-89a5-475e-a465-1edb1e49d33b,Introduction to System on Chip Design,King's College London,Course,Course,edX,Introductory,Engineering; Computer Science; Electronics,English,Current,self_paced,Enterprise Desktop Administrator (Microsoft Certified IT Professional); Smartphone Operation; Internet Of Things (IoT); Autonomous Vehicles; Smart Systems; Semiconductors; Architectural Design; Peripheral Devices; System On A Chip; Tablets,https://www.edx.org/learn/engineering/kings-college-london-introduction-to-soc-design,"https://prod-discovery.edx-cdn.org/cdn-cgi/image/width=auto,height=auto,quality=75,format=webp/media/course/image/bb88d0f1-89a5-475e-a465-1edb1e49d33b-078d6c10b1d8.jpeg","A beginner’s course about the design and architecture of System-on-Chip (SoC) devices. Learn how today’s smart systems integrate computing, memory, and I/O on a single chip.",6,,,3,5,537,False,course-v1:KingsCollegeLondon+NMES_SOCx1+1T2025
course-02eebb2c-d086-41de-b9d8-0b34c161d478,02eebb2c-d086-41de-b9d8-0b34c161d478,Judaism Through Its Scriptures.,Harvard University,Course,Course,edX,Introductory,Humanities; History,English,Current,self_paced,,https://www.edx.org/learn/judaism/harvard-university-judaism-through-its-scriptures,"https://prod-discovery.edx-cdn.org/cdn-cgi/image/width=auto,height=auto,quality=75,format=webp/media/course/image/02eebb2c-d086-41de-b9d8-0b34c161d478-a670c35e7e34.jpg",Learn about the key beliefs and practices of Judaism through an examination of its sacred texts and their interpretation.,4,,,5,10,535,True,course-v1:HarvardX+HDS3221.6x+2T2016
course-aca3d8f7-8907-474c-9a62-58cca8c6254f,aca3d8f7-8907-474c-9a62-58cca8c6254f,Circuits and Electronics 3: Applications,Massachusetts Institute of Technology,Course,Course,edX,Intermediate,Electronics; Engineering; Computer Science,English,Current,self_paced,Smartphone Operation; Electrical Engineering; Application Design; Inductors; Digital Electronics; Capacitors; Computer Science; Electronics; Resistors,https://www.edx.org/learn/electronics/massachusetts-institute-of-technology-circuits-and-electronics-3-applications-2,"https://prod-discovery.edx-cdn.org/cdn-cgi/image/width=auto,height=auto,quality=75,format=webp/media/course/image/aca3d8f7-8907-474c-9a62-58cca8c6254f-b9bf6f5f5ae8.jpg","Learn about cool applications, op-amps and filters in the design of microchips used in smartphones, self-driving cars, computers, and the internet.",7,,,8,10,534,True,course-v1:MITx+6.002.3x+2T2019
course-aafad071-5f30-4d9d-98f6-6d17b949deca,aafad071-5f30-4d9d-98f6-6d17b949deca,Understanding Modern Warfare,King's College London,Course,Course,edX,Introductory,Social Sciences; History; Law,English,Current,self_paced,,https://www.edx.org/learn/social-science/kings-college-london-understanding-modern-warfare,"https://prod-discovery.edx-cdn.org/cdn-cgi/image/width=auto,height=auto,quality=75,format=webp/media/course/image/aafad071-5f30-4d9d-98f6-6d17b949deca-6cb6922d216d.png","Explore how warfare operates across land, sea, air, space, and cyber domains.",3,,,1,2,534,True,course-v1:KingsCollegeLondon+SSPP_STCx2+1T2025
course-c918948d-ecc1-4873-92de-d02cf18c24fd,c918948d-ecc1-4873-92de-d02cf18c24fd,Family Engagement in Education: The Dual Capacity-Building Framework,Harvard University,Course,Course,edX,Introductory,Education & Teacher Training,English,Current,self_paced,,https://www.edx.org/learn/education-teacher-training/harvard-university-harvard-university-family-engagement-dual-capacity-building-framework,"https://prod-discovery.edx-cdn.org/cdn-cgi/image/width=auto,height=auto,quality=75,format=webp/media/course/image/c918948d-ecc1-4873-92de-d02cf18c24fd-d61e673f0ae1.png","Learn how to apply the Dual Capacity-Building Framework with Dr. Karen L. Mapp to build authentic family-school partnerships that foster equity, trust, and student success.",8,,,2,3,533,True,course-v1:HarvardX+FamXDCF+3T2024
course-b1311ae4-c078-4367-b519-a2413f3cdc3b,b1311ae4-c078-4367-b519-a2413f3cdc3b,Psicología Criminal,Universidades Anáhuac,Course,Course,edX,Introductory,Social Sciences,Spanish,Current,self_paced,,https://www.edx.org/learn/psychology/universidades-anahuac-psicologia-criminal,"https://prod-discovery.edx-cdn.org/cdn-cgi/image/width=auto,height=auto,quality=75,format=webp/media/course/image/b1311ae4-c078-4367-b519-a2413f3cdc3b-0b915c16e099.jpg","En este curso se introduce a la psicología forense y a su metodología científica, estableciendo las bases para el entendimiento y evaluación científica de la conducta criminal.",4,,,4,6,533,False,course-v1:AnahuacX+UAX.CP3.2x+3T2022
course-17920e6b-e3ed-4819-8116-e48854e62cce,17920e6b-e3ed-4819-8116-e48854e62cce,Deep Learning with Python and PyTorch.,IBM,Course,Course,edX,Intermediate,Data Analysis & Statistics; Computer Science; Engineering,English,Current,self_paced,Principal Component Analysis; Artificial Neural Networks; Machine Learning; Dimensionality Reduction; Autoencoders; Feed Forward; Convolutional Neural Networks; Transfer Learning; PyTorch (Machine Learning Library); Python (Programming Language); Deep Learning,https://www.edx.org/learn/deep-learning/ibm-deep-learning-with-python-and-pytorch,"https://prod-discovery.edx-cdn.org/cdn-cgi/image/width=auto,height=auto,quality=75,format=webp/media/course/image/17920e6b-e3ed-4819-8116-e48854e62cce-90b16a034656.jpg",This course is the second part of a two-part course on how to develop Deep Learning models using Pytorch.,6,,,2,4,533,True,course-v1:IBM+DL0110EN+3T2018
course-44ac37d6-ce09-4807-8c57-d76e8830e054,44ac37d6-ce09-4807-8c57-d76e8830e054,"ChinaX Book Club: Five Authors, Five Books, Five Views of China",Harvard University,Course,Course,edX,Introductory,Literature; Art & Culture,English,Current,self_paced,Literary Studies,https://www.edx.org/learn/chinese-history/harvard-university-chinax-book-club-five-authors-five-books-five-views-of-china,"https://prod-discovery.edx-cdn.org/cdn-cgi/image/width=auto,height=auto,quality=75,format=webp/media/course/image/44ac37d6-ce09-4807-8c57-d76e8830e054-318974845559.jpeg","An exploration of the dynamics of contemporary China using the tools of close reading, discussion, and analysis.",5,,,1,2,532,False,course-v1:HarvardX+CHNSLITx+1T2020
course-f1a02084-6bf9-4242-bfdf-d6be7dc81501,f1a02084-6bf9-4242-bfdf-d6be7dc81501,"Hollywood: History, Industry, Art",University of Pennsylvania,Course,Course,edX,Introductory,Communication; Humanities; Business & Management; Art & Culture; History,English,Current,self_paced,Cinematography,https://www.edx.org/learn/history/university-of-pennsylvania-hollywood-history-industry-art,"https://prod-discovery.edx-cdn.org/cdn-cgi/image/width=auto,height=auto,quality=75,format=webp/media/course/image/f1a02084-6bf9-4242-bfdf-d6be7dc81501-4876b86f11b9.jpg","Explore the history of Hollywood, from Edison and the birth of film to the rise of the internet.",4,,,3,4,529,False,course-v1:PennX+HollywoodX+1T2016
course-45e714ff-881f-4f74-85c3-b2e63e2df20b,45e714ff-881f-4f74-85c3-b2e63e2df20b,"Introduction to Containers, Kubernetes and OpenShift",IBM,Course,Course,edX,Intermediate,Computer Science,English,Current,self_paced,Docker Container; OpenShift; Containerization; Cloud Computing; Istio; Kubernetes; Cloud-Native Computing; Advising; Cloud Development; Systems Engineering; Virtual Machines; Cloud-Native Applications; Virtualization; Programming Concepts; Hybrid Cloud Computing; DevOps; Docker (Software),https://www.edx.org/learn/kubernetes/ibm-introduction-to-containers-kubernetes-and-openshift,"https://prod-discovery.edx-cdn.org/cdn-cgi/image/width=auto,height=auto,quality=75,format=webp/media/course/image/45e714ff-881f-4f74-85c3-b2e63e2df20b-eaf3a21929b8.png","This course introduces you to containers and its emerging ecosystem of related technologies such as Docker, Kubernetes, OpenShift, and Istio. You will not only understand the concepts but also practice hands-on in the cloud.",5,,,2,3,528,True,course-v1:IBM+CC0201EN+3T2020
course-236ea439-1b6a-42c8-ad87-eef0d779aa4f,236ea439-1b6a-42c8-ad87-eef0d779aa4f,Cybersecurity Analyst Assessment: Security+ & CySA+ Practice,IBM,Course,Course,edX,Intermediate,Computer Science,English,Current,self_paced,Cyber Security; CompTIA Security+; CompTIA Cybersecurity Analyst (CySA+),https://www.edx.org/learn/cybersecurity/ibm-cybersecurity-analyst-assessment-security-and-cysa-practice,"https://prod-discovery.edx-cdn.org/cdn-cgi/image/width=auto,height=auto,quality=75,format=webp/media/course/image/236ea439-1b6a-42c8-ad87-eef0d779aa4f-86809b030dca.png",Showcase your expertise in Cybersecurity fundamentals in this final assessment of the IBM Cybersecurity Analyst Professional Certificate!,2,,,4,6,528,True,course-v1:IBM+Cybfun.8.0+3T2023
course-357f6fbe-f465-4c17-9246-e9cee703491f,357f6fbe-f465-4c17-9246-e9cee703491f,Building Applications: Get started,Microsoft,Course,Course,edX,Introductory,Computer Science,English,Current,self_paced,ASP.NET Core; Object-Oriented Programming (OOP); Web Applications; Semantics; C# (Programming Language); Syntax; Programming Concepts; .NET Framework,https://www.edx.org/learn/computer-science/microsoft-building-applications-get-started,"https://prod-discovery.edx-cdn.org/cdn-cgi/image/width=auto,height=auto,quality=75,format=webp/media/course/image/357f6fbe-f465-4c17-9246-e9cee703491f-befae37b30f9.jpeg","Learn the fundamentals of creating web applications with ASP.NET Core and building .NET applications using C#, including essential concepts and skills for web development.",1,,,2,3,527,True,course-v1:Microsoft+APP-101+1T2025
course-b29c1bed-b61b-41ca-9e97-6a2398e5b8c2,b29c1bed-b61b-41ca-9e97-6a2398e5b8c2,Introduction to Microprocessors,Arm Education,Course,Course,edX,Introductory,Computer Science; Engineering,English,Current,self_paced,,https://www.edx.org/learn/computer-architecture/arm-education-introduction-to-microprocessors,"https://prod-discovery.edx-cdn.org/cdn-cgi/image/width=auto,height=auto,quality=75,format=webp/media/course/image/b29c1bed-b61b-41ca-9e97-6a2398e5b8c2-5451669be9e2.jpeg","An introduction to computer architecture, microprocessors and CPUs. Learn about the basic components of a PC, what they do, how they talk to each other and how object code gets transformed into machine code. The topics covered by this course are key to anyone interested in computer hardware engineering but also an essential foundation for software programming.",5,,,1,2,525,False,course-v1:ArmEducationX+EDARMXMP1.4x+3T2023
course-5c04aa31-189c-488e-816a-2be13ed4c128,5c04aa31-189c-488e-816a-2be13ed4c128,Soft Skills: Develop Interpersonal Skills,IBM,Course,Course,edX,Introductory,Communication; Business & Management,English,Current,self_paced,,https://www.edx.org/learn/business-communications/ibm-soft-skills-develop-interpersonal-skills,"https://prod-discovery.edx-cdn.org/cdn-cgi/image/width=auto,height=auto,quality=75,format=webp/media/course/image/5c04aa31-189c-488e-816a-2be13ed4c128-04bb026878b5.png",Learn key interpersonal skills: how to effectively communicate and interact with others while establishing your presence in a professional workspace!,1,,,3,5,525,True,course-v1:IBM+SN0113EN+2T2023
course-bd1579a6-bf37-4c30-88d4-420673217289,bd1579a6-bf37-4c30-88d4-420673217289,Introduction to Atherosclerotic Cardiovascular Disease,Stanford University,Course,Course,edX,Intermediate,Medicine,English,Current,self_paced,,https://www.edx.org/learn/disease/stanford-university-introduction-to-atherosclerotic-cardiovascular-disease,"https://prod-discovery.edx-cdn.org/cdn-cgi/image/width=auto,height=auto,quality=75,format=webp/media/course/image/bd1579a6-bf37-4c30-88d4-420673217289-e063a35b126b.png","Learn how to recognize heart disease from experts at Stanford Medicine. Explore the impact of risk factors on coronary artery disease (CAD) and how improved lifestyle changes such as eating patterns, exercise, weight loss, and smoking cessation can lower that risk.",4,,,2,3,524,True,course-v1:StanfordOnline+STANPRC01+1T2023
course-afbd2958-f9ae-4cb5-88f0-1d3dc18afc8f,afbd2958-f9ae-4cb5-88f0-1d3dc18afc8f,"Strategic Storytelling: Elevate Presentations, Pitches, and Team Meetings",Davidson College,Course,Course,edX,Introductory,Communication,English,Current,self_paced,Zoom (Video Conferencing Tool); Digital Storytelling; Presentations; Accountability; Leadership; Influencing Skills; Slack (Software); Public Speaking; Communications,https://www.edx.org/learn/storytelling/davidson-college-applied-storytelling,"https://prod-discovery.edx-cdn.org/cdn-cgi/image/width=auto,height=auto,quality=75,format=webp/media/course/image/afbd2958-f9ae-4cb5-88f0-1d3dc18afc8f-e34749437a74.png","Unlock the power of storytelling to enhance communication, boost confidence, and lead with clarity. This dynamic, self-paced course equips emerging leaders and frontline professionals with tools to connect, influence, and inspire in any workplace setting.",4,,,2,4,523,True,course-v1:DavidsonX+AppliedStory+2T2022
course-9d7084e9-a451-4f1e-a254-77824a48ccc4,9d7084e9-a451-4f1e-a254-77824a48ccc4,International Investment Law,Université catholique de Louvain,Course,Course,edX,Advanced,Law,English,Current,self_paced,Foreign Direct Investments; Negotiation; Investments; Sustainable Development; Economic Development; International Laws; Arbitration,https://www.edx.org/learn/international-law/universite-catholique-de-louvain-international-investment-law,"https://prod-discovery.edx-cdn.org/cdn-cgi/image/width=auto,height=auto,quality=75,format=webp/media/course/image/9d7084e9-a451-4f1e-a254-77824a48ccc4-6be8b52b4d99.jpeg",Learn the features and dynamics of an important field of international law that grants rights to foreign investors to foster States’ development.,10,,,6,8,523,True,course-v1:LouvainX+Louv20x+3T2017
course-9b46f7bb-a8ca-4dbd-87db-989ec2af7306,9b46f7bb-a8ca-4dbd-87db-989ec2af7306,Sustainable Building with Timber,Delft University of Technology,Course,Course,edX,Introductory,Architecture; Engineering,English,Current; Upcoming,self_paced,Green Building; Forest Management; Construction; Forestry; Built Environment; Greenhouse Gas,https://www.edx.org/learn/architecture/delft-university-of-technology-building-with-timber,"https://prod-discovery.edx-cdn.org/cdn-cgi/image/width=auto,height=auto,quality=75,format=webp/media/course/image/9b46f7bb-a8ca-4dbd-87db-989ec2af7306-f6e3b7050644.png","Innovations in architecture, engineering and manufacturing make it feasible to construct almost any building in timber, including high-rise structures. Discover how this way of building could help solve our climate, resource and housing related challenges.",7,,,4,5,523,False,course-v1:DelftX+BWIT1x+1T2023
course-b10453db-1fdb-45e1-95ea-69cb84152b98,b10453db-1fdb-45e1-95ea-69cb84152b98,BioStatistics,Doane University,Course,Course,edX,Introductory,Biology & Life Sciences; Math,English,Current,self_paced,Biostatistics; Biology; Auditing; Academic Integrity; Public Health; Apache Spark,https://www.edx.org/learn/biostatistics/doane-university-biostatistics,"https://prod-discovery.edx-cdn.org/cdn-cgi/image/width=auto,height=auto,quality=75,format=webp/media/course/image/b10453db-1fdb-45e1-95ea-69cb84152b98-9a550defd099.jpeg","This college-level Biostatistics course will teach you the skills required for success in future analytical studies in biology.
This course is eligible for Audit and Verified Certificate only.",8,,,5,10,522,False,course-v1:DoaneX+BIOL-295x+3T2018
course-5abee81a-e13e-46a5-9123-0c63280194a6,5abee81a-e13e-46a5-9123-0c63280194a6,Mathematical and Computational Methods,Georgetown University,Course,Course,edX,Advanced,Math,English,Current,instructor_paced,Network Switches; Physics; Advanced Mathematics,https://www.edx.org/learn/math/georgetown-university-mathematical-and-computational-methods,"https://prod-discovery.edx-cdn.org/cdn-cgi/image/width=auto,height=auto,quality=75,format=webp/media/course/image/5abee81a-e13e-46a5-9123-0c63280194a6-d4bce2d91aeb.jpeg","Physicists use math all of the time in nearly everything that they work on. This course will help you understand how math is interconnected and recognize that math involves a handful of simple ideas that repeat. By the end of the course, you will be able to re-derive important formulas from basic principles or know precisely where to look them up and use them.",18,,,7,10,521,True,course-v1:GeorgetownX+PHYS-155+3T2020
course-ebc77e49-de08-453f-bc83-dbc966847c4b,ebc77e49-de08-453f-bc83-dbc966847c4b,"Software, Programming, and Database Basics",IBM,Course,Course,edX,Introductory,Computer Science,English,Current,self_paced,Chatbot; Cloud Computing; Application Deployment; Emerging Technologies; Technical Support; Web Browsers; Innovation; Software Development; Analytical Thinking; Backup Devices; Programming Concepts; Business Operations; Artificial Intelligence; Information Systems; Python (Programming Language); Information Technology; Operating Systems; Data Monetization,https://www.edx.org/learn/software-development/ibm-software-programming-and-database-basics,"https://prod-discovery.edx-cdn.org/cdn-cgi/image/width=auto,height=auto,quality=75,format=webp/media/course/image/ebc77e49-de08-453f-bc83-dbc966847c4b-10d5ba258f6d.png","Build key IT support skills in software, programming , web browsers, artificial intelligence, cloud computing, and databases employers need.",5,,,3,6,519,True,course-v1:IBM+CS0151EN+3T2022
course-77bc2265-a00f-4e86-a499-77c57dd820b0,77bc2265-a00f-4e86-a499-77c57dd820b0,Introduction to Object-Oriented Programming with Java II: Object-Oriented Programming and Algorithms,The Georgia Institute of Technology,Course,Course,edX,Introductory,Computer Science,English,Current; Upcoming,self_paced,Syntax; Polymorphism; Algorithms; Object-Oriented Programming (OOP); Java (Programming Language),https://www.edx.org/learn/java/the-georgia-institute-of-technology-introduction-to-object-oriented-programming-with-java-ii-object-oriented-programming-and-algorithms,"https://prod-discovery.edx-cdn.org/cdn-cgi/image/width=auto,height=auto,quality=75,format=webp/media/course/image/77bc2265-a00f-4e86-a499-77c57dd820b0-dc5f4e6bd78f.jpeg",Learn the basics of object-oriented programming and algorithms.,6,,,5,6,519,True,course-v1:GTx+CS1331xII+2T2020
course-00169f68-ff4b-4621-a741-25ba70c98482,00169f68-ff4b-4621-a741-25ba70c98482,Analytics for Decision Making,Babson College,Course,Course,edX,Introductory,Business & Management; Data Analysis & Statistics,English,Current,self_paced,Quantitative Models Of The Action Potential; Data Science; Customer Engagement; Quantitative Modeling; Statistical Methods; Data Analysis; Management; Statistics; Statistical Thinking; Decision Making,https://www.edx.org/learn/decision-making/babson-college-analytics-for-decision-making,"https://prod-discovery.edx-cdn.org/cdn-cgi/image/width=auto,height=auto,quality=75,format=webp/media/course/image/00169f68-ff4b-4621-a741-25ba70c98482-8830883d1f86.jpg",Discover the foundational concepts that support modern data science and learn to analyze various data types and quality to make smart business decisions.,4,,,4,6,518,True,course-v1:BabsonX+BPET.STATx+1T2017
course-a22d222a-a1d8-4629-9d4f-474cafeb9442,a22d222a-a1d8-4629-9d4f-474cafeb9442,Algorithmic Design and Techniques,"The University of California, San Diego",Course,Course,edX,Intermediate,Computer Science; Math,English,Current,self_paced,Divide And Conquer; Data Structures; Algorithm Design; Dynamic Programming; Greedy Algorithm; Algorithms; Sorting,https://www.edx.org/learn/algorithms/the-university-of-california-san-diego-algorithmic-design-and-techniques,"https://prod-discovery.edx-cdn.org/cdn-cgi/image/width=auto,height=auto,quality=75,format=webp/media/course/image/a22d222a-a1d8-4629-9d4f-474cafeb9442-552031a98055.jpg","Learn how to design algorithms, solve computational problems and implement solutions efficiently.",6,,,8,10,517,True,course-v1:UCSanDiegoX+ALGS200x+2T2017
course-448cd3c7-d2db-4ad8-9185-f08557f648ce,448cd3c7-d2db-4ad8-9185-f08557f648ce,Mining and Materials for Sustainable Development Transformations,SDG Academy,Course,Course,edX,Intermediate,Energy & Earth Sciences; Social Sciences; Environmental Studies,English,Current,self_paced,Sustainable Development; Economy; International Finance; Teaching; Applied Research; Economics; Advocacy; Research; Investments; Ecosystem Science,https://www.edx.org/learn/mining/sdg-academy-mining-and-materials-for-sustainable-development-transformations,"https://prod-discovery.edx-cdn.org/cdn-cgi/image/width=auto,height=auto,quality=75,format=webp/media/course/image/448cd3c7-d2db-4ad8-9185-f08557f648ce-b6734e605e7f.png","Learn about the role of mining and materials at the heart of the transformations needed to achieve climate change objectives, a just energy transition, and the Sustainable Development Goals.",8,,,2,4,517,True,course-v1:SDGAcademyX+MMSD001+1T2024
course-e7b4ba89-e03d-4b47-87fb-b6695a1cc678,e7b4ba89-e03d-4b47-87fb-b6695a1cc678,Existential Well-being Counseling: A Person-centered Experiential Approach,KU Leuven,Course,Course,edX,Introductory,Humanities; Education & Teacher Training; Philosophy & Ethics,English,Current,self_paced,Research; Demonstration Skills; Experiential Learning; Psychology; Psychotherapy; Empathy; Spirituality,https://www.edx.org/learn/health-wellness/ku-leuven-existential-well-being-counseling-a-person-centered-experiential-approach,"https://prod-discovery.edx-cdn.org/cdn-cgi/image/width=auto,height=auto,quality=75,format=webp/media/course/image/e7b4ba89-e03d-4b47-87fb-b6695a1cc678-b52a66839d0d.jpg",Explore existential themes in your personal and professional life. Develop strengths and counseling skills to improve your well-being and the well-being of others.,12,,,6,8,516,False,course-v1:KULeuvenX+EWBCx+3T2016
course-b5499d3c-6e8a-4ece-9920-c2cbcc7c7c57,b5499d3c-6e8a-4ece-9920-c2cbcc7c7c57,HR Skills® Fundamentals,MindEdge,Course,Course,edX,Introductory,Business & Management; Communication; Humanities,English,Current,self_paced,,https://www.edx.org/learn/human-resources/mindedge-hr-skills-fundamentals-certificate,"https://prod-discovery.edx-cdn.org/cdn-cgi/image/width=auto,height=auto,quality=75,format=webp/media/course/image/b5499d3c-6e8a-4ece-9920-c2cbcc7c7c57-c6df098be335.jpeg","Learn the fundamental skills needed to succeed in human resources with our online, self-paced certificate.

Courses cover hiring, interviewing, onboarding, HR law, and training and development
Perfect for learners who want to explore a career in human resources or managers who supervise employees
No prerequisites required
Complete all courses within 12 months

Enroll today and start building your career in human resources!",2,,,1,10,515,False,course-v1:MindEdge+3+3T2023e
course-a2ae5d2b-18c8-4569-8c96-03ac1b152909,a2ae5d2b-18c8-4569-8c96-03ac1b152909,Models and Platforms for Generative AI,IBM,Course,Course,edX,Introductory,Computer Science,English,Current,self_paced,Artificial Intelligence; Deep Learning; Application Development; Transformers (Electrical),https://www.edx.org/learn/artificial-intelligence/ibm-generative-ai-models-and-platforms,"https://prod-discovery.edx-cdn.org/cdn-cgi/image/width=auto,height=auto,quality=75,format=webp/media/course/image/a2ae5d2b-18c8-4569-8c96-03ac1b152909-db495a516787.jpeg","This course focuses on the core concepts and models of generative AI, including deep learning and large language models. It covers the concept of foundation models and the capabilities of pre-trained models and platforms for AI application development.",3,,,1,3,509,True,course-v1:IBM+AI0141EN+1T2024
course-9e81e405-4ffa-4cfc-be90-e4f4d8ac2e74,9e81e405-4ffa-4cfc-be90-e4f4d8ac2e74,Technical Analysis and the Skill of Day Trading,New York Institute of Finance,Course,Course,edX,Introductory,Economics & Finance,English,Current,self_paced,Stocks (Finance); Finance; Equities; Technical Analysis; Risk Management,https://www.edx.org/learn/economics/new-york-institute-of-finance-technical-analysis-and-the-skill-of-day-trading-,"https://prod-discovery.edx-cdn.org/cdn-cgi/image/width=auto,height=auto,quality=75,format=webp/media/course/image/9e81e405-4ffa-4cfc-be90-e4f4d8ac2e74-48657b528bfc.png","Learn how to trade stocks and options using successful strategies of technical analysis and risk management, no matter how volatile and unpredictable the market can be.",4,,,2,4,509,True,course-v1:NYIF+Stpcx.2.0+3T2022
course-9602a801-f873-4c6b-b3cd-51eb9d5eb1f7,9602a801-f873-4c6b-b3cd-51eb9d5eb1f7,Physics Fundamentals: Mechanics,Universitat Politècnica de València,Course,Course,edX,Introductory,Physics,English,Current,self_paced,,https://www.edx.org/learn/physics/universitat-politecnica-de-valencia-physics-fundamentals-mechanics,"https://prod-discovery.edx-cdn.org/cdn-cgi/image/width=auto,height=auto,quality=75,format=webp/media/course/image/9602a801-f873-4c6b-b3cd-51eb9d5eb1f7-4c27965ee3b1.jpeg","We will study kinematics and point dynamics, the concepts of work and power and mechanical energy.",6,,,3,4,507,False,course-v1:UPValenciaX+FFI101.1x_EN+3T2023
course-96525c48-5fbf-4729-bccd-75cbd5995a0c,96525c48-5fbf-4729-bccd-75cbd5995a0c,Git for Distributed Software Development,The Linux Foundation,Course,Course,edX,Introductory,Computer Science,English,Current,self_paced,Linux; Disk Cloning; Open-Source Software; Workflow Management; Linux Kernel; Development Environment; Open Source Technology; Version Control; Software Development; Git (Version Control System),https://www.edx.org/learn/git/the-linux-foundation-git-for-distributed-software-development,"https://prod-discovery.edx-cdn.org/cdn-cgi/image/width=auto,height=auto,quality=75,format=webp/media/course/image/96525c48-5fbf-4729-bccd-75cbd5995a0c-6c14d18761c3.png","Get a thorough introduction to Git, the source control system that arose out of the Linux kernel community, that enables widely distributed software development to operate efficiently.",14,,,1,2,506,True,course-v1:LinuxFoundationX+LFD109x+1T2022
course-57de78a3-65c1-47fc-a12a-61e6a91be2d1,57de78a3-65c1-47fc-a12a-61e6a91be2d1,Real-World Applications of Economics,"University of California, Berkeley",Course,Course,edX,Intermediate,Economics & Finance; Data Analysis & Statistics,English,Current,self_paced,Environmental Economics; White Space Development; Python (Programming Language); Learning Platforms; Finance; Data Analysis; Data Science; Economics; Application Programming Interface (API); Statsmodels; Program Management; Marketing; Game Theory; Econometrics,https://www.edx.org/learn/economics/university-of-california-berkeley-real-world-applications-of-economics,"https://prod-discovery.edx-cdn.org/cdn-cgi/image/width=auto,height=auto,quality=75,format=webp/media/course/image/57de78a3-65c1-47fc-a12a-61e6a91be2d1-503c9f1dde7e.jpeg","Learn the basic concepts of economics through Data Science applications and Python programming. This course covers applications in inequality and development, econometrics, game theory and oligopoly, environmental economics, and finance.",5,,,5,10,506,True,course-v1:BerkeleyX+Data88.3EX+3T2024
course-275d9821-0a54-4f63-bcb0-7f849293353b,275d9821-0a54-4f63-bcb0-7f849293353b,Python for Data Engineering Project,IBM,Course,Course,edX,Intermediate,Data Analysis & Statistics,English,Current,self_paced,Operations; Data Science; Collaboration; Jupyter Notebook; Application Programming Interface (API); Watson Studio; Constructive Feedback; Jupyter; Data Collection; Data Engineering; Python (Programming Language); Web Scraping,https://www.edx.org/learn/python/ibm-python-for-data-engineering-project,"https://prod-discovery.edx-cdn.org/cdn-cgi/image/width=auto,height=auto,quality=75,format=webp/media/course/image/275d9821-0a54-4f63-bcb0-7f849293353b-4d281850fb52.png","Master essential data engineering skills in this module by collecting data using APIs and web scraping, extracting data from various file formats, and transforming it for analysis. Log data operations, share your Jupyter Notebook in Watson Studio, and engage in peer reviews.",1,,,4,5,506,True,course-v1:IBM+PY0221EN+1T2021
course-c1985091-c02c-4b29-ae03-dd44b45b1072,c1985091-c02c-4b29-ae03-dd44b45b1072,Islamic Bioethics,Hamad Bin Khalifa University,Course,Course,edX,Introductory,Ethics; Medicine; Philosophy & Ethics,English,Current,self_paced,Assisted Reproductive Technology; Bioethics; Palliative Care,https://www.edx.org/learn/ethics/hamad-bin-khalifa-university-islamic-bioethics,"https://prod-discovery.edx-cdn.org/cdn-cgi/image/width=auto,height=auto,quality=75,format=webp/media/course/image/c1985091-c02c-4b29-ae03-dd44b45b1072-361da0951db7.jpeg","This course provides an introductory, accessible but also in-depth overview of the emerging and promising field of Islamic Bioethics. It is developed and taught by one of the world’s leading scholars in Islamic Ethics, Dr. Mohammed Ghaly (Professor of Islam and Biomedical Ethics). The course explores how the rich Islamic moral tradition engages with the complex questions triggered by the cutting-edge biomedical advancements.",10,,,1,3,504,False,course-v1:HBKUx+HBKU006+1T2022
course-6db2bc23-7c72-42bc-88b2-de11bc0f806a,6db2bc23-7c72-42bc-88b2-de11bc0f806a,Teaching & Learning in the Diverse Classroom,Cornell University,Course,Course,edX,Introductory,Education & Teacher Training,English,Current,self_paced,Student-Centred Learning; Communications; Pedagogy; Student Engagement; Discussion Facilitation; Planning; Teaching; Higher Education; Innovation,https://www.edx.org/learn/education/cornell-university-teaching-learning-in-the-diverse-classroom,"https://prod-discovery.edx-cdn.org/cdn-cgi/image/width=auto,height=auto,quality=75,format=webp/media/course/image/6db2bc23-7c72-42bc-88b2-de11bc0f806a-33bd0c5b5c5a.jpg","2020 POD Network Innovation Award
Through real stories, reflection, and key research, learn how to create and sustain inclusive, student-centered learning environments.",5,,,2,4,504,False,course-v1:CornellX+TLDC101x+3T2019
course-ace3fc50-c391-4bfe-8c11-2534a06d2c2f,ace3fc50-c391-4bfe-8c11-2534a06d2c2f,Psychedelics and the Mind,"University of California, Berkeley",Course,Course,edX,Introductory,Science; Biology & Life Sciences; Social Sciences,English,Current,self_paced,Public Opinion; Program Management; Curiosity; Influencing Skills; Clinical Research; Teaching; Visionary; Learning Platforms; Marketing,https://www.edx.org/learn/science/university-of-california-berkeley-psychedelics-and-the-mind,"https://prod-discovery.edx-cdn.org/cdn-cgi/image/width=auto,height=auto,quality=75,format=webp/media/course/image/ace3fc50-c391-4bfe-8c11-2534a06d2c2f-866598767a3c.jpeg","UC Berkeley Professor David Presti skillfully navigates the science, culture, and history of psychedelics for both the novice learner and the curious expert interested in fact-based learning surrounding visionary substances.",10,,,2,3,503,False,course-v1:BerkeleyX+BCSP101x+2T2023
course-7c6cf108-a32b-4f25-911b-e5693988abe2,7c6cf108-a32b-4f25-911b-e5693988abe2,Understanding Poverty and Inequality,SDG Academy,Course,Course,edX,Intermediate,Social Sciences; Economics & Finance,English,Current,self_paced,Resilience; Economic Growth; Resource Mobilization; Economics; Sustainable Development; Policy Development,https://www.edx.org/learn/inequality/sdg-academy-understanding-poverty-and-inequality,"https://prod-discovery.edx-cdn.org/cdn-cgi/image/width=auto,height=auto,quality=75,format=webp/media/course/image/7c6cf108-a32b-4f25-911b-e5693988abe2-4bbb0429b101.jpeg","Explore the many facets and faces of poverty and inequality, and discover opportunities for individuals, countries, and a global community to help ensure that no one is left behind.",6,,,2,4,502,False,course-v1:SDGAcademyX+POV001+3T2021
course-0582ea24-0299-4b00-9254-9aa516e3913b,0582ea24-0299-4b00-9254-9aa516e3913b,Data for Effective Policy Making,Inter-American Development Bank,Course,Course,edX,Introductory,Data Analysis & Statistics,English,Current,self_paced,Research; Statistical Reporting; Data Collection; Management; Public Policies; Planning; Data Analysis,https://www.edx.org/learn/public-policy/inter-american-development-bank-data-for-effective-policy-making,"https://prod-discovery.edx-cdn.org/cdn-cgi/image/width=auto,height=auto,quality=75,format=webp/media/course/image/0582ea24-0299-4b00-9254-9aa516e3913b-394043df24ed.jpeg","This course will help you take control of data and familiarize yourself with the tools to use it in the planning, management, and evaluation of public policies.",10,,,3,4,498,True,course-v1:IDBx+IDB10.1x+3T2017
course-837da851-4644-464b-a638-28adc2ecc74f,837da851-4644-464b-a638-28adc2ecc74f,La maladie d’Alzheimer : comprendre pour mieux aider,Sorbonne Université,Course,Course,edX,Introductory,Medicine; Health & Safety,French,Current,self_paced,Presentations; Medical Practices And Procedures; Research,https://www.edx.org/learn/disease/sorbonne-universite-la-maladie-dalzheimer-comprendre-pour-aider,"https://prod-discovery.edx-cdn.org/cdn-cgi/image/width=auto,height=auto,quality=75,format=webp/media/course/image/837da851-4644-464b-a638-28adc2ecc74f-203485644068.jpeg",Ce MOOC présente de façon simple et compréhensible la maladie d’Alzheimer et les maladies apparentées. Il s’adresse à toute personne intéressée par ces maladies et aussi aux professionnels de santé intéressés.,6,,,1,2,497,False,course-v1:SorbonneX+Med004+3T2022
course-569cd1d2-30df-489a-9934-e1d2efa56f6b,569cd1d2-30df-489a-9934-e1d2efa56f6b,!إدارة الرياضات الإلكترونية – العناصر والطرق,HP,Course,Course,edX,Introductory,Computer Science; Business & Management,English,Current,self_paced,eSports Management; Innovation; eSports; Video Game Development; Marketing; Content Creation; Management,https://www.edx.org/learn/sports-business/hp-dr-lrydt-llktrwny-l-nsr-wltrq,"https://prod-discovery.edx-cdn.org/cdn-cgi/image/width=auto,height=auto,quality=75,format=webp/media/course/image/569cd1d2-30df-489a-9934-e1d2efa56f6b-d525f06388bc.jpeg",بدءًا من إدارة فرق وفعاليات الرياضات الإلكترونية وحتى التسويق وصناعة المحتوى، تعرّف على تعقيدات إدارة الرياضات الإلكترونية من خلال هذه الدورة التدريبية الشاملة من HP. احصل على شهادة معتمدة مجانًا باستخدام رمز الإحالة 6FJGJOTX7MFH5M2H.,4,,,3,5,497,True,course-v1:HP+HPGG01.ar+3T2023
course-40370a51-793d-4d39-9d5f-026bf106b52f,40370a51-793d-4d39-9d5f-026bf106b52f,Asylum and Refugee Law,Université catholique de Louvain,Course,Course,edX,Advanced,Law; Ethics,English,Current,self_paced,Decision Making; Public Order; Refugee Issues; Case Law,https://www.edx.org/learn/refugee-law/universite-catholique-de-louvain-asylum-and-refugee-law,"https://prod-discovery.edx-cdn.org/cdn-cgi/image/width=auto,height=auto,quality=75,format=webp/media/course/image/40370a51-793d-4d39-9d5f-026bf106b52f-3c5d1be8140a.png",What is asylum? What is the principle of non-refoulement? Who should be recognized and protected as a refugee? These notions are complex. Learn to understand and apply them!,14,,,6,8,497,True,course-v1:LouvainX+Louv21x_E+1T2021
course-dacbeb9f-1b39-46a3-9617-83fdf08e5118,dacbeb9f-1b39-46a3-9617-83fdf08e5118,Introduction to Psychology | 心理学概论,Tsinghua University,Course,Course,edX,Introductory,Philosophy & Ethics,Chinese,Current,self_paced,Psychology; Social Psychology,https://www.edx.org/learn/psychology/tsinghua-university-introduction-to-psychology-xin-li-xue-gai-lun,"https://prod-discovery.edx-cdn.org/cdn-cgi/image/width=auto,height=auto,quality=75,format=webp/media/course/image/dacbeb9f-1b39-46a3-9617-83fdf08e5118-909a6bec3358.jpg","Explore psychological research to understand basic theories and methods of scientific psychology with a strong focus on positive psychology. This course is based on the classic theories and latest empirical research in psychology, and provides an overview of scientific psychology from the perspective of positive psychology. Basic theories, basic methods, research fields and research hot spots",13,,,3,5,494,False,course-v1:TsinghuaX+30700313x+3T2015
course-32f174b1-5c60-4e14-a0fe-3a928b7eba12,32f174b1-5c60-4e14-a0fe-3a928b7eba12,Rise to Leadership: Become a CEO,Babson College,Course,Course,edX,Intermediate,Business & Management,English,Current,self_paced,Consulting; Leadership; Revenue Growth; Communications; Value Creation; Advising; People Management,https://www.edx.org/learn/leadership/babson-college-rise-to-leadership-become-a-ceo,"https://prod-discovery.edx-cdn.org/cdn-cgi/image/width=auto,height=auto,quality=75,format=webp/media/course/image/32f174b1-5c60-4e14-a0fe-3a928b7eba12-d2c1c9af7844.jpg",Do you have what it takes to be a CEO? This course explores the key competencies that make the best CEOs effective leaders.,4,,,4,6,494,True,course-v1:BabsonX+MOB01x+1T2018
course-3c52c96f-5e33-4435-88f4-c6ae8bf4fe1f,3c52c96f-5e33-4435-88f4-c6ae8bf4fe1f,Introduction to Environmental Science,Dartmouth College,Course,Course,edX,Introductory,Biology & Life Sciences; Energy & Earth Sciences; Environmental Studies,English,Current,self_paced,Chemical Process; Environmental Science; Natural Gas; Soil Science; Biology; Environmental Issue; Scientific Studies,https://www.edx.org/learn/environmental-science/dartmouth-college-introduction-to-environmental-science,"https://prod-discovery.edx-cdn.org/cdn-cgi/image/width=auto,height=auto,quality=75,format=webp/media/course/image/3c52c96f-5e33-4435-88f4-c6ae8bf4fe1f-000d3fce1d8e.jpg","A scientific study of the natural world and how it is influenced by people. Major topics include: food, energy, human population, biodiversity and global change.",4,,,5,6,493,False,course-v1:DartmouthX+DART.ENVS.02X+2015_T1
course-38985e4f-4f9a-4798-b773-b9ba504e9f16,38985e4f-4f9a-4798-b773-b9ba504e9f16,Mastering Musculoskeletal Medicine,KU Leuven,Course,Course,edX,Intermediate,Medicine; Science; Health & Safety,English,Current,self_paced,Clinical Reasoning; Physical Therapy; Patient Treatment; Human Musculoskeletal Systems,https://www.edx.org/learn/medicine/ku-leuven-mastering-musculoskeletal-medicine,"https://prod-discovery.edx-cdn.org/cdn-cgi/image/width=auto,height=auto,quality=75,format=webp/media/course/image/38985e4f-4f9a-4798-b773-b9ba504e9f16-4ae58cedab68.jpeg","Learn advanced clinical reasoning, treatment strategies, and nuances of musculoskeletal medicine. This course provides evidence-based insights and real-world cases to enhance your patient care skills and confidence!",5,,,2,4,493,False,course-v1:KULeuvenX+MaSKx+3T2024
course-6dd8eb19-0db8-4a2a-bdf3-a782baace070,6dd8eb19-0db8-4a2a-bdf3-a782baace070,"Fundamentals of Biomedical Imaging: Ultrasounds, X-ray, positron emission tomography (PET) and applications",École polytechnique fédérale de Lausanne,Course,Course,edX,Advanced,Engineering; Physics,English,Current,self_paced,Magnetic Resonance Imaging; Positron Emission Tomography; Medical Ultrasonography; Biology; X-Ray Computed Tomography; Physics; Life Sciences; Tomography,https://www.edx.org/learn/biomedical-imaging/ecole-polytechnique-federale-de-lausanne-fundamentals-of-biomedical-imaging-ultrasounds-x-ray-positron-emission-tomography-pet-and-applications,"https://prod-discovery.edx-cdn.org/cdn-cgi/image/width=auto,height=auto,quality=75,format=webp/media/course/image/6dd8eb19-0db8-4a2a-bdf3-a782baace070-e09611b3c5b8.jpg","Learn how principles of basic science are integrated into major biomedical imaging modalities and the different techniques used, such as X-ray computed tomography (CT), ultrasounds and positron emission tomography (PET).",7,,,4,5,492,False,course-v1:EPFLx+FndBioImgx+3T2016
course-89a3d8dd-0fbc-47d6-b8e6-958e6dfabb38,89a3d8dd-0fbc-47d6-b8e6-958e6dfabb38,Qualitative Research in Psychology,American Psychological Association,Course,Course,edX,Intermediate,Social Sciences,English,Current,self_paced,,https://www.edx.org/learn/psychology/american-psychological-association-qualitative-research-in-psychology,"https://prod-discovery.edx-cdn.org/cdn-cgi/image/width=auto,height=auto,quality=75,format=webp/media/course/image/89a3d8dd-0fbc-47d6-b8e6-958e6dfabb38-7d95a0a5d46b.jpeg","In this course you will learn about the foundations of qualitative inquiry—and how it differs from quantitative research. You will gain practice in common qualitative traditions—like phenomenology and ethnography—and some of the methods they use, such as interviewing. You will gain the competence, confidence, and “know-how” to begin planning your very own qualitative study of a topic in psychology.",8,,,2,5,491,True,course-v1:APA+QUA-RES+1T2023
course-7dd22a3b-324b-4677-92a8-b62336d50a38,7dd22a3b-324b-4677-92a8-b62336d50a38,Behavioral Neuroscience: Analyzing Anxiety and Depression,University of Alaska Fairbanks,Course,Course,edX,Intermediate,Biology & Life Sciences; Medicine; Health & Safety,English,Current,self_paced,Basic Research; Research Methodologies; Animal Models; Mental Health; Biology; Animal Observation And Monitoring; Research,https://www.edx.org/learn/neuroscience/university-of-alaska-fairbanks-behavioral-neuroscience-analyzing-anxiety-and-depression,"https://prod-discovery.edx-cdn.org/cdn-cgi/image/width=auto,height=auto,quality=75,format=webp/media/course/image/7dd22a3b-324b-4677-92a8-b62336d50a38-7029296e90d2.jpeg","In this online course, learn how to collect scientific data using behavioral tests that measure anxiety and depression in laboratory mice, and interpret and discuss the results in the context of anxiety and depression in humans and a mouse model of obsessive-compulsive disorder (OCD).",5,,,5,7,491,True,course-v1:AlaskaX+NEURO2x+2T2022
course-50a0c43a-8f59-441e-9fd4-d9658627f624,50a0c43a-8f59-441e-9fd4-d9658627f624,Modeling and Simulation of Multibody Systems - Part I,Université catholique de Louvain,Course,Course,edX,Advanced,Engineering; Physics,English,Current,self_paced,Differential Equations; Kinematics; Mortgage-Backed Securities; Morphology; Motion Control Systems; Mechanical Systems; C (Programming Language); Simulations; Python (Programming Language); Mechanics; Numerical Analysis; Suspension (Vehicle); Go (Programming Language); Linear Algebra; MATLAB; Basic Math; Computer Simulation; Animations,https://www.edx.org/learn/mechanics/universite-catholique-de-louvain-modeling-and-simulation-of-multibody-systems-part-i,"https://prod-discovery.edx-cdn.org/cdn-cgi/image/width=auto,height=auto,quality=75,format=webp/media/course/image/50a0c43a-8f59-441e-9fd4-d9658627f624-d285aff40d31.jpeg","Vehicles, bicycles, cranes, human body and robots are multibody systems. Learn how to model them and compute their kinematic and dynamic characteristics, such as velocities, accelerations and forces.",14,,,10,11,491,True,course-v1:LouvainX+Louv25.1x+3T2021
course-261191da-df4a-480e-b51e-574c1311df9a,261191da-df4a-480e-b51e-574c1311df9a,Database Basics and Security,IBM,Course,Course,edX,Introductory,Computer Science,English,Current,self_paced,Local Area Networks; Security Systems; Research; Vulnerability; User Profile; Information Privacy; Data Security; Open Systems Interconnection; Network Security; SQL Injection; TCP/IP; Access Controls; Auditing; MongoDB; Database Security; SQL (Programming Language); Management; Encryption; Relational Databases; Computer Networks; Network Routing; Cyber Security; Operating Systems; Tokenization,https://www.edx.org/learn/network-security/ibm-database-basics-and-security,"https://prod-discovery.edx-cdn.org/cdn-cgi/image/width=auto,height=auto,quality=75,format=webp/media/course/image/261191da-df4a-480e-b51e-574c1311df9a-b4888be99211.jpeg","This course is intended to help you prepare for a career in database security. 
Learn to secure data, manage roles and permissions, and handle injection vulnerabilities to protect databases from costly breaches and gain in-demand cybersecurity skills.",4,,,3,4,491,True,course-v1:IBM+Cybfun.4.0+1T2021
course-37bff1b3-f595-4030-8fd8-38cc8b283e27,37bff1b3-f595-4030-8fd8-38cc8b283e27,Field Operations and Administrative Tools in Construction Management,"The University of Maryland, College Park",Course,Course,edX,Intermediate,Engineering; Business & Management; Philosophy & Ethics,English,Current,self_paced,Construction; Construction Management; Planning; Construction Law; Operations; Arbitration; Dispute Resolution; Communications; Project Controls; Scheduling; Mediation,https://www.edx.org/learn/construction/the-university-of-maryland-college-park-field-operations-and-administrative-tools-in-construction-management,"https://prod-discovery.edx-cdn.org/cdn-cgi/image/width=auto,height=auto,quality=75,format=webp/media/course/image/37bff1b3-f595-4030-8fd8-38cc8b283e27-6b376b1b79d1.jpeg","Learn the Construction Management tools needed to manage the people and the project, including estimating and scheduling. These tools combined with methods of control will ensure effective feedback and create a powerful system for delivery on-schedule and under budget.",4,,,2,3,490,True,course-v1:USMx+CMAN-3+1T2022
course-1cf3d411-6963-42bd-8488-35c36665950d,1cf3d411-6963-42bd-8488-35c36665950d,VITARA - Audit,The International Monetary Fund,Course,Course,edX,Intermediate,Economics & Finance,English,Current,self_paced,,https://www.edx.org/learn/finance/the-international-monetary-fund-vitara-audit,"https://prod-discovery.edx-cdn.org/cdn-cgi/image/width=auto,height=auto,quality=75,format=webp/media/course/image/1cf3d411-6963-42bd-8488-35c36665950d-5939a222582d.png","This module provides a solid understanding of audit as a key tool available to a tax administration to promote and enforce compliance. The module explains international good practices in designing and managing an effective audit program including the necessary legal powers, audit-related organization, and governance arrangements as well as the staff expertise and resources needed for audit as well as auditor performance evaluation.",1,,,3,6,488,False,course-v1:IMFx+AUDx+2T2024
course-215f9db9-9591-49e6-a227-8bf293ba4b7b,215f9db9-9591-49e6-a227-8bf293ba4b7b,Open Source Software Development: Linux for Developers,The Linux Foundation,Course,Course,edX,Introductory,Computer Science,English,Current,self_paced,Integration; Supercomputing; Command-Line Interface; Linux; Operating Systems; User Accounts; File Systems; Open Source Technology; Git (Version Control System); Diversity Management; Space Stations; Open-Source Software; Open Source Development,https://www.edx.org/learn/linux/the-linux-foundation-open-source-software-development-linux-for-developers,"https://prod-discovery.edx-cdn.org/cdn-cgi/image/width=auto,height=auto,quality=75,format=webp/media/course/image/215f9db9-9591-49e6-a227-8bf293ba4b7b-77ad75375cc6.png",Start your open source software (OSS) adventure today by learning the key concepts of developing open source software and how to work productively in a Linux environment.,14,,,1,2,485,True,course-v1:LinuxFoundationX+LFD107x+1T2022
course-8516464d-1f5f-4e7d-b70d-629180cd267e,8516464d-1f5f-4e7d-b70d-629180cd267e,Data Engineering with Databricks,Pragmatic AI Labs,Course,Course,edX,Introductory,Computer Science,English,Current,self_paced,,https://www.edx.org/learn/computer-science/pragmatic-ai-labs-data-engineering-with-databricks,"https://prod-discovery.edx-cdn.org/cdn-cgi/image/width=auto,height=auto,quality=75,format=webp/media/course/image/8516464d-1f5f-4e7d-b70d-629180cd267e-3117e9bfca1e.png","Become an expert in modern data engineering on Databricks' unified lakehouse platform. Master ETL pipelines, data transformations with Apache Spark, and Delta Lake for reliable data management.",3,,,3,6,484,True,course-v1:AI+llmops4x+1T2024
course-c71d1cd9-71ac-4549-8305-23c49edb1ed8,c71d1cd9-71ac-4549-8305-23c49edb1ed8,Introduction to Post-Quantum Cryptography,University of Maryland Baltimore County,Course,Course,edX,Introductory,Computer Science; Math,English,Current,self_paced,Algorithms; Quantum Computing; Cyber Security; Problem Solving; Research; Quantum Cryptography; Encryption,https://www.edx.org/learn/computer-science/university-system-of-maryland-introduction-to-post-quantum-cryptography,"https://prod-discovery.edx-cdn.org/cdn-cgi/image/width=auto,height=auto,quality=75,format=webp/media/course/image/c71d1cd9-71ac-4549-8305-23c49edb1ed8-a0fa5f217708.jpeg","This six-week online course on Post-Quantum Cryptography (PQC) offers an active, immersive introduction to the emerging field of quantum-safe encryption. Designed for beginning STEM learners, the course blends foundational theory with real-world problem-solving through lectures and hands-on labs, preparing students to engage in cybersecurity challenges in the era of quantum computing.",6,,,5,10,483,False,course-v1:USMx+IS4551+3T2025
course-d9772fdc-491f-4520-bb9a-48eec46442a9,d9772fdc-491f-4520-bb9a-48eec46442a9,Fundamentals of Psychology,Doane University,Course,Course,edX,Introductory,Social Sciences,English,Current,self_paced,Psychology; Psychopathology; Cognitive Processing; Scientific Methods; Auditing,https://www.edx.org/learn/psychology/doane-university-fundamentals-of-psychology,"https://prod-discovery.edx-cdn.org/cdn-cgi/image/width=auto,height=auto,quality=75,format=webp/media/course/image/d9772fdc-491f-4520-bb9a-48eec46442a9-b1a0200b5a96.jpeg","A basic introduction of psychology and the processes and methods used within the field.
This course is eligible for Audit and Verified Certificate only.",8,,,5,10,482,False,course-v1:DoaneX+PSYC-117x+3T2020
course-e861e0e8-d467-4852-81a3-d1b655636777,e861e0e8-d467-4852-81a3-d1b655636777,Digital Design,Harvey Mudd College,Course,Course,edX,Introductory,Engineering; Computer Science; Electronics,English,Current,self_paced,Experimentation; Semiconductors; Digital Systems; Computer Architecture; Digital Design,https://www.edx.org/learn/design/harvey-mudd-college-digital-design,"https://prod-discovery.edx-cdn.org/cdn-cgi/image/width=auto,height=auto,quality=75,format=webp/media/course/image/e861e0e8-d467-4852-81a3-d1b655636777-33de72337c99.jpeg","This first course in Digital Design will take you from Zero to One - from no previous experience, to being able to design amazing digital systems. This is the first step on the path to computer engineering.",10,,,7,12,480,False,course-v1:HarveyMuddX+ENGR85A+2T2020
course-e6fd007e-0bff-4138-8789-01ee2cfbeb66,e6fd007e-0bff-4138-8789-01ee2cfbeb66,Solar Energy: Photovoltaic (PV) Systems,Delft University of Technology,Course,Course,edX,Advanced,Engineering; Physics; Electronics,English,Current,self_paced,Photovoltaic Systems; Public Key Certificates; Energy Conversion; Physics; Solar Cells; Planning,https://www.edx.org/learn/solar-energy/delft-university-of-technology-solar-energy-photovoltaic-pv-systems,"https://prod-discovery.edx-cdn.org/cdn-cgi/image/width=auto,height=auto,quality=75,format=webp/media/course/image/e6fd007e-0bff-4138-8789-01ee2cfbeb66-d36f6aa2a2b7.jpg",Explore the wide range of solar energy applications and learn to design a real PV installation with excellent performance and reliability.,11,,,10,11,478,True,course-v1:DelftX+PV3x+3T2017
course-8ab53c78-aaff-42b6-b135-ea8d082409d8,8ab53c78-aaff-42b6-b135-ea8d082409d8,"Secure Software Development: Requirements, Design, and Reuse",The Linux Foundation,Course,Course,edX,Introductory,Computer Science,English,Current,self_paced,Software Development; Linux; Supply Chain; Design Elements And Principles; DevOps; Security Requirements Analysis; Open-Source Software; Risk Management; Open Source Technology; Vulnerability; Design Software; Software Engineering,https://www.edx.org/learn/software-development/the-linux-foundation-secure-software-development-requirements-design-and-reuse,"https://prod-discovery.edx-cdn.org/cdn-cgi/image/width=auto,height=auto,quality=75,format=webp/media/course/image/8ab53c78-aaff-42b6-b135-ea8d082409d8-98e8331e33cb.png","Learn the security basics that allow you to develop software that is hardened against attacks, and understand how you can reduce the damage and speed the response when a vulnerability is exploited.",7,,,1,2,477,True,course-v1:LinuxFoundationX+LFD104x+3T2020
course-e628c243-9901-4538-94bc-284d7b737748,e628c243-9901-4538-94bc-284d7b737748,Monetary and Financial Statistics,The International Monetary Fund,Course,Course,edX,Introductory,Economics & Finance; Data Analysis & Statistics,English,Current,self_paced,,https://www.edx.org/learn/economics-finance/the-international-monetary-fund-monetary-and-financial-statistics,"https://prod-discovery.edx-cdn.org/cdn-cgi/image/width=auto,height=auto,quality=75,format=webp/media/course/image/e628c243-9901-4538-94bc-284d7b737748-cda707dc030d.png","This course, presented by the Statistics Department of the International Monetary Fund (IMF), provides participants with an introduction to the compilation of monetary statistics covering the central bank (CB), other depository corporations (ODCs) and other financial corporations (OFCs) in accordance with international statistical standards.",5,,,4,5,475,False,course-v1:IMFx+MFSx+1T2025
course-aaf55a03-04f1-40f9-bb56-e92a9d66f2df,aaf55a03-04f1-40f9-bb56-e92a9d66f2df,Sustainability in Architecture: An Interdisciplinary Introduction,Universitat Politècnica de València,Course,Course,edX,Intermediate,Architecture,English,Current,self_paced,Sustainable Business; Conceptual Model; Infrastructure,https://www.edx.org/learn/architecture/universitat-politecnica-de-valencia-sustainability-in-architecture-an-interdisciplinary-introduction,"https://prod-discovery.edx-cdn.org/cdn-cgi/image/width=auto,height=auto,quality=75,format=webp/media/course/image/aaf55a03-04f1-40f9-bb56-e92a9d66f2df-a5dd7be83bfc.jpg",This course introduces the basic elements and trends that define sustainability practices in Architecture today. It follows an interdisciplinary approach that includes performance assessment and urban policies.,4,,,3,4,474,True,course-v1:UPValenciaX+ISA201x+1T2018
course-6e00b0f3-30d2-4905-b986-38c6964b19e7,6e00b0f3-30d2-4905-b986-38c6964b19e7,Autism and Mental Health,Curtin University,Course,Course,edX,Introductory,Health & Safety; Education & Teacher Training,English,Current,self_paced,Autism Spectrum Disorders; Research; Communications; Advocacy; Mental Health,https://www.edx.org/learn/mental-health/curtin-university-autism-and-mental-health,"https://prod-discovery.edx-cdn.org/cdn-cgi/image/width=auto,height=auto,quality=75,format=webp/media/course/image/6e00b0f3-30d2-4905-b986-38c6964b19e7-6fc4d7284d69.png","Learn to promote your own good mental health, celebrate individuality, strengths, and skills associated with autism, and recognise when you may need extra support. This course provides autistic people and those around them with the knowledge and skills to navigate the relationship between autism and positive mental health outcomes.",4,,,1,3,473,False,course-v1:CurtinX+AUT2x+2T2023
course-b779ada8-5a68-45ba-abc8-12d3793cc417,b779ada8-5a68-45ba-abc8-12d3793cc417,Upper-Intermediate English: Business and Technology,Universitat Politècnica de València,Course,Course,edX,Intermediate,Language,English,Current,self_paced,Reading Comprehension; Grammar; Listening Skills; English Language; Vocabulary,https://www.edx.org/learn/english/universitat-politecnica-de-valencia-upper-intermediate-english-business-and-technology,"https://prod-discovery.edx-cdn.org/cdn-cgi/image/width=auto,height=auto,quality=75,format=webp/media/course/image/b779ada8-5a68-45ba-abc8-12d3793cc417-fc5817bb73a5.jpg",Take your English language skills to the next level.We will discuss technological innovations as you enhance your English vocabulary and grammar and learn how to write a business plan.,5,,,3,5,471,True,course-v1:UPValenciaX+HIENGLISH201.4x+3T2018
course-0f87652c-efda-4b39-b045-5c5e5a7b6138,0f87652c-efda-4b39-b045-5c5e5a7b6138,Balance of Payments and International Investment Position Statistics,The International Monetary Fund,Course,Course,edX,Intermediate,Economics & Finance,English,Current,self_paced,Direct Investments; Foreign Direct Investments; Integration; Accounting,https://www.edx.org/learn/international-business/the-international-monetary-fund-balance-of-payments-and-international-investment-position-statistics,"https://prod-discovery.edx-cdn.org/cdn-cgi/image/width=auto,height=auto,quality=75,format=webp/media/course/image/0f87652c-efda-4b39-b045-5c5e5a7b6138-aa12a5b8372c.jpeg",Learn the fundamentals needed to compile the international accounts.,8,,,4,5,471,False,course-v1:IMFx+BOP-IIPx+2T2021
course-f965ddd1-0c10-4ef1-9743-930ac88261db,f965ddd1-0c10-4ef1-9743-930ac88261db,Contemporary Issues in World Politics,Università degli Studi di Napoli Federico II,Course,Course,edX,Introductory,Social Sciences,English,Current,self_paced,Political Sciences; Joint Ventures; International Relations,https://www.edx.org/learn/politics/universita-degli-studi-di-napoli-federico-ii-contemporary-issues-in-world-politics,"https://prod-discovery.edx-cdn.org/cdn-cgi/image/width=auto,height=auto,quality=75,format=webp/media/course/image/f965ddd1-0c10-4ef1-9743-930ac88261db-855f2c8604ba.jpg",Explore major issues in world politics and learn how recent developments have challenged world order and peace.,7,,,4,6,470,True,course-v1:FedericaX+Fed.X15+1T2018
course-e616bddb-06c5-4376-aa28-23d721a8d81c,e616bddb-06c5-4376-aa28-23d721a8d81c,MLOps for Scaling TinyML,Harvard University,Course,Course,edX,Advanced,Computer Science,English,Current,self_paced,Mathematical Optimization; Data Science; Machine Learning; Infrastructure; Product Lifecycle; Operations; Benchmarking; Automation; Smartphone Operation,https://www.edx.org/learn/tinyml/harvard-university-mlops-for-scaling-tinyml,"https://prod-discovery.edx-cdn.org/cdn-cgi/image/width=auto,height=auto,quality=75,format=webp/media/course/image/e616bddb-06c5-4376-aa28-23d721a8d81c-4cc9b1da14d2.png","This course introduces learners to Machine Learning Operations (MLOps) through the lens of TinyML (Tiny Machine Learning). Learners explore best practices to deploy, monitor, and maintain (tiny) Machine Learning models in production at scale.",7,,,2,4,470,True,course-v1:HarvardX+TinyML4+1T2022
course-31bfcc3d-7a8a-47f8-868e-f16c5d1f0ac0,31bfcc3d-7a8a-47f8-868e-f16c5d1f0ac0,A strategic approach to talent management,Stellenbosch University,Course,Course,edX,Intermediate,Business & Management,English,Current,self_paced,Human Resource Strategy; Psychology; Industrial And Organizational Psychology; Talent Management,https://www.edx.org/learn/human-resources/stellenbosch-university-a-strategic-approach-to-talent-management,"https://prod-discovery.edx-cdn.org/cdn-cgi/image/width=auto,height=auto,quality=75,format=webp/media/course/image/31bfcc3d-7a8a-47f8-868e-f16c5d1f0ac0-229bf7db38a8.jpeg","This course will facilitate learners' understanding of how to adopt a strategic approach to talent management. Led by Dr Shayne Roux, an experienced and recognized HR industry practitioner and Stellenbosch University lecturer, this engaging, self-paced course will explore a strategic approach to talent management, including learning and development as a means to enhance the knowledge, practical skills and professional experiences of individuals and teams in the workplace.",2,,,5,8,470,True,course-v1:StellenboschX+Talent.1+2T2022
course-edc0b58d-019c-4d94-aed2-1c55d6cfb070,edc0b58d-019c-4d94-aed2-1c55d6cfb070,Wargaming and Strategy,King's College London,Course,Course,edX,Introductory,Social Sciences; Computer Science; History,English,Current,self_paced,Strategic Analysis; Cyber Threat Intelligence; Strategic Thinking; Planning; Decision Making; Research,https://www.edx.org/learn/social-science/kings-college-london-wargaming-and-strategy,"https://prod-discovery.edx-cdn.org/cdn-cgi/image/width=auto,height=auto,quality=75,format=webp/media/course/image/edc0b58d-019c-4d94-aed2-1c55d6cfb070-5f43f23f6396.png",Learn how wargaming can illuminate strategic thinking and help shape decision-making in today's uncertain geopolitical landscape.,3,,,1,3,469,True,course-v1:KingsCollegeLondon+SSPP_GS_x3+1T2025
course-7b9801d0-f61b-4cb6-b402-5f0d44ab2f13,7b9801d0-f61b-4cb6-b402-5f0d44ab2f13,International Humanitarian Law,Université catholique de Louvain,Course,Course,edX,Advanced,Law; Humanities,English,Current,self_paced,Counter-Terrorism; International Laws,https://www.edx.org/learn/international-law/universite-catholique-de-louvain-international-humanitarian-law,"https://prod-discovery.edx-cdn.org/cdn-cgi/image/width=auto,height=auto,quality=75,format=webp/media/course/image/7b9801d0-f61b-4cb6-b402-5f0d44ab2f13-b92d76d0bff5.jpg","Learn how international law regulates armed conflicts, protects individuals in wartime, and guarantees minimum compliance.",12,,,4,12,467,True,course-v1:LouvainX+Louv16x+1T2017
course-048f02af-a31e-45a4-9c55-5851acd1f6c2,048f02af-a31e-45a4-9c55-5851acd1f6c2,Essentials of Leading Strategic Projects,"University of Oxford; Saïd Business School, University of Oxford",Course,Course,edX,Introductory,Business & Management,English,Current,self_paced,Innovation; Adaptability; Project Risk Management; Leadership,https://www.edx.org/learn/business-management/university-of-oxford-essentials-of-leading-strategic-projects,"https://prod-discovery.edx-cdn.org/cdn-cgi/image/width=auto,height=auto,quality=75,format=webp/media/course/image/048f02af-a31e-45a4-9c55-5851acd1f6c2-5dcc0255c316.jpeg","Enhance your project leadership in VUCA environments, turning project risks into strategic opportunities and leading initiatives with confidence and agility.",4,,,2,4,464,False,course-v1:OxfordX+OXFLSP01+2T2025
course-cefc890d-8fba-4b33-8e51-421806c7ad47,cefc890d-8fba-4b33-8e51-421806c7ad47,UX Design,HEC Montréal,Course,Course,edX,Intermediate,Design; Business & Management; Computer Science,English,Current,self_paced,Creativity; Problem Solving; User Experience Design (UX); Ideation; Design Thinking; Experience Design; Innovation; User Experience; User Interface Design; User-Centered Design,https://www.edx.org/learn/ux-design/hec-montreal-ux-design,"https://prod-discovery.edx-cdn.org/cdn-cgi/image/width=auto,height=auto,quality=75,format=webp/media/course/image/cefc890d-8fba-4b33-8e51-421806c7ad47-5ced5528b9ef.jpeg","Master Design Thinking and UX Design through user-centred design to deliver innovative user experiences. Learn divergent ideation methods to bring creativity to problem-solving, and convergent ideation methods to innovate within your business context.",6,,,6,9,463,True,course-v1:HECMontrealX+UXe03x.1+1T2021
course-71a89d87-eb3e-4e17-9e85-ef5f8e0e943a,71a89d87-eb3e-4e17-9e85-ef5f8e0e943a,Artificial Intelligence in Government,"The University of Maryland, College Park",Course,Course,edX,Introductory,Engineering; Business & Management,English,Current,self_paced,Natural Language Processing; Decision Making; Algorithms; Operations; Facial Recognition; Governance; Artificial Intelligence; Applications Of Artificial Intelligence; Leadership; Innovation; Procurement; Automation; Machine Learning,https://www.edx.org/learn/engineering/university-system-of-maryland-artificial-intelligence-in-government,"https://prod-discovery.edx-cdn.org/cdn-cgi/image/width=auto,height=auto,quality=75,format=webp/media/course/image/71a89d87-eb3e-4e17-9e85-ef5f8e0e943a-4fcbdcaa6701.png","Discover how artificial intelligence can transform efficiency, transparency, and service by learning to apply the right AI tools to real-world challenges.",4,,,2,3,461,True,course-v1:USMx+AIGOV01+1T2025
course-09b72711-8d25-44b4-bcba-6f0d54218079,09b72711-8d25-44b4-bcba-6f0d54218079,Design Thinking Fundamentals,Rochester Institute of Technology,Course,Course,edX,Intermediate,Business & Management; Engineering; Design,English,Current,self_paced,Innovation; Design Thinking,https://www.edx.org/learn/design-thinking/rochester-institute-of-technology-design-thinking-fundamentals,"https://prod-discovery.edx-cdn.org/cdn-cgi/image/width=auto,height=auto,quality=75,format=webp/media/course/image/09b72711-8d25-44b4-bcba-6f0d54218079-5ae8c7e22e92.jpg",Learn how a user-centered approach and design thinking principles inspire innovative ideas to create desirable solutions.,6,,,8,12,461,True,course-v1:RITx+THINK501x+1T2018
course-fcd27aa6-9bec-4a83-8639-f5f57f58c70b,fcd27aa6-9bec-4a83-8639-f5f57f58c70b,"First Nights - Stravinsky’s Rite of Spring: Modernism, Ballet, and Riots",Harvard University,Course,Course,edX,Introductory,Humanities; Art & Culture; History,English,Current,self_paced,Choreography,https://www.edx.org/learn/music-arts/harvard-university-first-nights-stravinskys-rite-of-spring-modernism-ballet-and-riots,"https://prod-discovery.edx-cdn.org/cdn-cgi/image/width=auto,height=auto,quality=75,format=webp/media/course/image/fcd27aa6-9bec-4a83-8639-f5f57f58c70b-1d89f26dfa2b.jpg","Learn the fascinating history of Igor Stravinsky’s The Rite of Spring , one of the most challenging and rewarding ballets ever written.",3,,,3,5,460,True,course-v1:HarvardX+MUS24.5x+1T2016
course-3e68e2bb-4fd6-440e-8018-775255b22616,3e68e2bb-4fd6-440e-8018-775255b22616,Microsoft Azure Fundamentals: Describe Cloud concepts,Microsoft,Course,Course,edX,Introductory,Computer Science,English,Current,self_paced,Cloud Services; Scalability; Governance; Platform as a Service (PaaS); Management; Software as a Service (SaaS); Capital Expenditure; Infrastructure As A Service (IaaS); Microsoft Azure; Cloud Computing; IT Service Management,https://www.edx.org/learn/computer-science/microsoft-microsoft-azure-fundamentals-describe-cloud-concepts,"https://prod-discovery.edx-cdn.org/cdn-cgi/image/width=auto,height=auto,quality=75,format=webp/media/course/image/3e68e2bb-4fd6-440e-8018-775255b22616-2f2f7fc9ff0c.jpeg","This course covers Microsoft Azure Fundamentals, specifically focusing on cloud concepts. Learners will explore the fundamentals of cloud computing, including definitions, models (public, private, hybrid), service types (IaaS, PaaS, SaaS), and the shared responsibility model. You'll also learn about cloud benefits like scalability, reliability, cost predictability, and manageability.",1,,,1,2,460,True,course-v1:Microsoft+AZFCC+1T2025
course-a9e789ec-e5f7-4e15-bdec-1d62ef98cb35,a9e789ec-e5f7-4e15-bdec-1d62ef98cb35,"Circular Fashion: Design, Science and Value in a Sustainable Clothing Industry",Wageningen University & Research,Course,Course,edX,Introductory,Art & Culture; Design; Social Sciences,English,Current,self_paced,Sustainability Initiatives; Business Process Modeling; Ecosystem Science; Innovation; Business Modeling; Textiles; Fashion Design,https://www.edx.org/learn/fashion/wageningen-university-research-circular-fashion-design-science-and-value-in-a-sustainable-clothing-industry,"https://prod-discovery.edx-cdn.org/cdn-cgi/image/width=auto,height=auto,quality=75,format=webp/media/course/image/a9e789ec-e5f7-4e15-bdec-1d62ef98cb35-537d7b2a6eb4.jpeg","The fundamentals of circular fashion unraveled, learn about circularity in all steps of the fashion value chain. From new textile materials and circular design all the way to business modelling.",5,,,8,12,459,False,course-v1:WageningenX+FASH01x+1T2020
course-96b60bc7-4919-457c-b3a3-3605dab4f811,96b60bc7-4919-457c-b3a3-3605dab4f811,Nutrition and Health: Food Safety,Wageningen University & Research,Course,Course,edX,Introductory,Food & Nutrition; Health & Safety; Biology & Life Sciences,English,Current,self_paced,Managing Intoxication; Foodborne Illness; Food Safety And Sanitation,https://www.edx.org/learn/nutrition/wageningen-university-research-nutrition-and-health-food-safety,"https://prod-discovery.edx-cdn.org/cdn-cgi/image/width=auto,height=auto,quality=75,format=webp/media/course/image/96b60bc7-4919-457c-b3a3-3605dab4f811-04555913dc81.jpg","Learn about bacteria, pesticides and health hazards present in food. This online course is offered as a MOOC which means that you can study at your own pace, at your own time and anywhere you want.",8,,,6,8,459,False,course-v1:WageningenX+NUTR103+2T2016
course-68afb065-927e-450e-8ec0-8eb8cf13b785,68afb065-927e-450e-8ec0-8eb8cf13b785,Linux Tools for Software Development,The Linux Foundation,Course,Course,edX,Introductory,Computer Science,English,Current,self_paced,Linux; Command-Line Interface; Software Development; File Systems; Bash (Scripting Language); Open Source Development; Compilers; Operating Systems,https://www.edx.org/learn/linux/the-linux-foundation-linux-tools-for-software-development,"https://prod-discovery.edx-cdn.org/cdn-cgi/image/width=auto,height=auto,quality=75,format=webp/media/course/image/68afb065-927e-450e-8ec0-8eb8cf13b785-efb992c14a35.png",Learn the tools you need to confidently work in Linux development environments and beyond.,14,,,1,2,459,True,course-v1:LinuxFoundationX+LFD108x+1T2022
course-46148a63-e8c0-432e-91d6-c4adbb712175,46148a63-e8c0-432e-91d6-c4adbb712175,Introduction to Conflict Management,Université catholique de Louvain,Course,Course,edX,Intermediate,Business & Management; Social Sciences,English,Current,self_paced,,https://www.edx.org/learn/conflict-resolution/universite-catholique-de-louvain-introduction-to-conflict-management,"https://prod-discovery.edx-cdn.org/cdn-cgi/image/width=auto,height=auto,quality=75,format=webp/media/course/image/46148a63-e8c0-432e-91d6-c4adbb712175-612686a33876.jpeg","Learn the fundamentals about the psychological aspects of conflicts, get acquainted to conflict management strategies and identify your own conflict style.",8,,,4,6,459,True,course-v1:LouvainX+Louv33x+1T2023
course-a645fbab-5570-440d-a21e-4c69d16ea706,a645fbab-5570-440d-a21e-4c69d16ea706,Intercultural Communications in the Workplace,The London School of Economics and Political Science,Course,Course,edX,Intermediate,Business & Management; Language; Humanities,English,Current,self_paced,,https://www.edx.org/learn/business-communications/the-london-school-of-economics-and-political-science-intercultural-communications-in-the-workplace,"https://prod-discovery.edx-cdn.org/cdn-cgi/image/width=auto,height=auto,quality=75,format=webp/media/course/image/a645fbab-5570-440d-a21e-4c69d16ea706-eccf4bf89c5f.jpeg","Throughout this comprehensive course, participants will delve into the intricacies of cross-cultural interactions, examining how cultural differences impact negotiation strategies, communication styles, and relationship-building.",10,,,2,3,458,False,course-v1:LSE+LSEINT002+3T2023
course-37681467-8cc2-49ee-9656-cb6943fe3859,37681467-8cc2-49ee-9656-cb6943fe3859,Effective Communication for Program and Project Stakeholders and Teams,"The University of Maryland, College Park",Course,Course,edX,Introductory,Business & Management; Engineering,English,Current,self_paced,Agile Project Management; Project Management Body Of Knowledge (PMBOK) Methodology; Project Management Institute (PMI) Methodology; Program Management; Communications; Scrum (Software Development); Project Communications; Certified Associate In Project Management; Leadership; Project Management Professional Certification; Project Management; Project Stakeholders,https://www.edx.org/learn/business-communications/the-university-of-maryland-college-park-effective-communication-for-program-and-project-stakeholders-and-teams,"https://prod-discovery.edx-cdn.org/cdn-cgi/image/width=auto,height=auto,quality=75,format=webp/media/course/image/37681467-8cc2-49ee-9656-cb6943fe3859-dd5a78dd281c.jpeg","Go beyond the communication methods you learned in the project management training. Learn how to structure your program and project communications for the most effective understanding by your stakeholders, project managers, and project teams.",5,,,3,5,456,True,course-v1:USMx+PMCOMM01+2T2020
course-b0490e8d-ddc0-4af1-b9d5-90cc6c7414a4,b0490e8d-ddc0-4af1-b9d5-90cc6c7414a4,Lean Six Sigma: Green Belt Sustainability Project,Technical University of Munich,Course,Course,edX,Intermediate,Business & Management; Data Analysis & Statistics,English,Current,self_paced,Cleanliness; Lean Six Sigma Certification; Lean Six Sigma Yellow Belt; Customer Satisfaction; Urban Sustainability; Six Sigma Methodology; Six Sigma Green Belt Certification; Business Process; Lean Six Sigma Green Belt; Blended Learning; Operational Excellence; Define Measure Analyze Improve And Control (DMAIC); Project Sponsorship; Lean Six Sigma; Customer Service,https://www.edx.org/learn/business-administration/technische-universitat-munchen-lean-six-sigma-green-belt-sustainability-project,"https://prod-discovery.edx-cdn.org/cdn-cgi/image/width=auto,height=auto,quality=75,format=webp/media/course/image/b0490e8d-ddc0-4af1-b9d5-90cc6c7414a4-c3ee41b91d29.jpeg","Implement a Lean Six Sigma improvement project along with the DMAIC phases, from its identification to the evaluation of its result, to earn the TUM Lean Six Sigma Green Belt certification.",20,,,4,5,454,True,course-v1:TUMx+QPLS4x+1T2020
course-3b490285-4eed-4f5f-b746-2e65c8ad60fb,3b490285-4eed-4f5f-b746-2e65c8ad60fb,PredictionX: John Snow and the Cholera Epidemic of 1854,Harvard University,Course,Course,edX,Introductory,History; Health & Safety,English,Current,self_paced,Epidemiology; JavaScript (Programming Language); Infectious Diseases; ArcGIS (GIS Software); Public Health,https://www.edx.org/learn/history/harvard-university-predictionx-john-snow-and-the-cholera-epidemic-of-1854,"https://prod-discovery.edx-cdn.org/cdn-cgi/image/width=auto,height=auto,quality=75,format=webp/media/course/image/3b490285-4eed-4f5f-b746-2e65c8ad60fb-13fca000d221.jpg",An in-depth look at the 1854 London cholera epidemic in Soho and its importance for the field of epidemiology.,1,,,,,453,True,course-v1:HarvardX+SOC1.jsx+2016
course-a2753795-125d-4466-9365-3b085de0be4b,a2753795-125d-4466-9365-3b085de0be4b,System Design for Supply Chain Management and Logistics,Chalmers University of Technology,Course,Course,edX,Introductory,Business & Management; Economics & Finance,English,Current,self_paced,Emergency Departments; Return On Investment; Supply Chain Operations Reference Model; Supply Chain Strategy; Supply Chain; Planning; Restaurant Operation; Forecasting; Warehousing; Triple Bottom Line (TBL); Management; Supply Chain Management; Systems Design,https://www.edx.org/learn/supply-chain-management/chalmers-university-of-technology-system-design-for-supply-chain-management-and-logistics,"https://prod-discovery.edx-cdn.org/cdn-cgi/image/width=auto,height=auto,quality=75,format=webp/media/course/image/a2753795-125d-4466-9365-3b085de0be4b-06d087108398.jpg","Learn how leading supply chains are designed, what makes them competitive and how to use the SCOR model for analysis to increase your business’s ROI.",8,,,4,5,452,True,course-v1:ChalmersX+ChM005x+3T2016
course-140f179b-b3c1-43b0-b5d9-6c0067e30e99,140f179b-b3c1-43b0-b5d9-6c0067e30e99,Specialization in Shallow Geothermal Energy: Skills Development and Training Across the EU,Universitat Politècnica de València,Course,Course,edX,Intermediate,Energy & Earth Sciences,English,Current,self_paced,Energy Market,https://www.edx.org/learn/energy-earth-sciences/universitat-politecnica-de-valencia-specialization-in-shallow-geothermal-energy-skills-development-and-training-across-the-eu,"https://prod-discovery.edx-cdn.org/cdn-cgi/image/width=auto,height=auto,quality=75,format=webp/media/course/image/140f179b-b3c1-43b0-b5d9-6c0067e30e99-ec502c060333.jpeg",Get ahead in the fast-growing world of renewable energy! This interactive course on ground source heat pumps gives you the skills you need to stand out in Europe’s energy market. Learn at your own pace and become part of the geothermal energy revolution.,6,,,4,5,452,False,course-v1:UPValenciaX+GEOBOOST201x+3T2025
course-8c63dec3-9ae3-4c11-8073-c9af84f08bc4,8c63dec3-9ae3-4c11-8073-c9af84f08bc4,Networking and Storage Essentials,IBM,Course,Course,edX,Introductory,Computer Science,English,Current,self_paced,Command-Line Interface; Storage Devices; Communications; Planning; Topology; Thermal Management; Wireless Security; Wireless Networks; PCI Express; Computer Networks; Object Storage; Network Storage; Troubleshooting (Problem Solving); Small Office/Home Office Network,https://www.edx.org/learn/computer-networking/ibm-networking-and-storage-essentials,"https://prod-discovery.edx-cdn.org/cdn-cgi/image/width=auto,height=auto,quality=75,format=webp/media/course/image/8c63dec3-9ae3-4c11-8073-c9af84f08bc4-6f0a0949c8fa.png","Build the job-ready skills employers need to diagnose, repair and maintain computer networks and storage.",5,,,2,3,451,True,course-v1:IBM+CSO211EN+1T2023
course-614f4e33-e6c8-4380-86c0-ec0ab69530ff,614f4e33-e6c8-4380-86c0-ec0ab69530ff,Mathematical Optimization for Engineers,RWTH Aachen University,Course,Course,edX,Intermediate,Engineering,English,Current,self_paced,Algorithms; Mathematical Optimization; Image Processing; Robotics; Optimal Control; Machine Learning; Basic Math; Python (Programming Language); Operations Research,https://www.edx.org/learn/math/rwth-aachen-university-mathematical-optimization-for-engineers,"https://prod-discovery.edx-cdn.org/cdn-cgi/image/width=auto,height=auto,quality=75,format=webp/media/course/image/614f4e33-e6c8-4380-86c0-ec0ab69530ff-f8aaf4ccd6e1.png",Learn the mathematical and computational basics for applying optimization successfully. Master the different formulations and the important concepts behind their solution methods. Learn to implement and solve optimization problems in Python through the practical exercises.,8,,,6,8,451,False,course-v1:RWTHx+ANOx+3T2021
course-bc1b41be-16e3-4b3c-8194-be0596255f74,bc1b41be-16e3-4b3c-8194-be0596255f74,Project Delivery Methods and Contracts in Construction Management,"The University of Maryland, College Park",Course,Course,edX,Intermediate,Engineering; Business & Management; Philosophy & Ethics,English,Current,self_paced,Project Cycle Management; Project Risk Management; Investigation; Construction Management; Construction,https://www.edx.org/learn/construction/the-university-of-maryland-college-park-project-delivery-methods-and-contracts-in-construction-management,"https://prod-discovery.edx-cdn.org/cdn-cgi/image/width=auto,height=auto,quality=75,format=webp/media/course/image/bc1b41be-16e3-4b3c-8194-be0596255f74-1df07cfa1fe1.jpeg","Learn how to deliver across the lifecycle from first concept to occupancy, including the role of the Construction Management professional during the design process and review of the different project delivery methods.",4,,,2,3,450,True,course-v1:USMx+CMAN-2+3T2021
course-7f4026ba-287a-462b-87c1-c65b79f6630c,7f4026ba-287a-462b-87c1-c65b79f6630c,Changing Behaviour for Sustainable Development,SDG Academy,Course,Course,edX,Introductory,Social Sciences; Humanities; Communication,English,Current,self_paced,Systems Thinking; Behavioral Science; Sustainable Development,https://www.edx.org/learn/human-behavior/sdg-academy-changing-behaviour-for-sustainable-development,"https://prod-discovery.edx-cdn.org/cdn-cgi/image/width=auto,height=auto,quality=75,format=webp/media/course/image/7f4026ba-287a-462b-87c1-c65b79f6630c-d95753d87a16.jpeg","Human behaviour is at the heart of the SDGs, and many of the challenges faced by society today. We need to harness behavioural insights, to understand human behaviour, what drives it and what can change it. Learn about how behavioural science can be applied to the solutions you are seeking to create.",7,,,2,4,449,False,course-v1:SDGAcademyX+001+2T2022b
course-61edae95-3737-485f-b7e8-bb84d2f3ecbe,61edae95-3737-485f-b7e8-bb84d2f3ecbe,Linear Algebra II: Matrix Algebra,The Georgia Institute of Technology,Course,Course,edX,Intermediate,Math,English,Current; Upcoming,self_paced,Operations; Linear Equations; Linear Algebra; Matrix Algebra; Economics; Algorithms; Basic Math,https://www.edx.org/learn/linear-algebra/the-georgia-institute-of-technology-linear-algebra-ii-matrix-algebra,"https://prod-discovery.edx-cdn.org/cdn-cgi/image/width=auto,height=auto,quality=75,format=webp/media/course/image/61edae95-3737-485f-b7e8-bb84d2f3ecbe-cbc25e81aec7.jpeg","This course takes you through roughly three weeks of MATH 1554, Linear Algebra, as taught in the School of Mathematics at The Georgia Institute of Technology.",3,,,5,6,449,True,course-v1:GTx+LINALGxII+2T2020
course-d4c7cc7d-aa4a-4e74-849c-d17417e0a649,d4c7cc7d-aa4a-4e74-849c-d17417e0a649,Introduction to Management Information Systems (MIS): A Survival Guide,Universidad Carlos III de Madrid,Course,Course,edX,Intermediate,Computer Science; Business & Management; Engineering,English,Current,self_paced,Microsoft Dynamics; Financial Systems; Invoicing; Infrastructure; Customer Relationship Management; Information Systems; Enterprise Resource Planning; Procurement; Big Data; Management Information Systems; Business Process; Influencing Skills,https://www.edx.org/learn/information-systems/universidad-carlos-iii-de-madrid-introduction-to-management-information-systems-mis-a-survival-guide,"https://prod-discovery.edx-cdn.org/cdn-cgi/image/width=auto,height=auto,quality=75,format=webp/media/course/image/d4c7cc7d-aa4a-4e74-849c-d17417e0a649-fa9c75a8bc1f.jpg",Gain the skills and knowledge needed to succeed in an MIS-dominated corporate world.,6,,,3,4,448,False,course-v1:UC3Mx+IM.1x+1T2016
course-5eb67fe0-277c-415d-b23d-2b5a1ae30203,5eb67fe0-277c-415d-b23d-2b5a1ae30203,Sustainable Soil Management: Soil for life,Wageningen University & Research,Course,Course,edX,Introductory,Environmental Studies; Physics; Science,English,Current,self_paced,Soil Management; Environmental Studies; Soil Science; Agrochemicals; Erosions,https://www.edx.org/learn/soil/wageningen-university-research-sustainable-soil-management-soil-for-life,"https://prod-discovery.edx-cdn.org/cdn-cgi/image/width=auto,height=auto,quality=75,format=webp/media/course/image/5eb67fe0-277c-415d-b23d-2b5a1ae30203-8e820ff0d532.jpg","Soil is the earth’s fragile skin that anchors all life. We depend on soil to build our homes and cities, to grow crops for food and raise livestock, to support transportation and enable recreation. Yet we disregard this crucial and precious resource that lies right under our feet. Learn why soil is so important, how it's being threatened and what we can do to protect this natural resource so vital to our lives.",7,,,8,10,448,True,course-v1:WageningenX+Soilx+1T2016
course-0848399d-acca-4695-b272-bfcacaa8ee18,0848399d-acca-4695-b272-bfcacaa8ee18,Finding your voice as a playwright,University of Cambridge,Course,Course,edX,Intermediate,Communication; Humanities; Art & Culture,English,Current,self_paced,Creativity,https://www.edx.org/learn/creative-writing/university-of-cambridge-finding-your-voice-as-a-playwright,"https://prod-discovery.edx-cdn.org/cdn-cgi/image/width=auto,height=auto,quality=75,format=webp/media/course/image/0848399d-acca-4695-b272-bfcacaa8ee18-f771f91ca0ce.jpeg","Learn to deepen your creative practice as a playwright, as well as develop professionally transferable writing skills and communication expertise. This course will broaden your understanding of how to start a career successfully as a professional dramatist, as well as offer you insights in how to maximise and enjoy the processes of your personal creativity.",4,,,8,10,448,True,course-v1:UniversityofCambridge+2021edx001+3T2020
course-dad58c2c-6335-4d9c-ad02-22d604855bfc,dad58c2c-6335-4d9c-ad02-22d604855bfc,Java Programming Fundamentals,Universidad Galileo,Course,Course,edX,Intermediate,Engineering; Computer Science,English,Current,self_paced,Conditional Statements; Object-Oriented Programming (OOP); Algorithms; Java (Programming Language); Object Oriented Programming And Systems,https://www.edx.org/learn/java/universidad-galileo-java-programming-fundamentals,"https://prod-discovery.edx-cdn.org/cdn-cgi/image/width=auto,height=auto,quality=75,format=webp/media/course/image/dad58c2c-6335-4d9c-ad02-22d604855bfc-36487349ee17.jpeg","Your career as a program developer starts here. Gain entry-level programing skills in Java language, and prepare yourself to handle any task that is required in any programming job.",5,,,8,10,446,False,course-v1:GalileoX+Progra001+1T2020
course-8b38cf01-e5fb-4e07-8d1e-eedcb37ae558,8b38cf01-e5fb-4e07-8d1e-eedcb37ae558,"Data Structures & Algorithms III: AVL and 2-4 Trees, Divide and Conquer Algorithms",The Georgia Institute of Technology,Course,Course,edX,Intermediate,Computer Science,English,Current; Upcoming,self_paced,Algorithms; Data Structures; Sorting Algorithm; Time Complexity; Java Object Oriented Querying; Operations; Sorting; Nodes (Networking); Java (Programming Language); Balancing (Ledger/Billing),https://www.edx.org/learn/data-structures/the-georgia-institute-of-technology-data-structures-algorithms-iii-avl-and-2-4-trees-divide-and-conquer-algorithms,"https://prod-discovery.edx-cdn.org/cdn-cgi/image/width=auto,height=auto,quality=75,format=webp/media/course/image/8b38cf01-e5fb-4e07-8d1e-eedcb37ae558-c7d51e17f6b0.jpeg","Learn more complex tree data structures, AVL and (2-4) trees. Investigate the balancing techniques found in both tree types. Implement these techniques in AVL operations. Explore sorting algorithms with simple iterative sorts, followed by Divide and Conquer algorithms. Use the course visualizations to understand the performance.",5,,,9,10,446,True,course-v1:GTx+CS1332xIII+2T2020
course-c8f35755-28c4-4836-b4bf-07f0ac891307,c8f35755-28c4-4836-b4bf-07f0ac891307,Introduction à l'Analyse du Cycle de Vie - de la pensée à la pratique,École polytechnique fédérale de Lausanne,Course,Course,edX,Introductory,Engineering; Environmental Studies,French,Current,self_paced,Life-Cycle Assessment; Resource Consumption Accounting,https://www.edx.org/learn/environmental-engineering/ecole-polytechnique-federale-de-lausanne-introduction-a-l-analyse-du-cycle-de-vie-de-la-pensee-a-la-pratique,"https://prod-discovery.edx-cdn.org/cdn-cgi/image/width=auto,height=auto,quality=75,format=webp/media/course/image/c8f35755-28c4-4836-b4bf-07f0ac891307-18687aecaa03.jpeg",MOOC introduction à la pensée du cycle de vie et aux concepts théoriques pour réaliser et critiquer une analyse du cycle de vie,7,,,4,8,445,False,course-v1:EPFLx+CycleVie1x+2T2018
course-b078396d-4d89-45e0-9e03-13b308538f63,b078396d-4d89-45e0-9e03-13b308538f63,Achieving Product-Market Fit,"The University of Maryland, College Park",Course,Course,edX,Introductory,Business & Management; Computer Science; Design,English,Current,self_paced,Market Requirements Documents; User Experience; Value Propositions,https://www.edx.org/learn/marketing/the-university-of-maryland-college-park-achieving-product-market-fit,"https://prod-discovery.edx-cdn.org/cdn-cgi/image/width=auto,height=auto,quality=75,format=webp/media/course/image/b078396d-4d89-45e0-9e03-13b308538f63-f068c8842ab9.png","Learn how to truly know your target customer, your customer’s underserved needs, your value proposition, your product feature set, and your user experience, then integrate this knowledge into product and market requirements and positioning plans",4,,,2,3,445,True,course-v1:USMx+ENES608.2+2T2020
course-5f7241da-90ec-4017-8d41-08632b37f23a,5f7241da-90ec-4017-8d41-08632b37f23a,Wiskunde voor (startende) studenten,KU Leuven,Course,Course,edX,Introductory,Math; Engineering,Dutch,Current,self_paced,Basic Math,https://www.edx.org/learn/math/ku-leuven-wiskunde-voor-startende-studenten,"https://prod-discovery.edx-cdn.org/cdn-cgi/image/width=auto,height=auto,quality=75,format=webp/media/course/image/5f7241da-90ec-4017-8d41-08632b37f23a-0ae285455bc3.jpg",Fris je wiskundige kennis weer helemaal op,6,,,3,4,445,False,course-v1:KULeuvenX+WISSx+1T2018
course-2c584b8a-6bb5-4ae9-9fdb-b0deb3baeadc,2c584b8a-6bb5-4ae9-9fdb-b0deb3baeadc,Teaching Neurodiverse Students,TEFL Org,Course,Course,edX,Intermediate,Education & Teacher Training,English,Current,self_paced,Universal Design For Learning; Dyslexia; Assistive Technology; Teaching; Autism Spectrum Disorders; Classroom Management; Audio Signal Processing,https://www.edx.org/learn/education-teacher-training/tefl-org-teaching-neurodiverse-students,"https://prod-discovery.edx-cdn.org/cdn-cgi/image/width=auto,height=auto,quality=75,format=webp/media/course/image/2c584b8a-6bb5-4ae9-9fdb-b0deb3baeadc-f81be11cbdaa.png","This course offers an in-depth look at neurodiversity, focusing on how individuals with conditions like ADHD, dyslexia, autism, and processing disorders learn and engage. Participants will explore strategies for creating inclusive classrooms, practical teaching techniques based on Universal Design for Learning (UDL), and the use of assistive technology. By the end, they will be equipped to design flexible, supportive environments that promote success for all students.",6,,,10,20,445,False,course-v1:TEFLx+TNSx+1T2025
course-9bb81b20-d642-414c-9ddf-d098a971605f,9bb81b20-d642-414c-9ddf-d098a971605f,Making a Difference Ⅱ: High Stakes,Tel Aviv University,Course,Course,edX,Introductory,Ethics; Economics & Finance; Health & Safety,English,Current,instructor_paced,,https://www.edx.org/learn/ethics/tel-aviv-university-making-a-difference-ii-high-stakes,"https://prod-discovery.edx-cdn.org/cdn-cgi/image/width=auto,height=auto,quality=75,format=webp/media/course/image/9bb81b20-d642-414c-9ddf-d098a971605f-e7fc887045b9.png","Learn how you can make a difference at a global scale by focusing relentlessly on the largest risks and harms, prioritizing ambitiously, and leveraging your unique set of skills.",5,,,2,4,444,True,course-v1:TAUx+MaD102+2T2024
course-8c589ca5-d90b-4ebd-a8e7-ad7967c561de,8c589ca5-d90b-4ebd-a8e7-ad7967c561de,Effective Management and Communication,Kelley Executive Education Programs,Course,Course,edX,Introductory,Business & Management,English,Current,self_paced,Communications; People Management; Management,https://www.edx.org/learn/management/indiana-university-effective-management-and-communication,"https://prod-discovery.edx-cdn.org/cdn-cgi/image/width=auto,height=auto,quality=75,format=webp/media/course/image/8c589ca5-d90b-4ebd-a8e7-ad7967c561de-5095d8dd1e63.png","Management effectiveness is not found in some abstract theories but in how you handle the real world, day-to-day, moments that face every manager.",4,,,2,3,444,True,course-v1:IUx+BUSM-E102+1T2022
course-7e2be72d-1853-49d5-8f19-4e62e857625a,7e2be72d-1853-49d5-8f19-4e62e857625a,Django Application Development with SQL and Databases,IBM,Course,Course,edX,Intermediate,Computer Science,English,Current,self_paced,Application Development; Object-Relational Mapping; SQL (Programming Language); Full Stack Development; Bootstrap (Front-End Framework); Web Application Frameworks; Django (Web Framework); Front End (Software Engineering); Object-Oriented Programming (OOP); Templates,https://www.edx.org/learn/django/ibm-django-application-development-with-sql-and-databases,"https://prod-discovery.edx-cdn.org/cdn-cgi/image/width=auto,height=auto,quality=75,format=webp/media/course/image/7e2be72d-1853-49d5-8f19-4e62e857625a-248943186fec.jpeg","This course introduces you to the basics of SQL, Django and Bootstrap. You will gain hands-on practical experience developing and deploying a full-stack Django web application on the cloud.",2,,,6,8,444,True,course-v1:IBM+DB0211EN+1T2022
course-0406ba0d-fdb1-4b52-ba0d-406c7c3678f3,0406ba0d-fdb1-4b52-ba0d-406c7c3678f3,The Return of China,Harvard University,Course,Course,edX,Introductory,Humanities; History,English,Current,self_paced,,https://www.edx.org/learn/humanities/harvard-university-the-return-of-china,"https://prod-discovery.edx-cdn.org/cdn-cgi/image/width=auto,height=auto,quality=75,format=webp/media/course/image/0406ba0d-fdb1-4b52-ba0d-406c7c3678f3-052c0082db6e.png","Led by Harvard Instructors and historians, you will discover China’s return to power through political, social, and economic growth in relation to other countries.",6,,,5,6,444,False,course-v1:HarvardX+China+1T2024
course-d514bd2d-2d10-41da-a069-2eb1490f39ef,d514bd2d-2d10-41da-a069-2eb1490f39ef,Relational Database Basics,IBM,Course,Course,edX,Introductory,Data Analysis & Statistics,English,Current,self_paced,Relational Database Design; Relational Databases; PostgreSQL; Relational Database Management Systems; IBM DB2; MySQL; SQL (Programming Language),https://www.edx.org/learn/relational-databases/ibm-relational-database-basics,"https://prod-discovery.edx-cdn.org/cdn-cgi/image/width=auto,height=auto,quality=75,format=webp/media/course/image/d514bd2d-2d10-41da-a069-2eb1490f39ef-e91a68f46799.png","This course teaches you the fundamental concepts of relational databases and Relational Database Management Systems (RDBMS) such as MySQL, PostgreSQL, and IBM Db2.",4,,,2,3,443,True,course-v1:IBM+DB0101EN+1T2021
course-7c6f7c8f-9c5d-4943-a140-6f26d096fa78,7c6f7c8f-9c5d-4943-a140-6f26d096fa78,Climate Action: Solutions for a Changing Planet,SDG Academy,Course,Course,edX,Intermediate,Environmental Studies; Social Sciences; Science,English,Current,self_paced,Negotiation; Systems Analysis; Corporate Sustainability; Sustainable Development,https://www.edx.org/learn/climate-change/sdg-academy-climate-action-solutions-for-a-changing-planet,"https://prod-discovery.edx-cdn.org/cdn-cgi/image/width=auto,height=auto,quality=75,format=webp/media/course/image/7c6f7c8f-9c5d-4943-a140-6f26d096fa78-c77920a825d0.png",How do we turn commitments to reducing the effects of climate change into action?,10,,,2,4,442,False,course-v1:SDGAcademyX+CA001+1T2019
course-863ad8e2-fb3f-47d6-b93e-21f8ce7b8dc2,863ad8e2-fb3f-47d6-b93e-21f8ce7b8dc2,How We See the World: Visual Function and Eye Health,The Hong Kong Polytechnic University,Course,Course,edX,Introductory,Biology & Life Sciences; Health & Safety; Science,English,Current,instructor_paced,Optometry; Ophthalmology; Eyes; Animations,https://www.edx.org/learn/human-biology/the-hong-kong-polytechnic-university-how-we-see-the-world-visual-function-and-eye-health,"https://prod-discovery.edx-cdn.org/cdn-cgi/image/width=auto,height=auto,quality=75,format=webp/media/course/image/863ad8e2-fb3f-47d6-b93e-21f8ce7b8dc2-493a42957c92.jpeg",Develop your understanding of vision and discover how visual functions relate to your daily life. Learn and apply techniques to help you take better care of your eyes.,6,,,1,2,441,False,course-v1:HKPolyUx+OPT101x+3T2020
course-92c8cda2-5a20-4de5-9732-e05b2f7ce1e0,92c8cda2-5a20-4de5-9732-e05b2f7ce1e0,AI for Teacher Assistance,The Georgia Institute of Technology,Course,Course,edX,Introductory,Education & Teacher Training,English,Current; Upcoming,self_paced,,https://www.edx.org/learn/artificial-intelligence/the-georgia-institute-of-technology-ai-for-teacher-assistance,"https://prod-discovery.edx-cdn.org/cdn-cgi/image/width=auto,height=auto,quality=75,format=webp/media/course/image/92c8cda2-5a20-4de5-9732-e05b2f7ce1e0-21e0d3cdf4ee.jpeg","Learn how artificial intelligence can be an assistant not only to students, but also to teachers.",4,,,3,4,440,True,course-v1:GTx+AI4E103x+1T2024
course-354ac53b-bb0c-48dc-867f-d07874e2bb6f,354ac53b-bb0c-48dc-867f-d07874e2bb6f,Advanced Cardiac Imaging: Cardiac Computed Tomography (CT),The University of Hong Kong,Course,Course,edX,Introductory,Medicine; Science,English,Current,self_paced,Magnetic Resonance Imaging; Radiology; Cardiac Imaging; Cardiology; Diagnostic Radiology; Consolidated Media Reports; Life Sciences; X-Ray Computed Tomography; Educational Materials; Coronary Catheterization,https://www.edx.org/learn/medicine/university-of-hong-kong-advanced-cardiac-imaging-cardiac-computed-tomography-ct,"https://prod-discovery.edx-cdn.org/cdn-cgi/image/width=auto,height=auto,quality=75,format=webp/media/course/image/354ac53b-bb0c-48dc-867f-d07874e2bb6f-d5057f385e03.jpeg","First-ever cardiac CT MOOC! Learn essential knowledge for cardiac CT through short videos, downloadable cases &amp; forums. Available in multiple languages and provides material to meet level 1 requirements in Cardiac CT.
这是第一个关于心脏CT的MOOC! 通过播放短视频，下载病例和线上学术研讨会学习心脏CT的解剖学，图像采集技术和分析并报告图像的能力。该课程提供多种语言，并提供满足心脏CT一级要求的材料。",4,,,2,3,440,True,course-v1:HKUx+CTx+2T2020
course-d47ddc85-0bf0-41d9-94ff-4fde53a95d1a,d47ddc85-0bf0-41d9-94ff-4fde53a95d1a,Deep Learning Fundamentals with Keras,IBM,Course,Course,edX,Intermediate,Data Analysis & Statistics; Computer Science; Engineering,English,Current,self_paced,Deep Learning; Keras (Neural Network Library); Artificial Neural Networks; Data Science; Artificial Intelligence,https://www.edx.org/learn/deep-learning/ibm-deep-learning-fundamentals-with-keras,"https://prod-discovery.edx-cdn.org/cdn-cgi/image/width=auto,height=auto,quality=75,format=webp/media/course/image/d47ddc85-0bf0-41d9-94ff-4fde53a95d1a-d7b491c99677.jpg","New to deep learning? Start with this course, that will not only introduce you to the field of deep learning but give you the opportunity to build your first deep learning model using thepopular Keras library.",5,,,2,4,438,True,course-v1:IBM+DL0101EN+3T2018
course-c691e209-5204-43ed-881d-03143562ead9,c691e209-5204-43ed-881d-03143562ead9,Master Control in Supply Chain Management and Logistics,Chalmers University of Technology,Course,Course,edX,Introductory,Business & Management; Economics & Finance,English,Current,self_paced,Restaurant Operation; Operations; Warehousing; Management; Procurement; Demand Forecasting; Logistics; Emergency Departments; Supply Chain Management; Supply Chain,https://www.edx.org/learn/supply-chain-management/chalmers-university-of-technology-master-control-in-supply-chain-management-and-logistics,"https://prod-discovery.edx-cdn.org/cdn-cgi/image/width=auto,height=auto,quality=75,format=webp/media/course/image/c691e209-5204-43ed-881d-03143562ead9-6d4507426a65.jpg",Boost your logistics skills in this hands-on course on how to master and control your supply chain to enhance your organisation’s productivity.,8,,,4,5,438,True,course-v1:ChalmersX+ChM006x+1T2017
course-06a816fe-5a12-424c-84e3-d5c8f1a93641,06a816fe-5a12-424c-84e3-d5c8f1a93641,"Programmation et Politiques Financières, Première Partie: Analyse des Comptes Macroéconomiques",The International Monetary Fund,Course,Course,edX,Intermediate,Economics & Finance,English,Current,self_paced,Economic Policy; Capacity Development; Financial Policy; Forecasting; Economics,https://www.edx.org/learn/economics/the-international-monetary-fund-programmation-et-politiques-financieres-premiere-2,"https://prod-discovery.edx-cdn.org/cdn-cgi/image/width=auto,height=auto,quality=75,format=webp/media/course/image/06a816fe-5a12-424c-84e3-d5c8f1a93641-3d056ed6b855.jpg","Un cours sur les comptes macroéconomiques, leurs interrelations, et l’analyse des événements économiques.",6,,,5,6,438,False,course-v1:IMFx+FPP.1x_fr+2015T2
course-f83286c3-7121-462e-8815-341cfd657f70,f83286c3-7121-462e-8815-341cfd657f70,Francés Introductorio,Universidades Anáhuac,Course,Course,edX,Introductory,Language,Spanish,Current,self_paced,Writing; Teaching; Restaurant Operation; Spanish Language; Latin; Pronunciation; Vocabulary; Grammar; French Language; Communications,https://www.edx.org/learn/french/universidades-anahuac-frances-introductorio,"https://prod-discovery.edx-cdn.org/cdn-cgi/image/width=auto,height=auto,quality=75,format=webp/media/course/image/f83286c3-7121-462e-8815-341cfd657f70-b2d31eaf91df.jpeg","Aprende los fundamentos del idioma francés para tener las bases y comunicarte efectivamente de forma oral y escrita; abordando gramática, vocabulario y conjugación.",5,,,5,8,436,False,course-v1:AnahuacX+UAMY.MO.7x+3T2022
course-c244fe51-62ed-4167-ab9b-c3fdb65d4fb0,c244fe51-62ed-4167-ab9b-c3fdb65d4fb0,Introduction to Developmental Psychology,The University of Queensland,Course,Course,edX,Introductory,Humanities; Biology & Life Sciences; Social Sciences,English,Current,self_paced,Curiosity; Psychology; Biology; Developmental Psychology; Communications,https://www.edx.org/learn/human-psychology/the-university-of-queensland-introduction-to-developmental-psychology,"https://prod-discovery.edx-cdn.org/cdn-cgi/image/width=auto,height=auto,quality=75,format=webp/media/course/image/c244fe51-62ed-4167-ab9b-c3fdb65d4fb0-31c8b62033a9.jpg","Learn how we develop over our lifetime, including our ability to think, communicate, and form social attachments.",8,,,1,2,435,True,course-v1:UQx+PSYC1030.2x+4T2016
course-1912322d-e7e9-434a-818a-f08312c75c3f,1912322d-e7e9-434a-818a-f08312c75c3f,Mastering Generative AI for Data Analytics,IBM,Course,Course,edX,Intermediate,Data Analysis & Statistics,English,Current,self_paced,,https://www.edx.org/learn/data-analysis-statistics/ibm-generative-ai-enhance-your-data-analytics-career,"https://prod-discovery.edx-cdn.org/cdn-cgi/image/width=auto,height=auto,quality=75,format=webp/media/course/image/1912322d-e7e9-434a-818a-f08312c75c3f-f73f9299c380.jpeg","Unlock Generative AI data analytics skills: prompting, visualization, storytelling, and querying. Explore concepts, industry uses, and ethics. Designed for analysts with Python &amp; AI basics, complete a shareable project and earn an industry certificate.",3,,,5,6,435,True,course-v1:IBM+AI0272EN+1T2025
course-8a171358-cba1-4784-ab37-fc72fe5bdfba,8a171358-cba1-4784-ab37-fc72fe5bdfba,"Sustainability Fundamentals: Concepts, Policy, and Navigating Transitions",The London School of Economics and Political Science,Course,Course,edX,Introductory,Business & Management,English,Current,self_paced,Political Sciences; Influencing Skills; Economics; Sustainability Initiatives; Research,https://www.edx.org/learn/business-management/the-london-school-of-economics-and-political-science-sustainability-fundamentals-concepts-policy-and-navigating-transitions,"https://prod-discovery.edx-cdn.org/cdn-cgi/image/width=auto,height=auto,quality=75,format=webp/media/course/image/8a171358-cba1-4784-ab37-fc72fe5bdfba-f0a653663ca6.jpeg","Explore the complex and often contested nature of sustainability by learning about key concepts, policy frameworks, and the political dynamics that shape transitions toward a more sustainable future for all.",4,,,2,4,434,False,course-v1:LSE+LSESSB01+2T2025
course-98f208d7-920b-4d55-9fa7-37c3cd8dbc81,98f208d7-920b-4d55-9fa7-37c3cd8dbc81,Teaching and Learning in the Era of AI,University of Alaska Fairbanks,Course,Course,edX,Introductory,Education & Teacher Training; Philosophy & Ethics; Data Analysis & Statistics,English,Current,self_paced,Teaching; Educational Technologies; Artificial Intelligence,https://www.edx.org/learn/education-teacher-training/university-of-alaska-fairbanks-teaching-and-learning-in-the-era-of-ai,"https://prod-discovery.edx-cdn.org/cdn-cgi/image/width=auto,height=auto,quality=75,format=webp/media/course/image/98f208d7-920b-4d55-9fa7-37c3cd8dbc81-2b698f9a462a.jpeg",Learn to ethically and practically integrate AI in education.,3,,,2,3,433,False,course-v1:AlaskaX+AI01x+2T2024
course-2102f79d-9a44-41e9-9d92-884bec46dc65,2102f79d-9a44-41e9-9d92-884bec46dc65,Probability and Statistics in Data Science using Python,"The University of California, San Diego",Course,Course,edX,Advanced,Data Analysis & Statistics; Math; Computer Science,English,Current,self_paced,Random Variables; Python (Programming Language); Probability And Statistics; Data Science; Jupyter,https://www.edx.org/learn/statistics/the-university-of-california-san-diego-probability-and-statistics-in-data-science-using-python,"https://prod-discovery.edx-cdn.org/cdn-cgi/image/width=auto,height=auto,quality=75,format=webp/media/course/image/2102f79d-9a44-41e9-9d92-884bec46dc65-c659c737cb7c.jpg","Using Python, learn statistical and probabilistic approaches to understand and gain insights from data.",10,,,10,12,433,True,course-v1:UCSanDiegoX+DSE210x+3T2017
course-12259701-6fb7-425c-b6e6-0be895d86268,12259701-6fb7-425c-b6e6-0be895d86268,Elevating Businesses and Careers with Generative AI,IBM,Course,Course,edX,Introductory,Computer Science,English,Current,self_paced,Influencing Skills; Artificial Intelligence,https://www.edx.org/learn/artificial-intelligence/ibm-elevating-businesses-and-careers-with-generative-ai,"https://prod-discovery.edx-cdn.org/cdn-cgi/image/width=auto,height=auto,quality=75,format=webp/media/course/image/12259701-6fb7-425c-b6e6-0be895d86268-e919b21e8837.jpeg","In this course, you will discover the transformative impact of generative AI on existing businesses and opportunities for new businesses. Further, you will explore the career opportunities in generative AI and enhancements to your career prospects.",3,,,1,3,433,True,course-v1:IBM+AI0161EN+1T2024
course-03e4cbd7-1cba-4f00-81a9-4e133f91a71c,03e4cbd7-1cba-4f00-81a9-4e133f91a71c,Introducción a Ciencias de Datos y Estadística Básica para Negocios,Tecnológico de Monterrey,Course,Course,edX,Advanced,Data Analysis & Statistics,Spanish,Current,self_paced,Decision Making; Big Data; Probability Distribution; Data Science; Statistical Methods; Statistics,https://www.edx.org/learn/statistics/tecnologico-de-monterrey-introduccion-a-ciencias-de-datos-y-estadistica-basica-para-negocios,"https://prod-discovery.edx-cdn.org/cdn-cgi/image/width=auto,height=auto,quality=75,format=webp/media/course/image/03e4cbd7-1cba-4f00-81a9-4e133f91a71c-32afbf5581c5.jpeg","En este curso adquirirás los métodos estadísticos para la toma de decisiones en los negocios, así como herramientas tecnológicas para desarrollar habilidades cuantitativas.
Áreas como el “big data” requieren un conocimiento muy claro de la estadística; en las áreas de negocios, la tecnología pone a nuestro alcance diversas aplicaciones que requieren una sólida formación en estadística para su correcto uso e interpretación.",4,,,5,8,433,True,course-v1:TecdeMonterreyX+HC_CDE.1x+2T2020
course-ce1b8540-80da-492a-8c3a-20cc459d549c,ce1b8540-80da-492a-8c3a-20cc459d549c,"Building ETL and Data Pipelines with Bash, Airflow and Kafka",IBM,Course,Course,edX,Introductory,Computer Science,English,Current,self_paced,Business Intelligence; SQL (Programming Language); Shell Script; Python (Programming Language); Staging Area; Scripting; Workflows; Apache Airflow; Apache Kafka; Data Pipeline; Workflow Management; Extract Transform Load (ETL); Bash (Scripting Language); Data Warehousing; Relational Databases,https://www.edx.org/learn/data-engineering/ibm-building-etl-and-data-pipelines-with-bash-airflow-and-kafka,"https://prod-discovery.edx-cdn.org/cdn-cgi/image/width=auto,height=auto,quality=75,format=webp/media/course/image/ce1b8540-80da-492a-8c3a-20cc459d549c-ff681e895bf0.jpeg","This course provides you with practical skills to build and manage data pipelines and Extract, Transform, Load (ETL) processes using shell/python scripts, Airflow and Kafka.",5,,,2,4,432,True,course-v1:IBM+DB0250EN+3T2021
course-8904f537-7914-4cd4-aa63-552a5db3a7b1,8904f537-7914-4cd4-aa63-552a5db3a7b1,"Introduction to Semiconductors, PN Junctions and Bipolar Junction Transistors",The Hong Kong University of Science and Technology,Course,Course,edX,Intermediate,Electronics,English,Current,self_paced,Transistor; Light-Emitting Diode; Optics; Physics; Solar Cells; Animations; Semiconductor Device; Semiconductors; Electronic Circuits,https://www.edx.org/learn/semiconductors/the-hong-kong-university-of-science-and-technology-introduction-to-semiconductors-pn-junctions-and-bipolar-junction-transistors,"https://prod-discovery.edx-cdn.org/cdn-cgi/image/width=auto,height=auto,quality=75,format=webp/media/course/image/8904f537-7914-4cd4-aa63-552a5db3a7b1-ea624ea2cee8.jpg","This online course uses engaging animations to help you visualize the operating principles of many common semiconductor devices. The course covers PN junctions, photodiodes, solar cells, light-emitting diodes, metal-semiconductor contact, and Bipolar Junction Transistors.",8,,,2,4,432,True,course-v1:HKUSTx+ELEC3500.1x+1T2018
course-7e8601c6-c50a-4345-8af9-de4b0072b15c,7e8601c6-c50a-4345-8af9-de4b0072b15c,Semantics of First-Order Logic,Stanford University,Course,Course,edX,Introductory,Philosophy & Ethics; Computer Science; Math,English,Current,self_paced,Artificial Intelligence; Linguistics; Computer Science; Basic Math; Semantics,https://www.edx.org/learn/logic/stanford-university-semantics-of-first-order-logic,"https://prod-discovery.edx-cdn.org/cdn-cgi/image/width=auto,height=auto,quality=75,format=webp/media/course/image/7e8601c6-c50a-4345-8af9-de4b0072b15c-7856be03d2d1.png","First-order logic is a restricted, formalized language which is particularly suited to the precise expression of ideas. The language has uses in many disciplines including computer science, mathematics, linguistics and artificial intelligence. 
We will describe how to write sentences in the language, how to determine when a sentence is true in a particular situation, how to recognize important relationships between sentences, and describe some limitations of the language.",4,,,5,10,432,False,course-v1:StanfordOnline+SOHS-YPHILX0002+2T2020
course-83299a57-879b-42df-952e-ad5bb1ce5fb9,83299a57-879b-42df-952e-ad5bb1ce5fb9,"Financial Programming and Policies, Part 2: Program Design",The International Monetary Fund,Course,Course,edX,Intermediate,Economics & Finance,English,Current,self_paced,Microsoft Outlook; Policy Analysis; Macroeconomics; Economics; Program Design Languages,https://www.edx.org/learn/macroeconomics/the-international-monetary-fund-financial-programming-and-policies-part-2-program-design,"https://prod-discovery.edx-cdn.org/cdn-cgi/image/width=auto,height=auto,quality=75,format=webp/media/course/image/83299a57-879b-42df-952e-ad5bb1ce5fb9-5abbcfbb538c.jpg",Learn how to forecast macroeconomic accounts and design an economic program for a case study country.,10,,,5,6,431,False,course-v1:IMFx+FPP.2x+2015T2
course-39b62a9f-39e7-4ebf-8dd9-8b4aeeb7db33,39b62a9f-39e7-4ebf-8dd9-8b4aeeb7db33,Global Housing Design,Delft University of Technology,Course,Course,edX,Intermediate,Architecture; Environmental Studies; Social Sciences,English,Current,self_paced,Built Environment; Design Strategies; Animations,https://www.edx.org/learn/housing/delft-university-of-technology-global-housing-design,"https://prod-discovery.edx-cdn.org/cdn-cgi/image/width=auto,height=auto,quality=75,format=webp/media/course/image/39b62a9f-39e7-4ebf-8dd9-8b4aeeb7db33-45094e5fd7db.jpeg",Learn about the key design strategies required to develop adequate housing and inclusive dwelling environments for sustainable urban development.,6,,,4,5,430,True,course-v1:DelftX+GHD1x+1T2021
course-be59ab30-2dfa-42fa-8363-630c34e94019,be59ab30-2dfa-42fa-8363-630c34e94019,Nutrition and Cancer,Wageningen University & Research,Course,Course,edX,Intermediate,Food & Nutrition; Health & Safety; Biology & Life Sciences,English,Current,self_paced,Cancer; Prostate Cancer; Diabetes Mellitus; Health Policies; Body Composition Analysis; Cancer Prevention; Physical Exercises; Breast Cancer; Management Of Cancer; Cardiovascular Disease,https://www.edx.org/learn/nutrition/wageningen-university-research-nutrition-and-cancer,"https://prod-discovery.edx-cdn.org/cdn-cgi/image/width=auto,height=auto,quality=75,format=webp/media/course/image/be59ab30-2dfa-42fa-8363-630c34e94019-da0118a49c5b.jpg","Cancer has overtaken cardiovascular disease (CVD) as the leading cause of death in many parts of the world. It causes one in eight deaths worldwide. Global trends show that the majority of all cancer deaths occur in the low- and middle-income countries. Yet, cancer can be partly prevented and many of these deaths can be avoided.
Discover the latest insights on the role of diet, nutrition and lifestyle in the prevention, occurrence and progression of cancer in the open and online course Nutrition and Cancer.",5,,,6,8,429,False,course-v1:WageningenX+NUTR105x+2T2018
course-3fc92d39-5903-4316-bb98-108c43f8e6e0,3fc92d39-5903-4316-bb98-108c43f8e6e0,Computer Architecture,Harvey Mudd College,Course,Course,edX,Introductory,Engineering; Computer Science; Electronics,English,Current,self_paced,Digital Design; Computer Architecture; Combinational Logic,https://www.edx.org/learn/computer-architecture/harvey-mudd-college-computer-architecture,"https://prod-discovery.edx-cdn.org/cdn-cgi/image/width=auto,height=auto,quality=75,format=webp/media/course/image/3fc92d39-5903-4316-bb98-108c43f8e6e0-0a9b76715bef.png","This course in computer architecture will take you from an understanding of digital design using combinational logic and synchronous sequential building blocks to building your own single-cycle multicycle, and pipelined microprocessors.",14,,,7,12,429,False,course-v1:HarveyMuddX+ENGR85B+1T2021
course-db5e88f9-09dc-489c-89ab-c5d9970ca08e,db5e88f9-09dc-489c-89ab-c5d9970ca08e,Psychology: Personality,University of Surrey,Course,Course,edX,Introductory,Humanities,English,Current,self_paced,,https://www.edx.org/learn/humanities/university-of-surrey-psychology-personality,"https://prod-discovery.edx-cdn.org/cdn-cgi/image/width=auto,height=auto,quality=75,format=webp/media/course/image/db5e88f9-09dc-489c-89ab-c5d9970ca08e-dba967161e9d.jpeg","Unlock the science of personality! Explore key theories, the origins of traits, attachment styles, and the Dark Triad. Gain insights into human behavior and psychology—perfect for personal growth, relationships, and professional development.",4,,,10,15,428,True,course-v1:UOS+PSY002+2T2025
course-18bf3259-c8c4-4bee-a7af-27d99f2d7600,18bf3259-c8c4-4bee-a7af-27d99f2d7600,Practical People Management: Motivating and Engaging Teams,The London School of Economics and Political Science,Course,Course,edX,Introductory,Business & Management,English,Current,self_paced,Leadership; People Management; Influencing Skills; Management; Employee Motivation; Psychology; Goal Setting; Economics,https://www.edx.org/learn/business-management/the-london-school-of-economics-and-political-science-practical-people-management-motivating-and-engaging-teams,"https://prod-discovery.edx-cdn.org/cdn-cgi/image/width=auto,height=auto,quality=75,format=webp/media/course/image/18bf3259-c8c4-4bee-a7af-27d99f2d7600-9b7b3775d74d.jpeg","Learn about key concepts in people management, including employee motivation, purpose at work, and the employer-employee relationship, while building essential skills to effectively manage and lead diverse teams.",4,,,2,4,428,False,course-v1:LSE+LSEMPT01+2T2025
course-c0f5f0dc-172a-47d1-a8da-e2540cc53bdc,c0f5f0dc-172a-47d1-a8da-e2540cc53bdc,Critical Thinking: Fundamentals of Good Reasoning,IsraelX,Course,Course,edX,Introductory,Philosophy & Ethics,English,Current,instructor_paced,Critical Thinking; Decision Making,https://www.edx.org/learn/critical-thinking-skills/israelx-critical-thinking-fundamentals-of-good-reasoning,"https://prod-discovery.edx-cdn.org/cdn-cgi/image/width=auto,height=auto,quality=75,format=webp/media/course/image/c0f5f0dc-172a-47d1-a8da-e2540cc53bdc-f4f3fe81959e.jpg","Learn the fundamentals of good reasoning, including how to recognize, formulate, evaluate, and construct arguments.",13,,,2,4,427,False,course-v1:IsraelX+CriticalThinking+3T2018
course-e3debe04-85f2-4612-88c9-eeb9093aefb0,e3debe04-85f2-4612-88c9-eeb9093aefb0,Introducción a la ciberseguridad,Universidad del Rosario,Course,Course,edX,Intermediate,Computer Science; Math; Engineering,Spanish,Current,self_paced,Cryptography; Cyber Security; Software Development; Ethical Hacking; Teaching; Computer Forensics,https://www.edx.org/learn/cybersecurity/universidad-del-rosario-introduccion-a-la-ciberseguridad,"https://prod-discovery.edx-cdn.org/cdn-cgi/image/width=auto,height=auto,quality=75,format=webp/media/course/image/e3debe04-85f2-4612-88c9-eeb9093aefb0-d11b1aa3fa7d.jpeg","Adquiere conocimientos demandados por la industria en varias de las áreas más importantes de la ciberseguridad: seguridad en el desarrollo de software, criptografía, hacking ético e informática forense.",4,,,4,6,426,False,course-v1:URosarioX+URX29+1T2021
course-da1b77a7-19e4-4d8c-a45d-036f45c6ee28,da1b77a7-19e4-4d8c-a45d-036f45c6ee28,GIS Image Analysis in ArcGIS Pro,University of Alaska Fairbanks,Course,Course,edX,Intermediate,Engineering; Energy & Earth Sciences; Data Analysis & Statistics,English,Current,self_paced,ArcGIS (GIS Software); Mapping; Remote Sensing; Geology; Image Resolution; Geographic Information Systems; Environmental Studies; Natural Resource Management; Digital Elevation Models; Image Analysis; Geography; Image Processing; Georeference; Contextual Image Classification,https://www.edx.org/learn/image-analysis/university-of-alaska-fairbanks-gis-image-analysis-in-arcgis-pro,"https://prod-discovery.edx-cdn.org/cdn-cgi/image/width=auto,height=auto,quality=75,format=webp/media/course/image/da1b77a7-19e4-4d8c-a45d-036f45c6ee28-a4cae6ad892c.jpeg","Learn fundamentals of remote sensing, image analysis, image processing and its application to real-world problems such as changing water bodies, vegetation health, and wildfire severity.",4,,,3,5,425,True,course-v1:AlaskaX+GIS3x+2T2021
course-00c86c5c-7a20-48c3-8f1d-c46212b4b110,00c86c5c-7a20-48c3-8f1d-c46212b4b110,Sustainable Housing Design,Delft University of Technology,Course,Course,edX,Intermediate,Architecture; Environmental Studies; Social Sciences,English,Current,self_paced,Climate Change Mitigation; Resilience; Energy Consumption; Greenhouse Gas; Green Building; Universal Design; Resource Efficiency; Innovation; Design Strategies,https://www.edx.org/learn/architecture/delft-university-of-technology-sustainable-housing-design,"https://prod-discovery.edx-cdn.org/cdn-cgi/image/width=auto,height=auto,quality=75,format=webp/media/course/image/00c86c5c-7a20-48c3-8f1d-c46212b4b110-ae7086bd8b15.jpeg","Learn about practical and innovative design approaches to reduce energy use, enhance resource efficiency, ensure affordability, and foster sociocultural integration in the housing sector.",6,,,4,5,425,True,course-v1:DelftX+SHDE1x+3T2024
course-bcf6db1c-0a69-42d1-b830-425d81863eb6,bcf6db1c-0a69-42d1-b830-425d81863eb6,Programación para todos (empezando con Python),The University of Michigan,Course,Course,edX,Introductory,Computer Science,Spanish,Current,self_paced,Python (Programming Language); Data Structures; Web Browsers,https://www.edx.org/learn/python/the-university-of-michigan-programacion-para-todos-empezando-con-python,"https://prod-discovery.edx-cdn.org/cdn-cgi/image/width=auto,height=auto,quality=75,format=webp/media/course/image/bcf6db1c-0a69-42d1-b830-425d81863eb6-82347756370a.png","Este curso en línea es una introducción ""sin prerrequisitos"" a la programación en Python. Aprenderás sobre las variables, la ejecución condicional, la ejecución repetida y cómo usamos las funciones.",7,,,2,4,423,False,course-v1:MichiganX+py4e101x.es+2T2019
course-6ef185bc-c3fd-426d-befc-acd3d0c7601c,6ef185bc-c3fd-426d-befc-acd3d0c7601c,Natural Resources for Sustainable Development,SDG Academy,Course,Course,edX,Intermediate,Energy & Earth Sciences; Environmental Studies; Economics & Finance,English,Current,self_paced,Environmental Laws; Governance; Investments; Corporate Sustainability; Oil And Gas; Environmental Science; Sustainable Business; Sustainable Development,https://www.edx.org/learn/sustainable-development/sdg-academy-natural-resources-for-sustainable-development,"https://prod-discovery.edx-cdn.org/cdn-cgi/image/width=auto,height=auto,quality=75,format=webp/media/course/image/6ef185bc-c3fd-426d-befc-acd3d0c7601c-565e3ec1888d.jpg","Explore the sustainable development opportunities and challenges in using oil, gas and minerals.",12,,,4,6,423,True,course-v1:SDGAcademyX+NR001+3T2018
course-4947a0d7-5da2-4f59-ab5e-c2bbab66580d,4947a0d7-5da2-4f59-ab5e-c2bbab66580d,Sustainable Aviation: The Route to Climate-Neutral Aviation,Delft University of Technology,Course,Course,edX,Introductory,Engineering; Environmental Studies,English,Current,self_paced,Aircraft Design; Propulsion; Batteries; Manufacturing Operations; Aerospace Engineering; Aviation; Innovation; Basic Math,https://www.edx.org/learn/aerospace-engineering/delft-university-of-technology-sustainable-aviation-the-route-to-climate-neutral-aviation,"https://prod-discovery.edx-cdn.org/cdn-cgi/image/width=auto,height=auto,quality=75,format=webp/media/course/image/4947a0d7-5da2-4f59-ab5e-c2bbab66580d-5bd230f16553.jpeg","To reduce the environmental footprint of the aviation sector we need to start a clean sky revolution. Discover the latest developments in this field – from airplane design, energy carriers, operations – and learn how you can play a role.",6,,,4,5,423,True,course-v1:DelftX+SA01x+1T2021
course-2f0dfe94-aeb4-4f7a-8dd4-4e8691cd6c0d,2f0dfe94-aeb4-4f7a-8dd4-4e8691cd6c0d,PredictionX: Lost Without Longitude,Harvard University,Course,Course,edX,Introductory,History; Science,English,Current,self_paced,Spacecraft; Planning; Infographics,https://www.edx.org/learn/astronomy/harvard-university-predictionx-lost-without-longitude,"https://prod-discovery.edx-cdn.org/cdn-cgi/image/width=auto,height=auto,quality=75,format=webp/media/course/image/2f0dfe94-aeb4-4f7a-8dd4-4e8691cd6c0d-5cf0806e55b0.jpg","Explore the history of navigation, from stars to satellites.",1,,,2,5,422,True,course-v1:HarvardX+SOC1.longx+1T2017
course-7e2383ac-27ba-40e9-95bc-e86e61841211,7e2383ac-27ba-40e9-95bc-e86e61841211,Visualizing Data with Python,IBM,Course,Course,edX,Intermediate,Data Analysis & Statistics; Engineering; Computer Science,English,Current,self_paced,Watson Studio; Data Science; Data Visualization; Python (Programming Language); Graphic Communication,https://www.edx.org/learn/data-visualization/ibm-visualizing-data-with-python,"https://prod-discovery.edx-cdn.org/cdn-cgi/image/width=auto,height=auto,quality=75,format=webp/media/course/image/7e2383ac-27ba-40e9-95bc-e86e61841211-5bc8f61bb50d.png","Data visualization is the graphical representation of data in order to interactively and efficiently convey insights to clients, customers, and stakeholders in general.",5,,,2,4,421,True,course-v1:IBM+DV0101EN+3T2018
course-75d7310c-9288-4811-8c55-e085ea00ce28,75d7310c-9288-4811-8c55-e085ea00ce28,Beyond Systems Thinking,ETH Zurich,Course,Course,edX,Introductory,Social Sciences; Design; Philosophy & Ethics,English,Current,self_paced,,https://www.edx.org/learn/social-science/eth-zurich-beyond-systems-thinking-2,"https://prod-discovery.edx-cdn.org/cdn-cgi/image/width=auto,height=auto,quality=75,format=webp/media/course/image/75d7310c-9288-4811-8c55-e085ea00ce28-6ee7f9068cbf.jpeg","We need cultural and mental transformation to deal with the current global polycrisis. This MOOC is the second of four MOOCs to hybridize science, design, and transformative praxis. This joint learning journey is a fluid, intervention-driven, synergistic process addressing complex challenges with a regional focus. It entails a critical look at systems thinking, tools to navigate complexity, basics of social network analysis, resilience assessment, circularities, and systemic innovation.",6,,,3,5,420,False,course-v1:ETHx+DRRS-02+1T2024
course-93cf5002-31b0-494e-ab1b-40b0a28bd4c3,93cf5002-31b0-494e-ab1b-40b0a28bd4c3,¿Cómo hacer uso responsable de la inteligencia artificial?,Inter-American Development Bank,Course,Course,edX,Intermediate,Ethics; Social Sciences; Data Analysis & Statistics,Spanish,Current,self_paced,Content Creation; Logos; Public Policies; Social Networks; Artificial Intelligence; Decision Making; Implement Projects,https://www.edx.org/learn/artificial-intelligence/inter-american-development-bank-como-hacer-uso-responsable-de-la-inteligencia-artificial,"https://prod-discovery.edx-cdn.org/cdn-cgi/image/width=auto,height=auto,quality=75,format=webp/media/course/image/93cf5002-31b0-494e-ab1b-40b0a28bd4c3-d89e18d8df29.jpeg","Este MOOC aborda los conceptos, principios, desafíos y oportunidades del uso ético y responsable de la inteligencia artificial (IA) para el sector público.
Presenta herramientas para garantizar estándares mínimos, así como para fortalecer la calidad de los datos y de los modelos de IA desde su diseño hasta su implementación y monitoreo.
Todo ello con el fin de reducir los posibles riesgos asociados a los sistemas de IA para una adopción de dicha tecnología de forma ética y responsable.",10,,,1,2,419,False,course-v1:IDBx+IDB44x+3T2021
course-8c32d52f-cb43-4706-adb9-09f937ff3a8a,8c32d52f-cb43-4706-adb9-09f937ff3a8a,Soft Skills For Tech Professionals,University of Cape Town,Course,Course,edX,Intermediate,Communication,English,Current,self_paced,,https://www.edx.org/learn/communication/university-of-cape-town-soft-skills-for-tech-professionals,"https://prod-discovery.edx-cdn.org/cdn-cgi/image/width=auto,height=auto,quality=75,format=webp/media/course/image/8c32d52f-cb43-4706-adb9-09f937ff3a8a-a65a2f6d6ec8.jpeg","Become a better tech professional by improving your communication and other soft skills (politeness, cultural awareness, negotiation skills, etc).",6,,,2,6,419,True,course-v1:UCT+UCTELC02+3T2024
course-0bca2bba-d582-439b-9512-1f37162e66de,0bca2bba-d582-439b-9512-1f37162e66de,Agentic AI: Developing AI Agents,IBM,Course,Course,edX,Intermediate,Artificial Intelligence,English,Current,self_paced,,https://www.edx.org/learn/artificial-intelligence/ibm-agentic-ai-developing-ai-agents,"https://prod-discovery.edx-cdn.org/cdn-cgi/image/width=auto,height=auto,quality=75,format=webp/media/course/image/0bca2bba-d582-439b-9512-1f37162e66de-6295b96afb44.png","Build intelligent AI agents using LangChain by learning tool calling, chaining, LCEL workflows, and built-in agents to create actionable, reasoning-driven applications for real-world automation.",3,,,3,10,419,False,course-v1:IBM+AI0322EN+3T2025
course-348daf5a-eba8-4bf4-97c8-1034ab83b464,348daf5a-eba8-4bf4-97c8-1034ab83b464,"Introduction to Object-Oriented Programming with Java III: Exceptions, Data Structures, Recursion, and GUIs",The Georgia Institute of Technology,Course,Course,edX,Introductory,Computer Science,English,Current; Upcoming,self_paced,Java (Programming Language); Object-Oriented Programming (OOP); Exception Handling; Data Structures; Graphical User Interface,https://www.edx.org/learn/object-oriented-programming/the-georgia-institute-of-technology-introduction-to-object-oriented-programming-with-java-iii-exceptions-data-structures-recursion-and-guis,"https://prod-discovery.edx-cdn.org/cdn-cgi/image/width=auto,height=auto,quality=75,format=webp/media/course/image/348daf5a-eba8-4bf4-97c8-1034ab83b464-8d97a43950f1.jpeg","Learn how to create and use exceptions, data structures, recursion, and graphical user-interfaces (GUIs).",6,,,5,6,418,True,course-v1:GTx+CS1331xIII+2T2020
course-0520b187-c97e-4690-b73b-e7c4e3982d47,0520b187-c97e-4690-b73b-e7c4e3982d47,Finanzas e inversiones para no financieros,Universidad del Rosario,Course,Course,edX,Introductory,Economics & Finance; Business & Management,Spanish,Current,self_paced,,https://www.edx.org/learn/finance/universidad-del-rosario-finanzas-e-inversiones-para-no-financieros,"https://prod-discovery.edx-cdn.org/cdn-cgi/image/width=auto,height=auto,quality=75,format=webp/media/course/image/0520b187-c97e-4690-b73b-e7c4e3982d47-dba6c870fba6.jpeg","Aprende sobre finanzas, uno de los aspectos más importantes de nuestras vidas y toma mejores decisiones de inversión, administra adecuadamente tu dinero y consigue seguridad financiera sin tomar riesgos desmedidos.",4,,,4,6,418,False,course-v1:URosarioX+URX96+3T2022
course-f8722f3c-d131-495e-851e-be23b7171791,f8722f3c-d131-495e-851e-be23b7171791,Introduction to Psychological Research Methods,The University of Queensland,Course,Course,edX,Introductory,Humanities; Biology & Life Sciences; Data Analysis & Statistics,English,Current,self_paced,Psychology; Research Methodologies,https://www.edx.org/learn/psychology/the-university-of-queensland-introduction-to-psychological-research-methods,"https://prod-discovery.edx-cdn.org/cdn-cgi/image/width=auto,height=auto,quality=75,format=webp/media/course/image/f8722f3c-d131-495e-851e-be23b7171791-93d9d1cdb047.jpg","Learn how to plan, conduct and analyze psychological research and effectively communicate the results.",7,,,1,2,417,True,course-v1:UQx+PSYC1030.4x+1T2017
course-cb6dfd6f-83ec-4728-aa9f-8784da697bf7,cb6dfd6f-83ec-4728-aa9f-8784da697bf7,Blockchain Technology and the Future of FinTech,University of Toronto,Course,Course,edX,Introductory,Economics & Finance,English,Current,self_paced,,https://www.edx.org/learn/blockchain/university-of-toronto-blockchain-technology-and-the-future-of-fintech,"https://prod-discovery.edx-cdn.org/cdn-cgi/image/width=auto,height=auto,quality=75,format=webp/media/course/image/cb6dfd6f-83ec-4728-aa9f-8784da697bf7-26082519c15f.jpeg",Gain insight into the future of FinTech in this course from the Rotman School of Management at the University of Toronto.,4,,,2,4,417,True,course-v1:University_of_TorontoX+UTORFTC03+2T2023
course-7e710153-688f-472a-a764-b681505d4f19,7e710153-688f-472a-a764-b681505d4f19,Digital Customer Analytics.,"The University of Maryland, College Park",Course,Course,edX,Introductory,Business & Management,English,Current,self_paced,Digital Marketing; Data Analysis; Direct-to-Consumer (DTC); Marketing; Loyalty Programs; Customer Engagement; Customer Analytics,https://www.edx.org/learn/marketing-analytics/the-university-of-maryland-college-park-digital-customer-analytics,"https://prod-discovery.edx-cdn.org/cdn-cgi/image/width=auto,height=auto,quality=75,format=webp/media/course/image/7e710153-688f-472a-a764-b681505d4f19-93f5b1281e58.jpeg","Learn how to harness the power of Customer Lifetime Value concepts by applying them to firm value, selection of customers and loyalty programming.",4,,,3,5,416,True,course-v1:USMx+DM04+1T2021
course-609e7b4b-a642-4f97-ab17-c5643c905666,609e7b4b-a642-4f97-ab17-c5643c905666,MalariaX: Defeating Malaria from the Genes to the Globe,Harvard University,Course,Course,edX,Intermediate,Biology & Life Sciences,English,Current,self_paced,Problem Solving; Analytical Skills; Epidemiology; Target Audience; Ecology; Data Science; Decision Making; Biology; Leadership,https://www.edx.org/learn/disease/harvard-university-malariax-defeating-malaria-from-the-genes-to-the-globe,"https://prod-discovery.edx-cdn.org/cdn-cgi/image/width=auto,height=auto,quality=75,format=webp/media/course/image/609e7b4b-a642-4f97-ab17-c5643c905666-8e6d8db419e8.jpg","How can we eradicate malaria? Explore cutting-edge science and technology, and examine policies needed to control and eliminate malaria.",11,,,3,5,416,False,course-v1:HarvardX+PH425x+2T2017
course-49317072-3ef6-4eb0-91f5-78085c35ed36,49317072-3ef6-4eb0-91f5-78085c35ed36,Foundations of Central Bank Law,The International Monetary Fund,Course,Course,edX,Intermediate,Law,English,Current,self_paced,Crisis Management; Operations; Decision Making; Accountability,https://www.edx.org/learn/law/the-international-monetary-fund-foundations-of-central-bank-law,"https://prod-discovery.edx-cdn.org/cdn-cgi/image/width=auto,height=auto,quality=75,format=webp/media/course/image/49317072-3ef6-4eb0-91f5-78085c35ed36-7529a7f99a46.jpg","This online course, presented by the IMF Institute and the IMF Legal Department, introduces participants to the foundations of central bank law. The course covers the legal issues that are necessary to support sound and effective central banks. It addresses the legal underpinnings of the mandate, decision-making structures, autonomy, accountability, transparency, and operations of central banks. This course combines theoretical components with practical exercises on how to analyze and design central bank legal frameworks.",9,,,2,3,416,False,course-v1:IMFx+FCBLx+2T2018
course-490f5022-588e-40c8-841e-2c1a070ca801,490f5022-588e-40c8-841e-2c1a070ca801,Introduction to Quantum Mechanics,University of British Columbia,Course,Course,edX,Intermediate,Physics,English,Current,self_paced,,https://www.edx.org/learn/physics/university-of-british-columbia-introduction-to-quantum-mechanics,"https://prod-discovery.edx-cdn.org/cdn-cgi/image/width=auto,height=auto,quality=75,format=webp/media/course/image/490f5022-588e-40c8-841e-2c1a070ca801-8e1c5f9ce552.png","This course offers a basic introduction to quantum mechanics, covering both theoretical concepts and practical applications. It aims to equip students with a foundational understanding of quantum phenomena and prepare them for further studies.",4,,,1,3,416,False,course-v1:UBCx+QM+2T2024
course-0097cd21-a77e-4d85-ae08-4459d3940634,0097cd21-a77e-4d85-ae08-4459d3940634,"Understanding Agribusiness, Value Chains, and Consumers in Global Food Systems",Adelaide University,Course,Course,edX,Intermediate,Business & Management; Economics & Finance; Food & Nutrition,English,Current,self_paced,Economic Growth; Agriculture; Consumer Behaviour; Influencing Skills; Dynamic Business Process Management; Supply Chain; Economy,https://www.edx.org/learn/agribusiness/university-of-adelaide-understanding-agribusiness-value-chains-and-consumers-in-global-food-systems,"https://prod-discovery.edx-cdn.org/cdn-cgi/image/width=auto,height=auto,quality=75,format=webp/media/course/image/0097cd21-a77e-4d85-ae08-4459d3940634-468590b2a74a.jpeg","Learn about the dynamic business of food and agriculture, exploring value chain thinking and the role consumers play in our rapidly evolving food systems in this agribusiness course.",4,,,2,3,415,False,course-v1:AdelaideX+GFABx+3T2018
course-e0ca75bb-be0b-4fe6-9222-a8f103a618d5,e0ca75bb-be0b-4fe6-9222-a8f103a618d5,Researcher to Innovator and Entrepreneur,University of Cambridge,Course,Course,edX,Introductory,Business & Management,English,Current; Upcoming,self_paced,,https://www.edx.org/learn/business-management/university-of-cambridge-researcher-to-innovator-and-entrepreneur,"https://prod-discovery.edx-cdn.org/cdn-cgi/image/width=auto,height=auto,quality=75,format=webp/media/course/image/e0ca75bb-be0b-4fe6-9222-a8f103a618d5-3407f688c1b8.jpeg","Designed to demystify the steps involved in entrepreneurship, this course takes a practical approach to develop entrepreneurial thinking and skills critical to take initiative and develop ideas into reality in any career. Developed to support researchers create impact from research but equally relevant for individuals preparing for careers filled with innovation. Includes insights from researchers turned academics, founders, and industry leaders. 
No prior knowledge is required or assumed.",8,,,4,6,414,False,course-v1:UniversityofCambridge+PDI+3T2024
course-da86cb0e-276a-47b1-89fb-cc025498c0e1,da86cb0e-276a-47b1-89fb-cc025498c0e1,Energía eléctrica: conceptos y principios básicos,Tecnológico de Monterrey,Course,Course,edX,Intermediate,Engineering; Science,Spanish,Current,self_paced,Alternating Current; Electrical Networks; Voltage; Energy Consumption; Electricity; Direct Current,https://www.edx.org/learn/electrical-engineering/tecnologico-de-monterrey-energia-electrica-conceptos-y-principios-basicos,"https://prod-discovery.edx-cdn.org/cdn-cgi/image/width=auto,height=auto,quality=75,format=webp/media/course/image/da86cb0e-276a-47b1-89fb-cc025498c0e1-aaebca7ed18b.jpg","Aprende los conceptos básicos de la electricidad, para comprenderla, saber medirla y utilizarla de manera eficiente.",7,,,4,5,414,True,course-v1:TecdeMonterreyX+EECY18032X+1T2018
course-bf90663f-14dc-44b9-a82a-3ad5c01e2cdb,bf90663f-14dc-44b9-a82a-3ad5c01e2cdb,Web Apps: Build an app,Microsoft,Course,Course,edX,Introductory,Computer Science,English,Current,self_paced,Server-Side; User Interface; Workflow Management,https://www.edx.org/learn/computer-science/microsoft-web-apps-build-an-app,"https://prod-discovery.edx-cdn.org/cdn-cgi/image/width=auto,height=auto,quality=75,format=webp/media/course/image/bf90663f-14dc-44b9-a82a-3ad5c01e2cdb-e09f596ee745.jpg",You'll gain a general understanding of web app concepts and begin developing foundational skills in this area.,2,,,3,4,413,True,course-v1:Microsoft+WEB-103+1T2025
course-03b2ee2b-8ba5-4ddb-b1a6-3e69de55a26a,03b2ee2b-8ba5-4ddb-b1a6-3e69de55a26a,Statistics,Delft University of Technology,Course,Course,edX,Intermediate,Math,English,Current,self_paced,Statistical Inference; R (Programming Language); Machine Learning; Data Science; Statistical Software; Basic Math; Descriptive Statistics,https://www.edx.org/learn/statistics/delft-university-of-technology-statistics,"https://prod-discovery.edx-cdn.org/cdn-cgi/image/width=auto,height=auto,quality=75,format=webp/media/course/image/03b2ee2b-8ba5-4ddb-b1a6-3e69de55a26a-f333afd4d0bf.jpeg",This course provides an overview of bachelor-level statistics. You will review the concepts of descriptive and inferential statistics. You will use the statistical software package R on real data to gain insight in these topics.,3,,,4,6,411,True,course-v1:DelftX+MMFESx+2T2023
course-ee8d27b6-51db-4363-9aca-44f07f985b61,ee8d27b6-51db-4363-9aca-44f07f985b61,Applied Interior Design,LCI Education,Course,Course,edX,Introductory,Design; Communication; Art & Culture,English,Current,self_paced,Technical Drawing; Computer-Aided Design,https://www.edx.org/learn/design/lci-education-applied-interior-design,"https://prod-discovery.edx-cdn.org/cdn-cgi/image/width=auto,height=auto,quality=75,format=webp/media/course/image/ee8d27b6-51db-4363-9aca-44f07f985b61-bcb0c7e522f6.png","Acquire essential skills to launch your Interior Design career. By the end of this course, you will be able to sketch concepts and create basic technical plans.",4,,,6,8,410,True,course-v1:LCIEducation+140.2x+3T2024
course-6bee62f7-a13c-49e0-b552-28979c13f447,6bee62f7-a13c-49e0-b552-28979c13f447,Build Your First Internet of Things (IoT) Application on Arm,Arm Education,Course,Course,edX,Intermediate,Computer Science; Electronics,English,Current,self_paced,Android Applications; Embedded Systems; Bill Of Materials; Android (Operating System); Computing Platforms; Cloud Services; Internet Of Things (IoT); Zigbee; Device Management; Smartphone Operation; Peripheral Devices; Bluetooth Low Energy (Bluetooth),https://www.edx.org/learn/app-development/arm-education-build-your-first-internet-of-things-iot-application-on-arm,"https://prod-discovery.edx-cdn.org/cdn-cgi/image/width=auto,height=auto,quality=75,format=webp/media/course/image/6bee62f7-a13c-49e0-b552-28979c13f447-b44f639008ba.jpeg","Learn to build functional IoT solutions such as an environmental sensor and an activity monitor that you can feature in your CV or portfolio of work - showcasing your skills to peers, professors or prospective employers.",7,,,3,6,410,True,course-v1:ArmEducationX+EDARMXIT.6x+1T2022
course-82449b2e-4869-4179-b682-cf8ba3525ae8,82449b2e-4869-4179-b682-cf8ba3525ae8,3D Printing Essentials: From Design to Reality,University of Alaska Fairbanks,Course,Course,edX,Introductory,Design; Engineering; Education & Teacher Training,English,Current,self_paced,Additive Manufacturing (3D Printing); Product Design; TinkerCAD; New Product Development; Creativity; Keychain; 3D Modeling; Autodesk; Troubleshooting (Problem Solving); Prototyping,https://www.edx.org/learn/design/university-of-alaska-fairbanks-3d-printing,"https://prod-discovery.edx-cdn.org/cdn-cgi/image/width=auto,height=auto,quality=75,format=webp/media/course/image/82449b2e-4869-4179-b682-cf8ba3525ae8-e025094bad76.jpeg","Dive into the world of 3D printing with this online course! From 3D modeling in Tinkercad to exploring slicing software and printing your creation, this journey transforms beginners into capable makers, ready to bring their unique ideas to life. Start crafting your future, one layer at a time.",3,,,1,2,409,False,course-v1:AlaskaX+MAKE1x+2T2024
course-767aa8e7-1d42-4292-85f1-ddcb6827e6d7,767aa8e7-1d42-4292-85f1-ddcb6827e6d7,Stand Up!; Comedy Writing and Performance Poetry,University of Cambridge,Course,Course,edX,Intermediate,Communication; Art & Culture; Humanities,English,Current; Upcoming,self_paced,Communications; Scripting; Stand-Up Comedy; Writing,https://www.edx.org/learn/writing/university-of-cambridge-stand-up-comedy-writing-and-performance-poetry,"https://prod-discovery.edx-cdn.org/cdn-cgi/image/width=auto,height=auto,quality=75,format=webp/media/course/image/767aa8e7-1d42-4292-85f1-ddcb6827e6d7-e80c86004f49.jpeg","Prepare to perform your comic writing and/or poetry to a live audience, as well as develop transferable writing skills and communication expertise that will be relevant in any profession. This course will broaden your understanding how to structure a stand-up comedy set, as well as allow you to understand how to use narrative form in your performance poetry texts. You will also reflect on the ways in which you might enhance the quality of your writing practice by being a performer yourself.",4,,,8,10,409,True,course-v1:UniversityofCambridge+2021EDX007+2T2021
course-b7a65a5c-7137-4c1d-bb40-16496d3e0571,b7a65a5c-7137-4c1d-bb40-16496d3e0571,Análisis estadístico con Excel,Universidad Galileo,Course,Course,edX,Introductory,Data Analysis & Statistics,Spanish,Current,self_paced,Statistical Analysis; Data Analysis; Statistical Inference,https://www.edx.org/learn/excel/universidad-galileo-analisis-estadistico-con-excel,"https://prod-discovery.edx-cdn.org/cdn-cgi/image/width=auto,height=auto,quality=75,format=webp/media/course/image/b7a65a5c-7137-4c1d-bb40-16496d3e0571-642fac1dcc95.jpg","Este curso en línea entrega al estudiante los conocimientos fundamentales de estadística para el análisis de datos, tanto a nivel personal como empresarial.",4,,,3,5,408,True,course-v1:GalileoX+C_Estadistica01+1T2019
course-b42ba0d8-08b2-48a4-904e-851a800f0c0e,b42ba0d8-08b2-48a4-904e-851a800f0c0e,Digital Platforms in Performance,University of Cambridge,Course,Course,edX,Intermediate,Communication; Business & Management; Art & Culture,English,Current; Upcoming,self_paced,Podcasting; Digital Productions; Creativity; Script Writing,https://www.edx.org/learn/storytelling/university-of-cambridge-digital-platforms-in-performance,"https://prod-discovery.edx-cdn.org/cdn-cgi/image/width=auto,height=auto,quality=75,format=webp/media/course/image/b42ba0d8-08b2-48a4-904e-851a800f0c0e-9d260507a74e.jpeg","Advance your digital story-telling prowess and learn how to create interactive gameplay scripts for video games, radio drama scripts for radio and/or podcasting, as well as content for your YouTube channel. Learn to transfer your skill as a dramatist into these innovative mediums.
This course will broaden your understanding of how to start a career successfully as a digital storyteller, as well as offer you insights in how to maximise and enjoy the processes of your personal creativity.",4,,,8,10,408,True,course-v1:UniversityofCambridge+2021EDX005+1T2021
course-080563f3-cb8a-4683-8d7d-7548cdd50049,080563f3-cb8a-4683-8d7d-7548cdd50049,Beer: the science of brewing,KU Leuven,Course,Course,edX,Intermediate,Food & Nutrition; Biology & Life Sciences; Science,English,Current,self_paced,Influencing Skills; Biochemistry,https://www.edx.org/learn/beer/ku-leuven-beer-the-science-of-brewing,"https://prod-discovery.edx-cdn.org/cdn-cgi/image/width=auto,height=auto,quality=75,format=webp/media/course/image/080563f3-cb8a-4683-8d7d-7548cdd50049-7a0b9adebbb8.jpg","Ever wondered why your beer tastes the way it does? Learn how the ingredients, different biochemical reactions and process parameters in beer brewing influence the taste and aroma of beer.",13,,,4,6,408,False,course-v1:KULeuvenX+BrewingX+1T2020
course-e56e7660-bc94-46fd-95c5-ae3f765da60c,e56e7660-bc94-46fd-95c5-ae3f765da60c,Model-Based Automotive Systems Engineering,Chalmers University of Technology,Course,Course,edX,Advanced,Engineering; Computer Science; Math,English,Current,self_paced,Simulations; System Dynamics; Mathematical Optimization; Automotive Industry; Optimal Control; Mathematical Modeling; Systems Engineering,https://www.edx.org/learn/engineering/chalmers-university-of-technology-model-based-automotive-systems-engineering,"https://prod-discovery.edx-cdn.org/cdn-cgi/image/width=auto,height=auto,quality=75,format=webp/media/course/image/e56e7660-bc94-46fd-95c5-ae3f765da60c-3c84e255cf9e.jpg",Learn how to model and simulate system dynamics in automotive engineering,7,,,10,20,407,False,course-v1:ChalmersX+ChM012x+3T2018
course-f6cec8bb-29d1-48f4-aa9f-22b16a77945a,f6cec8bb-29d1-48f4-aa9f-22b16a77945a,AI Ethics for Professionals,Davidson College,Course,Course,edX,Introductory,Computer Science; Philosophy & Ethics,English,Current,self_paced,Critical Thinking; Governance; Accountability; Decision Making; Artificial Intelligence; Artificial Intelligence Development,https://www.edx.org/learn/computer-science/davidson-college-the-ethics-of-ai,"https://prod-discovery.edx-cdn.org/cdn-cgi/image/width=auto,height=auto,quality=75,format=webp/media/course/image/f6cec8bb-29d1-48f4-aa9f-22b16a77945a-953e816f038a.jpeg","This comprehensive course on AI Ethics equips professionals with the knowledge and skills to navigate the complex ethical landscape of artificial intelligence. Through engaging lectures and real-world case studies, students will explore the promises and risks of generative AI, delve into key ethical challenges like alignment and transparency, and examine critical issues of security, bias, and responsibility. The course covers global AI governance frameworks, including the EU AI Act and U.S. regulations, and provides practical guidance on implementing ethical AI practices in both enterprise and small business settings. By mastering the fundamentals of AI ethics, crafting effective ethical statements, and developing strategies for responsible AI deployment, participants will be prepared to lead their organizations in the ethical development and use of AI technologies. Whether you're a developer, business leader, or policymaker, this course offers essential insights for making informed, ethically-sound decisions in the rapidly evolving world of AI.",1,,,1,4,405,True,course-v1:DavidsonX+ai-ethics+3T2024
course-e9b5fb60-088d-4582-8dc0-604d25005366,e9b5fb60-088d-4582-8dc0-604d25005366,First Nights - Handel's Messiah and Baroque Oratorio,Harvard University,Course,Course,edX,Introductory,Humanities; Art & Culture; History,English,Current,self_paced,German Language; Written Composition,https://www.edx.org/learn/music-arts/harvard-university-first-nights-handel-s-messiah-and-baroque-oratorio,"https://prod-discovery.edx-cdn.org/cdn-cgi/image/width=auto,height=auto,quality=75,format=webp/media/course/image/e9b5fb60-088d-4582-8dc0-604d25005366-e9679aa73e0b.jpg","Discover Handel's Messiah in this installment of First Nights, which will explore five masterpieces of western music.",2,,,3,5,405,True,course-v1:HarvardX+MUS24.2x+1T2016
course-a34c34d8-d165-4f2e-9e3e-e21127fba450,a34c34d8-d165-4f2e-9e3e-e21127fba450,Content Creation and Engagement for Social Media Marketing,Aptly,Course,Course,edX,Introductory,Business & Management,English,Current,self_paced,,https://www.edx.org/learn/business-management/aptly-content-creation-and-engagement-for-social-media-marketing,"https://prod-discovery.edx-cdn.org/cdn-cgi/image/width=auto,height=auto,quality=75,format=webp/media/course/image/a34c34d8-d165-4f2e-9e3e-e21127fba450-33018594904e.png","Master the essentials of creating compelling social media content and driving meaningful engagement. Learn copywriting, storytelling, and visual creation with AI tools. Explore strategies for community building, social listening, and analytics. Discover how to track performance, report results, manage feedback, and optimize your social media presence with data-driven insights.",3,,,4,6,405,False,course-v1:Aptly+SMX102+3T2025
course-f8dc4a0c-3f65-47c9-9765-da98f691067d,f8dc4a0c-3f65-47c9-9765-da98f691067d,Programming & Data Structures,Columbia University,Course,Course,edX,Advanced,Computer Science,English,Current,instructor_paced,,https://www.edx.org/learn/computer-science/columbia-university-programming-data-structures,"https://prod-discovery.edx-cdn.org/cdn-cgi/image/width=auto,height=auto,quality=75,format=webp/media/course/image/f8dc4a0c-3f65-47c9-9765-da98f691067d-76b72655f990.jpeg","This course introduces essentials of AI, Programming &amp; Python and Data Structures as a review and refresher in preparation for more comprehensive course work.",5,,,1,3,404,True,course-v1:ColumbiaX+CU.OC.AI002+1T2024
course-587b8745-b6e3-4ce6-af72-1330912c9111,587b8745-b6e3-4ce6-af72-1330912c9111,Foundations of RISC-V Assembly Programming,The Linux Foundation,Course,Course,edX,Intermediate,Computer Science; Engineering,English,Current,self_paced,Microprocessor; Software Development; Assembly Language; Programming Concepts; Debugging; Reduced Instruction Set Computing,https://www.edx.org/learn/mobile-development/the-linux-foundation-foundations-of-risc-v-assembly-programming,"https://prod-discovery.edx-cdn.org/cdn-cgi/image/width=auto,height=auto,quality=75,format=webp/media/course/image/587b8745-b6e3-4ce6-af72-1330912c9111-35bf4d29b47e.png",Gain basic hardware-related RISC-V assembly programming knowledge and skills.,7,,,1,2,404,False,course-v1:LinuxFoundationX+LFD117x+3T2022
course-2cfebcea-dd5b-438e-88a0-600d4ed11d5b,2cfebcea-dd5b-438e-88a0-600d4ed11d5b,Cities and the Challenge of Sustainable Development,SDG Academy,Course,Course,edX,Introductory,Environmental Studies; Social Sciences; Science,English,Current,self_paced,Urbanization; Urban Sustainability; Real Estate; Sustainable Development; Real Estate Development; Sustainable Business,https://www.edx.org/learn/sustainable-development/sdg-academy-cities-and-the-challenge-of-sustainable-development,"https://prod-discovery.edx-cdn.org/cdn-cgi/image/width=auto,height=auto,quality=75,format=webp/media/course/image/2cfebcea-dd5b-438e-88a0-600d4ed11d5b-08b773ea51de.jpg",What is a sustainable city? Learn the basics here.,1,,,1,2,404,False,course-v1:SDGAcademyX+C21001+3T2018
course-42006d32-7102-4de4-9769-0d0c461b4272,42006d32-7102-4de4-9769-0d0c461b4272,Governance in the European Union,KU Leuven,Course,Course,edX,Intermediate,Social Sciences; Law; History,English,Current,self_paced,,https://www.edx.org/learn/europe/ku-leuven-governance-in-the-european-union,"https://prod-discovery.edx-cdn.org/cdn-cgi/image/width=auto,height=auto,quality=75,format=webp/media/course/image/42006d32-7102-4de4-9769-0d0c461b4272-24f6aef58497.jpeg","Learn about the nature of the EU and the actors, decision- and policy-making methods, mechanisms, and issues shaping European Governance in the context of a globalized world. Theoretical insights will be complemented by case studies from the environmental domain.",7,,,4,6,402,True,course-v1:KULeuvenX+EUROGOVx+1T2023
course-b3b420ea-9d33-49a9-9b56-f339a1af6c0f,b3b420ea-9d33-49a9-9b56-f339a1af6c0f,Data Science Tools,IBM,Course,Course,edX,Introductory,Data Analysis & Statistics; Computer Science; Business & Management,English,Current,self_paced,RStudio; Watson Studio; Jupyter; Python (Programming Language); Jupyter Notebook; Data Science; Markdown,https://www.edx.org/learn/data-science/ibm-data-science-tools,"https://prod-discovery.edx-cdn.org/cdn-cgi/image/width=auto,height=auto,quality=75,format=webp/media/course/image/b3b420ea-9d33-49a9-9b56-f339a1af6c0f-a6dd64f78082.png","Learn about the most popular data science tools, including how to use them and what their features are.",7,,,3,7,401,True,course-v1:IBM+DS0105EN+1T2020
course-124ada5b-62ef-46c3-b0c5-7c9cb9c7efe8,124ada5b-62ef-46c3-b0c5-7c9cb9c7efe8,Psicología Positiva,Universidades Anáhuac,Course,Course,edX,Introductory,Social Sciences; Education & Teacher Training; Philosophy & Ethics,Spanish,Current,self_paced,,https://www.edx.org/learn/psychology/universidades-anahuac-psicologia-positiva,"https://prod-discovery.edx-cdn.org/cdn-cgi/image/width=auto,height=auto,quality=75,format=webp/media/course/image/124ada5b-62ef-46c3-b0c5-7c9cb9c7efe8-d668d74f50ca.jpeg","Este curso de psicología positiva se centra en el estudio de la felicidad, el bienestar y el florecimiento humano. Aprenderás a través de herramientas innovadoras basadas en el Modelo de Florecimiento PERMA-H de Martin Seligman. Explorarás tipos de bienestar, como hedónico, eudaimónico y social, y cómo aplicar la psicología positiva en tu vida personal y profesional para lograr felicidad, bienestar y éxito.",4,,,3,4,401,False,course-v1:AnahuacX+UVA.MO.9x+3T2023
course-e35387f8-9bfd-440a-8b2b-6612b6987e81,e35387f8-9bfd-440a-8b2b-6612b6987e81,Research Ethics: a guide for responsible research with human subjects,KU Leuven,Course,Course,edX,Intermediate,Ethics; Social Sciences; Medicine,English,Current,self_paced,,https://www.edx.org/learn/ethics/ku-leuven-research-ethics-a-guide-for-responsible-research-with-human-subjects,"https://prod-discovery.edx-cdn.org/cdn-cgi/image/width=auto,height=auto,quality=75,format=webp/media/course/image/e35387f8-9bfd-440a-8b2b-6612b6987e81-27f1a3d472fe.jpeg","Learn to identify the key ethical issues in human subjects research, to critically reflect on these, and to practically approach them through experts’ lectures and interviews, case studies, and interesting exercises.",8,,,9,12,400,False,course-v1:KULeuvenX+RESETHICSx+1T2023
course-d9db31e0-a833-427b-b2f3-77b5b926cf13,d9db31e0-a833-427b-b2f3-77b5b926cf13,Computational Neuroscience: Neuronal Dynamics of Cognition,École polytechnique fédérale de Lausanne,Course,Course,edX,Advanced,Biology & Life Sciences; Math,English,Current,self_paced,Computational Neuroscience,https://www.edx.org/learn/neuroscience/ecole-polytechnique-federale-de-lausanne-computational-neuroscience-neuronal-dynamics-of-cognition,"https://prod-discovery.edx-cdn.org/cdn-cgi/image/width=auto,height=auto,quality=75,format=webp/media/course/image/d9db31e0-a833-427b-b2f3-77b5b926cf13-5717a658111a.jpg",This course explains the mathematical and computational models that are used in the field of theoretical neuroscience to analyze the collective dynamics of thousands of interacting neurons.,6,,,4,6,400,False,course-v1:EPFLx+BIO465.2x+1T2018
course-1bca24b1-b304-4f59-ad5e-aea4fd15296e,1bca24b1-b304-4f59-ad5e-aea4fd15296e,Introduction to Healthcare Data Analysis,MGH Institute of Health Professions,Course,Course,edX,Introductory,Data Analysis & Statistics; Medicine; Health & Safety,English,Current,self_paced,,https://www.edx.org/learn/data-analysis-statistics/mgh-institute-of-health-professions-introduction-to-healthcare-data-analysis,"https://prod-discovery.edx-cdn.org/cdn-cgi/image/width=auto,height=auto,quality=75,format=webp/media/course/image/1bca24b1-b304-4f59-ad5e-aea4fd15296e-03b35bad48b9.jpeg","In this course, you will develop a solid foundational understanding of the most common statistical methods used in health care data analysis. These common statistical methods include descriptive statistics, data distributions, sampling distribution, hypothesis tests, visualizing and summarizing data, independent and paired sample t-tests, and ANOVA.",5,,,2,4,400,True,course-v1:MGH_Institute+DA-601+1T2024
course-fff9bb19-b736-4eb3-913c-0460063da31c,fff9bb19-b736-4eb3-913c-0460063da31c,Digital Design,The Hong Kong University of Science and Technology,Course,Course,edX,Introductory,Design,English,Current,self_paced,Augmented Reality; Digital Design; Computer-Aided Design; Key Frame; Virtual Reality; Rigging,https://www.edx.org/learn/design/the-hong-kong-university-of-science-and-technology-digital-design,"https://prod-discovery.edx-cdn.org/cdn-cgi/image/width=auto,height=auto,quality=75,format=webp/media/course/image/fff9bb19-b736-4eb3-913c-0460063da31c-9fca8a885546.png","The online course is an introduction to digital design technology. It allows you to understand the basics of digital design and helps you develop skills from computer-aided design to animation covering topics such as rigging, keyframing, rendering, and more.",5,,,5,6,397,False,course-v1:HKUSTx+ISDN2300x+3T2019
course-5f6bd54e-6c64-4310-9ef6-558673e0e74b,5f6bd54e-6c64-4310-9ef6-558673e0e74b,Animal Behaviour in Conservation,Wageningen University & Research,Course,Course,edX,Introductory,Biology & Life Sciences; Environmental Studies; Science,English,Current,self_paced,Animal Science; Conservation Planning; Management; Innovation; Research; Communications; Wildlife Conservation,https://www.edx.org/learn/animal-behavior/wageningen-university-research-animal-behaviour-in-conservation,"https://prod-discovery.edx-cdn.org/cdn-cgi/image/width=auto,height=auto,quality=75,format=webp/media/course/image/5f6bd54e-6c64-4310-9ef6-558673e0e74b-e3150dd98e38.jpeg",How can we coexist with wildlife in our rapidly changing human-dominated world? The instructors behind Wageningen University &amp; Research’s high ranking ‘Introduction to Animal Behaviour’ have created a sequel. Equip yourself with the skills to assess human-caused impact on diverse species. Learn to apply behavioural principles to design more effective conservation actions. Enrol now.,5,,,4,6,397,True,course-v1:WageningenX+AB102x+3T2022
course-8bccbfd0-e361-4223-8153-2f7532be1aff,8bccbfd0-e361-4223-8153-2f7532be1aff,"Big Data, Hadoop, and Spark Basics",IBM,Course,Course,edX,Introductory,Computer Science,English,Current,self_paced,Unstructured Data; Apache Hadoop; Big Data; SQL (Programming Language); Pyspark; File Systems; Data Warehousing; Nodes (Networking); Parallel Processing; Satellite Imagery; Spark Streaming; Resilience; Apache Hive; Apache Spark; Analytical Skills,https://www.edx.org/learn/big-data/ibm-big-data-hadoop-and-spark-basics,"https://prod-discovery.edx-cdn.org/cdn-cgi/image/width=auto,height=auto,quality=75,format=webp/media/course/image/8bccbfd0-e361-4223-8153-2f7532be1aff-10ab06dd6451.png","This course provides foundational big data practitioner knowledge and analytical skills using popular big data tools, including Hadoop and Spark. Learn and practice your big data skills hands-on.",6,,,2,3,396,True,course-v1:IBM+BD0225EN+2T2021
course-553b147a-6734-49f5-99ed-40ecf1e20eaa,553b147a-6734-49f5-99ed-40ecf1e20eaa,Music Technology Foundations,Adelaide University,Course,Course,edX,Introductory,Computer Science; Art & Culture; Music,English,Current,self_paced,Digital Audio; Electronic Music; MIDI; Music Technology,https://www.edx.org/learn/music-arts/university-of-adelaide-music-technology-foundations,"https://prod-discovery.edx-cdn.org/cdn-cgi/image/width=auto,height=auto,quality=75,format=webp/media/course/image/553b147a-6734-49f5-99ed-40ecf1e20eaa-fb25fa43e3ee.jpeg",Learn how to use creative music technology to make your own music and get a step closer to a career in music.,6,,,2,3,395,False,course-v1:AdelaideX+MusonicX+3T2015
course-eefd0cd2-9229-4b6d-b37d-c4a141bc6154,eefd0cd2-9229-4b6d-b37d-c4a141bc6154,Spanish Vocabulary: Meeting People,"University of California, Davis",Course,Course,edX,Introductory,Language,English,Current,self_paced,,https://www.edx.org/learn/language/university-of-california-davis-spanish-vocabulary-meeting-people,"https://prod-discovery.edx-cdn.org/cdn-cgi/image/width=auto,height=auto,quality=75,format=webp/media/course/image/eefd0cd2-9229-4b6d-b37d-c4a141bc6154-9fdf45106bd7.jpeg","¡Hola! ¿Como Estas? In this entry level course, you will take the first step toward exploring the foundations of Spanish grammar and pronunciation, and will begin to build a working vocabulary of common Spanish words and expressions.",3,,,3,4,394,True,course-v1:UCDavis+SWW1043+2T2023
course-ec15bd20-bfcd-4e88-8c2b-fbf770e8a38c,ec15bd20-bfcd-4e88-8c2b-fbf770e8a38c,Teamwork & Collaboration,Rochester Institute of Technology,Course,Course,edX,Introductory,Communication; Business & Management,English,Current,self_paced,Collaboration; Consensus Decision-Making; Problem Solving; Team Motivation; Decision Making; Leadership; Business Communication; Teamwork,https://www.edx.org/learn/teamwork/rochester-institute-of-technology-teamwork-collaboration,"https://prod-discovery.edx-cdn.org/cdn-cgi/image/width=auto,height=auto,quality=75,format=webp/media/course/image/ec15bd20-bfcd-4e88-8c2b-fbf770e8a38c-74dc2ae2acd1.jpeg","Learn essential teamwork and collaboration skills to lead, build and motivate teams in the workplace.",3,,,4,6,393,True,course-v1:RITx+LEAD102+2T2020
course-b83ccde5-6eeb-482d-b283-64d5c99aa213,b83ccde5-6eeb-482d-b283-64d5c99aa213,Arabic for non-Arabic speakers II,Qatar University,Course,Course,edX,Introductory,Language,English,Current,self_paced,,https://www.edx.org/learn/language/qatar-university-arabic-for-non-arabic-speakers-ii,"https://prod-discovery.edx-cdn.org/cdn-cgi/image/width=auto,height=auto,quality=75,format=webp/media/course/image/b83ccde5-6eeb-482d-b283-64d5c99aa213-47e01238a5c9.png","Arabic for Non-Arabic Speakers II builds on the foundational skills acquired in Course I, enabling learners to confidently communicate in everyday Arabic using simple sentences. Designed for basic learners, this course introduces practical vocabulary and cultural insights to help navigate personal and professional scenarios. Perfect for those in travel, business, diplomacy, or academia, it aligns with the first half of the A1 level according to the CEFR.",5,,,5,8,393,False,course-v1:QUx+QU01X05+3T2024
course-75cf2195-25c7-4462-99d3-2d1fb71139d5,75cf2195-25c7-4462-99d3-2d1fb71139d5,Introduction to Computer Science and Programming,Institute of Science Tokyo,Course,Course,edX,Introductory,Computer Science,English,Current,self_paced,Cryptanalysis; Research; Algorithms; Encryption; Writing; Data Mining; Artificial Intelligence; Ruby (Programming Language); DNA Sequencing; Big Data; Data Science; Computer Simulation; Computer Science; Forecasting,https://www.edx.org/learn/computer-science/institute-of-science-tokyo-introduction-to-computer-science-and-programming-10,"https://prod-discovery.edx-cdn.org/cdn-cgi/image/width=auto,height=auto,quality=75,format=webp/media/course/image/75cf2195-25c7-4462-99d3-2d1fb71139d5-2b0940ad7ef3.jpeg","The term “Computation” refers to the action performed by a computer. A computation can be a basic operation and it can also be a sophisticated computer simulation requiring a large amount of data and substantial resources. This course aims at introducing learners with no prior knowledge to the basic key concepts of computer science. By following the lectures and exercises of this course, you will gain an understanding of algorithms by programming using the language Ruby.",5,,,2,3,390,False,course-v1:ScienceTokyo+CSE101x+1T2025
course-b3ca409d-ade4-43d1-b082-6ba89b3f9103,b3ca409d-ade4-43d1-b082-6ba89b3f9103,Planetary Boundaries,SDG Academy,Course,Course,edX,Intermediate,Energy & Earth Sciences; Social Sciences; Biology & Life Sciences,English,Current,self_paced,Sustainable Development; Sustainability; Resilience; Environmental Science; Geology; Corporate Sustainability,https://www.edx.org/learn/space/sdg-academy-planetary-boundaries,"https://prod-discovery.edx-cdn.org/cdn-cgi/image/width=auto,height=auto,quality=75,format=webp/media/course/image/b3ca409d-ade4-43d1-b082-6ba89b3f9103-d5c7a2d469dc.jpg",Can our planet continue to support the current scope of human activity?,8,,,2,4,389,True,course-v1:SDGAcademyX+PB001+3T2018
course-07225023-cfa3-4ce9-ba7a-9c7278ce2167,07225023-cfa3-4ce9-ba7a-9c7278ce2167,International Women's Health and Human Rights,Stanford University,Course,Course,edX,Introductory,Social Sciences,English,Current,self_paced,Reproductive Health Care,https://www.edx.org/learn/womens-rights/stanford-university-international-women-s-health-and-human-rights,"https://prod-discovery.edx-cdn.org/cdn-cgi/image/width=auto,height=auto,quality=75,format=webp/media/course/image/07225023-cfa3-4ce9-ba7a-9c7278ce2167-d1cf7e4ee59f.jpeg","This self-paced course provides an overview of women's health and human rights, beginning in infancy and childhood, then moving through adolescence, reproductive years and aging. We consider economic, social, political and human rights factors, and the challenges women face in maintaining health and managing their lives in the face of societal pressures and obstacles.",10,,,1,5,387,False,course-v1:StanfordOnline+SOHS-YINTWOMENHEALTH+1T2020
course-881a6df1-a3c2-4b90-926d-9ae8c236d67e,881a6df1-a3c2-4b90-926d-9ae8c236d67e,Grant Proposal Writing,University of Alaska Fairbanks,Course,Course,edX,Introductory,Business & Management; Economics & Finance; Communication,English,Current,self_paced,,https://www.edx.org/learn/business-management/university-of-alaska-fairbanks-grant-proposal-writing,"https://prod-discovery.edx-cdn.org/cdn-cgi/image/width=auto,height=auto,quality=75,format=webp/media/course/image/881a6df1-a3c2-4b90-926d-9ae8c236d67e-39a465e0eccd.jpeg","This course explains the structural components used to write a proposal, but particularly for grants that can bring in resources for a project or program. You will learn how to weave the different components together into a cohesive message efficiently delivered to a potential funder.",4,,,3,5,386,True,course-v1:AlaskaX+GRANT2x+2T2023
course-12c3f3bc-c149-44cd-b429-30f3843e7790,12c3f3bc-c149-44cd-b429-30f3843e7790,Fundamentos del marketing digital,Universitat Politècnica de València,Course,Course,edX,Introductory,Business & Management; Data Analysis & Statistics; Economics & Finance,Spanish,Current,self_paced,Web Analytics; Search Engine Optimization; Business Analysis; Advertisement; Sales; Digital Marketing; Marketing,https://www.edx.org/learn/digital-marketing/universitat-politecnica-de-valencia-fundamentos-del-marketing-digital,"https://prod-discovery.edx-cdn.org/cdn-cgi/image/width=auto,height=auto,quality=75,format=webp/media/course/image/12c3f3bc-c149-44cd-b429-30f3843e7790-0d57d28c3953.jpeg","Aprende todo lo que necesitas saber para que tu marca o empresa se posicione en el mercado, obtenga nuevos clientes, aumente sus ventas y rentabilice al máximo la inversión en marketing digital.",3,,,3,4,386,True,course-v1:UPValenciaX+MKTDIG101x+2T2021
course-9fa82173-2d9e-4d68-9f4e-57e577532462,9fa82173-2d9e-4d68-9f4e-57e577532462,Astronomía Virtual,Universidad Nacional de Córdoba,Course,Course,edX,Introductory,Science; Physics; Energy & Earth Sciences,Spanish,Current,self_paced,Physics; Solar Systems; Astronomy; Basic Math; Space Science,https://www.edx.org/learn/astronomy/universidad-nacional-de-cordoba-astronomia-virtual,"https://prod-discovery.edx-cdn.org/cdn-cgi/image/width=auto,height=auto,quality=75,format=webp/media/course/image/9fa82173-2d9e-4d68-9f4e-57e577532462-fab0b006db03.png","Se trata de un curso en línea para entusiastas de la Astronomía y las ciencias del espacio, que no requiere de ningún conocimiento académico previo.",7,,,5,7,385,False,course-v1:UNCordobaX+CS005x+3T2019
course-8fe22f66-e1c0-4f38-b20d-6434a36ea62f,8fe22f66-e1c0-4f38-b20d-6434a36ea62f,Spanish Vocabulary: Cultural Experience,"University of California, Davis",Course,Course,edX,Introductory,Language,English,Current,self_paced,,https://www.edx.org/learn/language/university-of-california-davis-spanish-vocabulary-cultural-experience,"https://prod-discovery.edx-cdn.org/cdn-cgi/image/width=auto,height=auto,quality=75,format=webp/media/course/image/8fe22f66-e1c0-4f38-b20d-6434a36ea62f-c86624472f90.jpeg","¡Bienvenidos! In this course, you will build upon the basics you learned in Spanish Vocabulary: Meeting People and continue to learn conversational Spanish in three themed modules: talking about food and the market, talking about daily routines, and talking about leisure time.",4,,,3,4,385,True,course-v1:UCDavis+SWW1044+2T2023
course-ed8158ec-92c6-4483-8618-68e1518cf413,ed8158ec-92c6-4483-8618-68e1518cf413,Marketing Innovative Products and Services,"The University of Maryland, College Park",Course,Course,edX,Introductory,Business & Management,English,Current,self_paced,Go-to-Market Strategy; Campaign Management; Marketing Planning; Marketing Strategies; Marketing; Content Marketing; Product Design; Commercialization; Growth Strategies; New Product Development; Innovation; Social Media Marketing; Focus Group; Marketing Concepts; Product Strategy; Decision Making,https://www.edx.org/learn/marketing/the-university-of-maryland-college-park-marketing-innovative-products-and-services,"https://prod-discovery.edx-cdn.org/cdn-cgi/image/width=auto,height=auto,quality=75,format=webp/media/course/image/ed8158ec-92c6-4483-8618-68e1518cf413-036c24d90c72.png",Learn essential marketing concepts and practical commercialization strategies to bring your new venture to market,4,,,2,3,384,True,course-v1:USMx+ENES462x+1T2020
course-ba4d48c1-de89-447f-aa74-d0b02f8923b6,ba4d48c1-de89-447f-aa74-d0b02f8923b6,Migration Law,Université catholique de Louvain,Course,Course,edX,Advanced,Law; Humanities,English,Current,self_paced,,https://www.edx.org/learn/law/universite-catholique-de-louvain-migration-law,"https://prod-discovery.edx-cdn.org/cdn-cgi/image/width=auto,height=auto,quality=75,format=webp/media/course/image/ba4d48c1-de89-447f-aa74-d0b02f8923b6-b6ffb6dacd38.png",Learn the fundamentals of Migration Law. This course analyses in a theoretical and practical way the evolution of international migration law.,16,,,6,8,384,True,course-v1:LouvainX+Louv32x+1T2024
course-afe31507-6746-4a53-95c4-b8c28a2e0297,afe31507-6746-4a53-95c4-b8c28a2e0297,Retail Fundamentals,Dartmouth College,Course,Course,edX,Intermediate,Business & Management,English,Current,self_paced,Management; Forecasting; Planning; Retail Management; Product Assortment; Inventory Forecasting,https://www.edx.org/learn/retail/dartmouth-college-retail-fundamentals,"https://prod-discovery.edx-cdn.org/cdn-cgi/image/width=auto,height=auto,quality=75,format=webp/media/course/image/afe31507-6746-4a53-95c4-b8c28a2e0297-b4245ecf5153.jpg","Learn key components of the retail business, including forecasting, inventory management, product assortment planning and pricing from TuckX and the Tuck School of Business at Dartmouth.",4,,,3,5,383,True,course-v1:DartmouthX+RFundX+1T2017
course-adb941d2-fea9-4a35-8dfd-e2d7c8c48f61,adb941d2-fea9-4a35-8dfd-e2d7c8c48f61,JavaScript Basics,"University of California, Davis",Course,Course,edX,Introductory,Computer Science,English,Current,self_paced,,https://www.edx.org/learn/computer-science/university-of-california-davis-javascript-basics,"https://prod-discovery.edx-cdn.org/cdn-cgi/image/width=auto,height=auto,quality=75,format=webp/media/course/image/adb941d2-fea9-4a35-8dfd-e2d7c8c48f61-79d533480679.jpeg",Gain insight into the topic of JavaScript and learn the basic fundamentals.,4,,,2,5,383,True,course-v1:UCDavis+WEB1090+2T2023
course-76a56053-d4c3-49d2-8a69-f2a5f34161ea,76a56053-d4c3-49d2-8a69-f2a5f34161ea,"Smart Analytics, Machine Learning, and AI on Google Cloud",Google Cloud,Course,Course,edX,Introductory,Computer Science,English,Current,self_paced,,https://www.edx.org/learn/artificial-intelligence/google-cloud-smart-analytics-machine-learning-and-ai-on-google-cloud,"https://prod-discovery.edx-cdn.org/cdn-cgi/image/width=auto,height=auto,quality=75,format=webp/media/course/image/76a56053-d4c3-49d2-8a69-f2a5f34161ea-2e7741977bf9.png",This course covers several ways machine learning can be included in data pipelines on Google Cloud depending on the level of customization required.,1,,,3,5,383,True,course-v1:GoogleCloud+DELP6x+2T2023
course-40e02c86-a59c-4e18-886a-a6d6e75aa081,40e02c86-a59c-4e18-886a-a6d6e75aa081,Data Representation and Visualization in Tableau,Rochester Institute of Technology,Course,Course,edX,Intermediate,Data Analysis & Statistics,English,Current,self_paced,Data Visualization; Graphic Communication; Drag And Drop; Decision Making; Tableau (Business Intelligence Software); Data-Driven Decision-Making,https://www.edx.org/learn/data-visualization/rochester-institute-of-technology-data-representation-and-visualization-in-tableau,"https://prod-discovery.edx-cdn.org/cdn-cgi/image/width=auto,height=auto,quality=75,format=webp/media/course/image/40e02c86-a59c-4e18-886a-a6d6e75aa081-01853eb2d3b4.jpeg",Use Tableau to explore data and discover insights to innovate data-driven decision-making.,4,,,6,8,382,True,course-v1:RITx+Data103x+3T2020
course-84d1486b-5551-4a21-8610-1eb1b5870587,84d1486b-5551-4a21-8610-1eb1b5870587,Electric Cars: Introduction,Delft University of Technology,Course,Course,edX,Intermediate,Engineering; Business & Management; Electronics,English,Current,self_paced,Electric Vehicles; Innovation; Infrastructure; Business Modeling,https://www.edx.org/learn/electric-cars/delft-university-of-technology-electric-cars-introduction,"https://prod-discovery.edx-cdn.org/cdn-cgi/image/width=auto,height=auto,quality=75,format=webp/media/course/image/84d1486b-5551-4a21-8610-1eb1b5870587-9f65e8514b8f.jpg","Get a basic understanding of electric cars and learn about leading technologies, development of profitable business models and effective policies.",4,,,4,5,381,True,course-v1:DelftX+eCARS1x+1T2018
course-28658a8e-ee16-4f5d-925b-a38c99d7f932,28658a8e-ee16-4f5d-925b-a38c99d7f932,Essential Writing for Professionals and Graduate Students,American Psychological Association,Course,Course,edX,Introductory,Social Sciences; Communication,English,Current,self_paced,,https://www.edx.org/learn/social-sciences/american-psychological-association-essential-writing-for-professionals-and-graduate-students,"https://prod-discovery.edx-cdn.org/cdn-cgi/image/width=auto,height=auto,quality=75,format=webp/media/course/image/28658a8e-ee16-4f5d-925b-a38c99d7f932-d9e36c939490.jpeg","This course covers the fundamentals of expository writing—writing intended to explain ideas and convey information. Whether you want to improve your reports at work, perfect your academic papers, or just make your emails more impactful, this course will provide practical recommendations for improving your written communication. You’ll learn how to effectively research a topic, draft and revise a document, and ensure your final product communicates your ideas concisely, precisely, and clearly.",8,,,2,5,381,False,course-v1:APA+WRI-PRO+3T2024
course-1deade79-2fb4-4668-8976-e4a694ac2fda,1deade79-2fb4-4668-8976-e4a694ac2fda,Le management,HEC Montréal,Course,Course,edX,Introductory,Business & Management,French,Current,self_paced,Textiles; Leadership; Management; Psychology,https://www.edx.org/learn/management/hec-montreal-le-management,"https://prod-discovery.edx-cdn.org/cdn-cgi/image/width=auto,height=auto,quality=75,format=webp/media/course/image/1deade79-2fb4-4668-8976-e4a694ac2fda-301cf2a2d8c0.jpg",Ce cours de management s’adresse à celles et ceux qui sont à la recherche d’une meilleure compréhension des théories et des pratiques du management.,5,,,2,3,381,True,course-v1:HECMontrealX+MAN01.1x+3T2019
course-156c045f-5815-4038-bfd5-c0e044fe8c29,156c045f-5815-4038-bfd5-c0e044fe8c29,"Feeding a Hungry Planet: Agriculture, Nutrition and Sustainability",SDG Academy,Course,Course,edX,Intermediate,Environmental Studies; Food & Nutrition; Social Sciences,English,Current,self_paced,Social Entrepreneurship; International Aid Transparency Initiative; Agriculture; Food Security; Malnutrition; Economics; Ecosystem Science,https://www.edx.org/learn/sustainability/sdg-academy-feeding-a-hungry-planet-agriculture-nutrition-and-sustainability,"https://prod-discovery.edx-cdn.org/cdn-cgi/image/width=auto,height=auto,quality=75,format=webp/media/course/image/156c045f-5815-4038-bfd5-c0e044fe8c29-d65df2c5cdd4.jpg",How do we create a healthy and sustainable diet for the growing world population?,7,,,3,5,381,False,course-v1:SDGAcademyX+FHP001+1T2019
course-8b7520f3-f191-46f5-a1c9-0f0260bd3d02,8b7520f3-f191-46f5-a1c9-0f0260bd3d02,New Product Development,Indian Institute of Management Bangalore,Course,Course,edX,Introductory,Business & Management,English,Current,self_paced,New Product Development; Technology Life Cycle; Product Lifecycle,https://www.edx.org/learn/product-design/indian-institute-of-management-bangalore-new-product-development,"https://prod-discovery.edx-cdn.org/cdn-cgi/image/width=auto,height=auto,quality=75,format=webp/media/course/image/8b7520f3-f191-46f5-a1c9-0f0260bd3d02-af44133a8701.jpg","Learn how to deal with the central challenges and the processes, tools and techniques that are involved in the design and development of new products that can potentially be successful in an evolving marketplace",6,,,3,5,378,True,course-v1:IIMBx+EP103x+1T2019
course-740a6367-60cb-42df-9299-826faae19fcf,740a6367-60cb-42df-9299-826faae19fcf,Maths Essentials: Proctored exam,The London School of Economics and Political Science,Course,Course,edX,Introductory,Math,English,Current,self_paced,Data Science; Basic Math; International Relations; Economics; Calculus; Integral Calculus; Finance; Elementary Algebra; Accounting; Management; Differential Calculus; Innovation; Business Analytics; Algebra,https://www.edx.org/learn/math/the-london-school-of-economics-and-political-science-math-essentials-proctored-exam,"https://prod-discovery.edx-cdn.org/cdn-cgi/image/width=auto,height=auto,quality=75,format=webp/media/course/image/740a6367-60cb-42df-9299-826faae19fcf-db710d458f05.jpeg",This proctored exam assesses the material in the 'LSE Maths Essentials' course and can be used as the Mathematics Entrance Requirement for the University of London's EMFSS Programmes - academic direction provided by LSE.,1,,,2,3,377,False,course-v1:LSE+LSEIPUMPE+1T2025
course-ab26a0c8-003e-4a61-9f18-0f0395c3b4c6,ab26a0c8-003e-4a61-9f18-0f0395c3b4c6,Introduction to Connected Strategy,The Wharton School of the University of Pennsylvania,Course,Course,edX,Intermediate,Business & Management,English,Current,self_paced,Innovation; Customer Service; Customer Experience; Business Modeling,https://www.edx.org/learn/business-strategy/the-wharton-school-of-the-university-of-pennsylvania-introduction-to-connected-strategy,"https://prod-discovery.edx-cdn.org/cdn-cgi/image/width=auto,height=auto,quality=75,format=webp/media/course/image/ab26a0c8-003e-4a61-9f18-0f0395c3b4c6-b96f70055330.jpg","Technology has caused firms to fundamentally change their strategy to connect with their customers in new and different ways. In this course, weexplore the impact of connected strategies as well as business opportunities associated with those strategies.",6,,,2,4,376,True,course-v1:Wharton+ConnectedStrategy+2T2019
course-a113e682-3ebc-4f52-8fd6-0157c9b3e529,a113e682-3ebc-4f52-8fd6-0157c9b3e529,Fixed Income Portfolio Management,New York Institute of Finance,Course,Course,edX,Advanced,Economics & Finance,English,Current,self_paced,Portfolio Management; Portfolio Management Professional; Fixed Income; Investment Management; Finance,https://www.edx.org/learn/portfolio-management/new-york-institute-of-finance-fixed-income-portfolio-management,"https://prod-discovery.edx-cdn.org/cdn-cgi/image/width=auto,height=auto,quality=75,format=webp/media/course/image/a113e682-3ebc-4f52-8fd6-0157c9b3e529-e564c7ade480.png",Learn how to construct and manage fixed income portfolios using the latest tools and techniques.,4,,,1,2,376,True,course-v1:NYIF+PMPC.PC1x+2T2021
course-b7e63e30-8e1a-4e9a-8ed3-24ed21861295,b7e63e30-8e1a-4e9a-8ed3-24ed21861295,The Art and The Science of Futures Thinking: Foundations and Frameworks.,University of Cambridge,Course,Course,edX,Introductory,Social Sciences,English,Current,self_paced,Forecasting; Decision Making; Strategic Thinking; Interactive Learning; Resilience; Futures Exchange; Systems Thinking; Influencing Skills; Strategic Planning,https://www.edx.org/learn/social-sciences/university-of-cambridge-futures-thinking-horizon-scanning-the-fundamentals-of-navigating-uncertainties,"https://prod-discovery.edx-cdn.org/cdn-cgi/image/width=auto,height=auto,quality=75,format=webp/media/course/image/b7e63e30-8e1a-4e9a-8ed3-24ed21861295-cc7ef551590c.jpeg","Learn to navigate uncertainty and shape the future. This course equips you with concepts, methods and tools in foresight and strategic thinking to tackle complex challenges and drive meaningful change.",6,,,3,5,374,False,course-v1:UniversityofCambridge+FTHS+3T2024
course-742ebc04-732e-4133-b674-41124c0df79b,742ebc04-732e-4133-b674-41124c0df79b,Data Mining and Knowledge Discovery,The Hong Kong University of Science and Technology,Course,Course,edX,Intermediate,Computer Science,English,Current,self_paced,Research; Web Mining; Data Mining; Knowledge Discovery,https://www.edx.org/learn/data-mining/the-hong-kong-university-of-science-and-technology-data-mining-and-knowledge-discovery,"https://prod-discovery.edx-cdn.org/cdn-cgi/image/width=auto,height=auto,quality=75,format=webp/media/course/image/742ebc04-732e-4133-b674-41124c0df79b-90f628870e7c.jpeg",Learn how to discover knowledge in data via data mining.,8,,,6,10,373,True,course-v1:HKUSTx+MSBD5002x+1T2022
course-54c784e6-e41d-4c58-8f7f-b9a3cec43a0c,54c784e6-e41d-4c58-8f7f-b9a3cec43a0c,VITARA - Human Resource Management,The International Monetary Fund,Course,Course,edX,Introductory,Economics & Finance,English,Current,self_paced,Human Resource Management; Tax Administration,https://www.edx.org/learn/economics/the-international-monetary-fund-vitara-human-resource-management,"https://prod-discovery.edx-cdn.org/cdn-cgi/image/width=auto,height=auto,quality=75,format=webp/media/course/image/54c784e6-e41d-4c58-8f7f-b9a3cec43a0c-79ec03c4cb19.png","This course provides fundamental knowledge on Human Resource Management matters within a tax administration including among others HRM strategy and its implementation, HRM organizational models, HRM functions and the key areas of an effective HRM system.",1,,,3,6,373,False,course-v1:IMFx+VITARA-HRMx+3T2022
course-7a694dc8-75f4-4357-b8cc-02d4588b0e4f,7a694dc8-75f4-4357-b8cc-02d4588b0e4f,Probability Theory,Delft University of Technology,Course,Course,edX,Intermediate,Math,English,Current,self_paced,Signal Processing; Probability Theories; Calculus; Random Variables; Basic Math; Statistics; Finance; Data Analysis,https://www.edx.org/learn/probability/delft-university-of-technology-probability-theory,"https://prod-discovery.edx-cdn.org/cdn-cgi/image/width=auto,height=auto,quality=75,format=webp/media/course/image/7a694dc8-75f4-4357-b8cc-02d4588b0e4f-4f85d7bd42b8.jpeg","This course provides an introduction to probability theory. You will encounter discrete and continuous random variables and learn in which situations they appear, what their properties are and how they interact.",6,,,4,6,372,True,course-v1:DelftX+MMFEPx+2T2023
course-2d2f6edf-3715-4056-a7b0-226ef76ca23d,2d2f6edf-3715-4056-a7b0-226ef76ca23d,Quantitative Marketing Research,Indian Institute of Management Bangalore,Course,Course,edX,Introductory,Business & Management; Data Analysis & Statistics,English,Current,self_paced,Conjoint Analysis; Market Segmentation; Value Propositions; Marketing Research; Addressing Ethical Concerns; Research; Quantitative Marketing Research; Market Research; Marketing Concepts; Marketing; Cluster Analysis,https://www.edx.org/learn/marketing/indian-institute-of-management-bangalore-quantitative-marketing-research,"https://prod-discovery.edx-cdn.org/cdn-cgi/image/width=auto,height=auto,quality=75,format=webp/media/course/image/2d2f6edf-3715-4056-a7b0-226ef76ca23d-599193a49208.jpg","Learn how to design a quantitative market research project, and implement specific methods, interpret data and come up with marketing decisions.",5,,,3,4,372,True,course-v1:IIMBx+MK150x+3T2019
course-47e3d376-c768-4700-9d69-b221f47bc4ec,47e3d376-c768-4700-9d69-b221f47bc4ec,Performance and Motivation at Work,University of Canterbury,Course,Course,edX,Advanced,Business & Management; Social Sciences,English,Current,self_paced,Leadership; Goal Setting; Industrial And Organizational Psychology; Performance Management; Performance Measurement,https://www.edx.org/learn/workplace-wellness/university-of-canterbury-performance-and-motivation-at-work,"https://prod-discovery.edx-cdn.org/cdn-cgi/image/width=auto,height=auto,quality=75,format=webp/media/course/image/47e3d376-c768-4700-9d69-b221f47bc4ec-83822e076e5d.jpeg","Learn what factors support high performance at work, including systems, processes, and interpersonal relationships, as part of the Organizational Psychology MicroMasters.",6,,,6,8,371,True,course-v1:UCx+PSY02.3ucX+3T2021
course-3e587444-7d0e-4914-be3f-44c16f8c92a7,3e587444-7d0e-4914-be3f-44c16f8c92a7,Urban Ecology Design,Delft University of Technology,Course,Course,edX,Introductory,Design; Environmental Studies; Architecture,English,Current,self_paced,,https://www.edx.org/learn/design/delft-university-of-technology-urban-ecology-design,"https://prod-discovery.edx-cdn.org/cdn-cgi/image/width=auto,height=auto,quality=75,format=webp/media/course/image/3e587444-7d0e-4914-be3f-44c16f8c92a7-ee2ae4c43cae.jpeg","Learn how to contribute to a more biodiverse, nature-inclusive and sustainable built environment by using nature-based solutions in your designs and policies.",6,,,3,4,371,False,course-v1:DelftX+URED1x+2T2024
course-f0e739b2-40cc-49bf-8f24-11a41b54ac16,f0e739b2-40cc-49bf-8f24-11a41b54ac16,Automata Theory,Stanford University,Course,Course,edX,Advanced,Computer Science,English,Current,self_paced,Deterministic Methods; Parsing; Regular Expressions; Boolean Expression; Pushdown Automaton; Finite Automata; Turing Machine; Automata Theory; Algorithms; Np Complete,https://www.edx.org/learn/coding/stanford-university-automata-theory,"https://prod-discovery.edx-cdn.org/cdn-cgi/image/width=auto,height=auto,quality=75,format=webp/media/course/image/f0e739b2-40cc-49bf-8f24-11a41b54ac16-2355c3022040.png","This course covers the theory of automata and languages. We begin with a study of finite automata and the languages they can define (the so-called ""regular languages."" Topics include deterministic and nondeterministic automata, regular expressions, and the equivalence of these language-defining mechanisms.",7,,,5,10,370,False,course-v1:StanfordOnline+CSX0005+1T2020
course-5b2cb003-927c-4f5e-be3e-3430d16f0a9a,5b2cb003-927c-4f5e-be3e-3430d16f0a9a,Strategic Management Capstone,The Wharton School of the University of Pennsylvania,Course,Course,edX,Intermediate,Business & Management,English,Current,self_paced,Strategic Management,https://www.edx.org/learn/strategic-management/the-wharton-school-of-the-university-of-pennsylvania-strategic-management-capstone,"https://prod-discovery.edx-cdn.org/cdn-cgi/image/width=auto,height=auto,quality=75,format=webp/media/course/image/5b2cb003-927c-4f5e-be3e-3430d16f0a9a-4db739f053a1.jpg",Apply the knowledge you learned from the Introduction to Connected Strategy course in this comprehensive workshop that will help you create new connected strategies for your organization.,6,,,2,4,370,True,course-v1:Wharton+ConnectedStrategyCapstone+2T2019
course-7df64a4a-64a6-4602-9c27-eb81a28b53df,7df64a4a-64a6-4602-9c27-eb81a28b53df,Introduction to Pharmacokinetics: From ADME to PK/PD,Davidson College,Course,Course,edX,Intermediate,Chemistry; Medicine,English,Current,self_paced,Pharmacokinetics; Pharmacodynamics; Drug Discovery; Anatomy; Forecasting; Auditing; Laboratory Testing,https://www.edx.org/learn/chemistry/davidson-college-introduction-to-pharmacokinetics-from-adme-to-pk-pd,"https://prod-discovery.edx-cdn.org/cdn-cgi/image/width=auto,height=auto,quality=75,format=webp/media/course/image/7df64a4a-64a6-4602-9c27-eb81a28b53df-71eb1f815d3e.png","A critical aspect of a drug involves how a drug is dosed and circulates throughout the body of a patient. These qualities are aspects of a drug’s pharmacokinetics or PK. Pharmacokinetics encompasses how a drug is absorbed and flows through a patient until it is ultimately eliminated. While pharmacokinetics covers drug behavior in a living organism, PK properties can often be predicted through laboratory tests for a compound’s ADME properties. ADME stands for absorption, distribution, metabolism, and excretion. The PK and ADME properties of potential drug are closely monitored throughout the discovery and early development stages of a drug campaign.",3,,,5,10,369,True,course-v1:DavidsonX+medchem3+1T2024
course-57f96b04-c80a-49ba-98a3-433af11bcc38,57f96b04-c80a-49ba-98a3-433af11bcc38,Writing for Social Justice,"University of California, Berkeley",Course,Course,edX,Introductory,Humanities,English,Current,self_paced,Governance; Persuasive Communication; Writing; Program Management; Marketing; Learning Platforms; Social Justice; Critical Thinking,https://www.edx.org/learn/social-justice/university-of-california-berkeley-writing-for-social-justice,"https://prod-discovery.edx-cdn.org/cdn-cgi/image/width=auto,height=auto,quality=75,format=webp/media/course/image/57f96b04-c80a-49ba-98a3-433af11bcc38-1ac81011927f.jpg","Learn to harness the power of writing to bring about about personal, social, and political changes that matter.",4,,,4,5,368,False,course-v1:BerkeleyX+ColWri16x+3T2019
course-66a78dfc-0ec0-4445-a01f-5596c1c886be,66a78dfc-0ec0-4445-a01f-5596c1c886be,Data Warehousing and BI Analytics,IBM,Course,Course,edX,Intermediate,Computer Science,English,Current,self_paced,Data Warehouse Systems; Materialized View; Star Schema; Business Intelligence Tools; Snowflake Schema; SQL (Programming Language); Relational Databases; Business Intelligence; Dashboard; Data Warehousing; Data Lakes,https://www.edx.org/learn/data-warehouse/ibm-data-warehousing-and-bi-analytics,"https://prod-discovery.edx-cdn.org/cdn-cgi/image/width=auto,height=auto,quality=75,format=webp/media/course/image/66a78dfc-0ec0-4445-a01f-5596c1c886be-3cf9a3407147.jpeg","This course introduces you to designing, implementing and populating a data warehouse and analyzing its data using SQL &amp; Business Intelligence (BI) tools.",6,,,2,3,367,True,course-v1:IBM+DB260EN+1T2022
course-623db73f-831d-408f-98ca-352fb6f19710,623db73f-831d-408f-98ca-352fb6f19710,Landscape Ecology,ETH Zurich,Course,Course,edX,Intermediate,Environmental Studies,English,Current,self_paced,Landscape Ecology; Landscaping; Land Management; Social Sciences,https://www.edx.org/learn/environmental-science/eth-zurich-landscape-ecology,"https://prod-discovery.edx-cdn.org/cdn-cgi/image/width=auto,height=auto,quality=75,format=webp/media/course/image/623db73f-831d-408f-98ca-352fb6f19710-841608bb38ae.jpg","This is the first MOOC to teach Landscape Ecology. Participants learn theory, methods and tools to understand the landscapes we live in and to solve landscape-related environmental problems.",14,,,2,4,367,False,course-v1:ETHx+LE-01x+3T2018
course-00974327-a514-4c69-abaf-581e9c892945,00974327-a514-4c69-abaf-581e9c892945,Introducción a la Regulación Emocional basada en Mindfulness,Universidad Autónoma de Madrid,Course,Course,edX,Introductory,Health & Safety; Medicine; Social Sciences,Spanish,Current,self_paced,Mental Health; Curiosity; Information Sciences; Compassion,https://www.edx.org/learn/health-wellness/universidad-autonoma-de-madrid-introduccion-a-la-regulacion-emocional-basada-en-mindfulness,"https://prod-discovery.edx-cdn.org/cdn-cgi/image/width=auto,height=auto,quality=75,format=webp/media/course/image/00974327-a514-4c69-abaf-581e9c892945-8ad13bc6b94e.jpg","Entrena la mente para traerla al momento presente, toma conciencia y gestiona un amplio espectro de emociones con amabilidad a través de la práctica de Mindfulness.",5,,,3,5,367,False,course-v1:UAMx+Mindfulness+1T2019
course-8eb6744c-2f8d-48b9-9002-e32f9532719c,8eb6744c-2f8d-48b9-9002-e32f9532719c,Pediatric HIV,Columbia University,Course,Course,edX,Intermediate,Medicine; Health & Safety,English,Current,self_paced,Nursing Care; Nursing; Pediatrics,https://www.edx.org/learn/medicine/columbia-university-pediatric-hiv-nursing,"https://prod-discovery.edx-cdn.org/cdn-cgi/image/width=auto,height=auto,quality=75,format=webp/media/course/image/8eb6744c-2f8d-48b9-9002-e32f9532719c-15fce89e0c22.jpg",Learn pediatric HIV care and treatment according to up-to-date World Health Organization clinical guidelines.,8,,,2,3,366,False,course-v1:ColumbiaX+PHN8x+2T2017
course-721d7796-514b-48fa-bc74-5ccf4e1b2571,721d7796-514b-48fa-bc74-5ccf4e1b2571,Financial Valuation Foundations,"University of Oxford; Saïd Business School, University of Oxford",Course,Course,edX,Introductory,Economics & Finance,English,Current,self_paced,Decision Making; Business Strategies; Rate Of Return; Time Value Of Money; Finance; Investments; Net Present Value; Value Creation,https://www.edx.org/learn/economics-finance/university-of-oxford-financial-valuation-foundations,"https://prod-discovery.edx-cdn.org/cdn-cgi/image/width=auto,height=auto,quality=75,format=webp/media/course/image/721d7796-514b-48fa-bc74-5ccf4e1b2571-8e815a1daf24.jpeg","Discover the time value of money, net present value (NPV), and internal rate of return (IRR).",4,,,2,4,366,False,course-v1:OxfordX+OXFEFP01+2T2025
course-66f9f903-ad3c-4acc-9b5c-ca49e8c082c8,66f9f903-ad3c-4acc-9b5c-ca49e8c082c8,Personal Financial Management,New York Institute of Finance,Course,Course,edX,Introductory,Economics & Finance,English,Current,self_paced,Personal Finance; Goal Setting; Financial Literacy; Financial Management; Money Management,https://www.edx.org/learn/economics-finance/new-york-institute-of-finance-personal-financial-management,"https://prod-discovery.edx-cdn.org/cdn-cgi/image/width=auto,height=auto,quality=75,format=webp/media/course/image/66f9f903-ad3c-4acc-9b5c-ca49e8c082c8-64c5dfbb2bd3.jpeg","Master the Art of Money Management with our Personal Financial Management Micro-Certificate. Learn to budget, save, and make informed financial decisions—from setting goals to understanding credit and debt. Build lifelong financial confidence.",2,,,6,7,365,True,course-v1:NYIF+YFSX.2.0+2T2025
course-30260ab1-8013-4493-9d1e-24cea7d1f5f4,30260ab1-8013-4493-9d1e-24cea7d1f5f4,Fundamentals of Aesthetic Dentistry,The University of Hong Kong,Course,Course,edX,Introductory,Medicine; Health & Safety,English,Current,self_paced,Natural Sounds; Dentistry; Treatment Planning; Cosmetic Dentistry; Demonstration Skills; Photography; Aesthetics; Lecturing; Color Theory,https://www.edx.org/learn/dentistry/university-of-hong-kong-fundamentals-of-aesthetic-dentistry,"https://prod-discovery.edx-cdn.org/cdn-cgi/image/width=auto,height=auto,quality=75,format=webp/media/course/image/30260ab1-8013-4493-9d1e-24cea7d1f5f4-ffad5d893c9c.png","Embark on a captivating journey through the realm of aesthetic treatments with our dynamic online lecture and demonstration series. This trio of MOOCs offers a comprehensive exploration of aesthetic dentistry, from core concepts (MOOC 1) to cutting-edge, minimally invasive methods (MOOC 2) and advanced techniques (MOOC 3). Delivered by a stellar lineup of global and local industry pioneers, our courses bring you the freshest insights and trends in aesthetic dentistry.",4,,,1,2,365,False,course-v1:HKUx+AES_Dentistry_1x+3T2023
course-ef2b8f17-d409-457a-8502-0d2642873034,ef2b8f17-d409-457a-8502-0d2642873034,Community Engagement: Collaborating for Change,The University of Michigan,Course,Course,edX,Introductory,Social Sciences; Communication; Humanities,English,Current,self_paced,Community Organizing; Community-Based Participatory Research; Collaboration,https://www.edx.org/learn/social-science/the-university-of-michigan-community-engagement-collaborating-for-change,"https://prod-discovery.edx-cdn.org/cdn-cgi/image/width=auto,height=auto,quality=75,format=webp/media/course/image/ef2b8f17-d409-457a-8502-0d2642873034-ee693ff8b948.jpg","Learn principles and strategies for engaging with U.S.-based and global communities through partnerships, research, service, and learning",6,,,2,4,364,False,course-v1:MichiganX+CommunityX+2T2018
course-9721a0bb-c9bb-46e1-8b96-be7069b3b96a,9721a0bb-c9bb-46e1-8b96-be7069b3b96a,Consumer Behaviour,Indian Institute of Management Bangalore,Course,Course,edX,Introductory,Business & Management,English,Current,self_paced,Decision Making; Consumer Behaviour; Marketing Mix; Marketing; Digital Marketing; Marketing Research; Marketing Strategies; Brand Positioning; Sales Management; Brand Management,https://www.edx.org/learn/marketing/indian-institute-of-management-bangalore-consumer-behaviour,"https://prod-discovery.edx-cdn.org/cdn-cgi/image/width=auto,height=auto,quality=75,format=webp/media/course/image/9721a0bb-c9bb-46e1-8b96-be7069b3b96a-103d7e78627e.jpeg",The course will introduce the learner to behavioral perspectives in marketing that will provide a conceptual perspective to any participant working in retailing /advertising /brand management / sales management/ marketing research (appreciation of consumer behavior only and not marketing research tools)/ marketing strategy/ digital marketing in areas of consumer fast moving goods/ durable goods/services .,6,,,2,4,364,True,course-v1:IIMBx+MK204x+1T2020
course-6e599f57-f685-4676-a47a-86f16743e2a7,6e599f57-f685-4676-a47a-86f16743e2a7,Fundamentos de información financiera y contable,Universidades Anáhuac,Course,Course,edX,Intermediate,Economics & Finance; Data Analysis & Statistics; Math,Spanish,Current,self_paced,Finance; Accounting; Balance Sheet; Comprehensive Income; Accounting Regulations; Trial Balance,https://www.edx.org/learn/financial-accounting/universidades-anahuac-fundamentos-de-informacion-financiera-y-contable,"https://prod-discovery.edx-cdn.org/cdn-cgi/image/width=auto,height=auto,quality=75,format=webp/media/course/image/6e599f57-f685-4676-a47a-86f16743e2a7-19ace3a9e745.jpg","En este curso en línea se revisarán los conceptos básicos de la contabilidad, identificando la normatividad contable, el uso y aplicación de la cuenta y la balanza de comprobación.",5,,,5,7,363,False,course-v1:AnahuacX+UVA-MM1x+1T2020
course-0bc79586-dd66-49d1-a17b-3e07ac0b724f,0bc79586-dd66-49d1-a17b-3e07ac0b724f,An Introduction to Credit Risk Management,Delft University of Technology,Course,Course,edX,Intermediate,Business & Management; Data Analysis & Statistics; Economics & Finance,English,Current,self_paced,Financial Crisis; Market Risk; Manifests; Operational Risk; Credit Risk; Loans; Hedging; Credit Risk Management,https://www.edx.org/learn/risk-management/delft-university-of-technology-an-introduction-to-credit-risk-management,"https://prod-discovery.edx-cdn.org/cdn-cgi/image/width=auto,height=auto,quality=75,format=webp/media/course/image/0bc79586-dd66-49d1-a17b-3e07ac0b724f-be70fd8c179b.jpg","What is credit risk? Why is it so important, in modern economies, to correctly deal with it? This course combines theory with practice to answer these questions.",7,,,6,7,362,False,course-v1:DelftX+TW3421x+1T2016
course-ffbec579-96a8-46aa-8631-d4f4cefb6d40,ffbec579-96a8-46aa-8631-d4f4cefb6d40,Design in Healthcare: Using Patient Journey Mapping,Delft University of Technology,Course,Course,edX,Introductory,Design; Medicine,English,Current,self_paced,Patient Treatment; Service Design; Innovation,https://www.edx.org/learn/healthcare/delft-university-of-technology-design-in-healthcare-using-patient-journey-mapping,"https://prod-discovery.edx-cdn.org/cdn-cgi/image/width=auto,height=auto,quality=75,format=webp/media/course/image/ffbec579-96a8-46aa-8631-d4f4cefb6d40-ed33d7ddc355.png",Learn about the Patient Journey Mapping method for innovative product and service design in healthcare.,8,,,3,4,361,True,course-v1:DelftX+MED01x+1T2017
course-df1709d8-694c-44c5-9606-adf57d0669be,df1709d8-694c-44c5-9606-adf57d0669be,"Blockchain and FinTech: Basics, Applications, and Limitations",The University of Hong Kong,Course,Course,edX,Introductory,Computer Science; Economics & Finance,English,Current,self_paced,Distributed Ledgers; Algorithms; Cryptocurrency; Emerging Technologies; Finance; Financial Technology (FinTech); Cryptography; Bitcoin; Blockchain,https://www.edx.org/learn/blockchain/university-of-hong-kong-blockchain-and-fintech-basics-applications-and-limitations,"https://prod-discovery.edx-cdn.org/cdn-cgi/image/width=auto,height=auto,quality=75,format=webp/media/course/image/df1709d8-694c-44c5-9606-adf57d0669be-fcab48177aae.jpg","Understand the design rationale of blockchain technology, its emerging platforms and applications and uncover the limitations and the opportunities enabled by blockchain applications, particularly as it relates to finance.",6,,,3,4,360,True,course-v1:HKUx+HKU_10x+2T2019
course-7a3eae77-63d8-48ae-880e-f8b469148dea,7a3eae77-63d8-48ae-880e-f8b469148dea,Management - Becoming an Effective Leader,Doane University,Course,Course,edX,Introductory,Business & Management; Communication,English,Current,self_paced,Management; Auditing; Communications; Decision Making; Planning,https://www.edx.org/learn/leadership/doane-university-management-becoming-an-effective-leader,"https://prod-discovery.edx-cdn.org/cdn-cgi/image/width=auto,height=auto,quality=75,format=webp/media/course/image/7a3eae77-63d8-48ae-880e-f8b469148dea-b16139b2e610.jpeg","Analyze characteristics and qualities of an effective leader.
This course is eligible for Audit and Verified Certificate only.",8,,,5,10,360,False,course-v1:DoaneX+BUS242X+2T2020
course-6fb00ff0-9a64-4f7e-a559-4be3babbe116,6fb00ff0-9a64-4f7e-a559-4be3babbe116,Introduction to Bayesian Statistics Using R,University of Canterbury,Course,Course,edX,Introductory,Data Analysis & Statistics; Math,English,Current,self_paced,Deep Learning; Data Mining; Elementary Algebra; Ecology; Economics; Markov Chain Monte Carlo; Political Sciences; Bayesian Statistics; Epidemiology; Data Analysis; R (Programming Language); Calculus,https://www.edx.org/learn/r-programming/university-of-canterbury-introduction-to-bayesian-statistics-using-r,"https://prod-discovery.edx-cdn.org/cdn-cgi/image/width=auto,height=auto,quality=75,format=webp/media/course/image/6fb00ff0-9a64-4f7e-a559-4be3babbe116-26391d49e6ce.png","Learn the fundamentals of Bayesian approach to data analysis, and practice answering real life questions using R.",6,,,5,10,360,True,course-v1:UCx+STA02.1ucX+3T2021
course-a5bf69bb-7de0-4bc5-b46d-a5f607fe1529,a5bf69bb-7de0-4bc5-b46d-a5f607fe1529,Database Design and Basic SQL in PostgreSQL,The University of Michigan,Course,Course,edX,Intermediate,Computer Science; Data Analysis & Statistics,English,Current,self_paced,SQL (Programming Language); Database Design; PL/SQL; PostgreSQL,https://www.edx.org/learn/databases/the-university-of-michigan-database-design-and-basic-sql-in-postgresql,"https://prod-discovery.edx-cdn.org/cdn-cgi/image/width=auto,height=auto,quality=75,format=webp/media/course/image/a5bf69bb-7de0-4bc5-b46d-a5f607fe1529-a798dd5624b0.png","This first course in PostgreSQL for Everybody explores the use of SQL in the PostgreSQL environment and introduces SQL techniques and commands. This course also explores data modeling and database relationships, while introducing hands-on assignments to work within PostgreSQL.",4,,,2,4,359,True,course-v1:MichiganX+PG4E501x+3T2021
course-caedfa38-f8d7-47d4-a4ea-e8a8771ef674,caedfa38-f8d7-47d4-a4ea-e8a8771ef674,Introduction to Digital Asset Management (DAM),The University of Wisconsin-Madison,Course,Course,edX,Introductory,Business & Management; Computer Science,English,Current,self_paced,Digital Content; Digital Assets; Collections; User Experience; Metadata; Workflow Management; Automation; Digital Asset Management,https://www.edx.org/learn/digital-leadership/the-university-of-wisconsin-madison-introduction-to-digital-asset-management-dam,"https://prod-discovery.edx-cdn.org/cdn-cgi/image/width=auto,height=auto,quality=75,format=webp/media/course/image/caedfa38-f8d7-47d4-a4ea-e8a8771ef674-20d7f68ac862.jpeg",Learn Digital Asset Management from DAM systems and platforms to organizational integration and automation needs. Gain insights to using workflows and user experience needs.,4,,,2,4,357,True,course-v1:WisconsinX+NISDAM1.00+2T2022
course-a551a9e6-1ec7-42ee-869d-7140ef1ddfc7,a551a9e6-1ec7-42ee-869d-7140ef1ddfc7,Project Initiation and Planning,SkillUp EdTech LLC,Course,Course,edX,Introductory,Business & Management,English,Current,self_paced,Planning; Project Initiation Documentation; Management; Project Management Institute (PMI) Methodology; Project Charter; Project Scoping; Business Case,https://www.edx.org/learn/business-management/skillup-edtech-llc-project-initiation-and-planning,"https://prod-discovery.edx-cdn.org/cdn-cgi/image/width=auto,height=auto,quality=75,format=webp/media/course/image/a551a9e6-1ec7-42ee-869d-7140ef1ddfc7-2f6e4c42f990.jpeg",Build job-ready project initiation and planning skills that employers need. Also gain valuable practical experience and credentials in just 6 weeks. No prior experience is required.,6,,,2,3,356,True,course-v1:SkillUp-EdTech+PRM131EN+3T2024
course-907185f6-0f8e-4e58-9099-4521428a4712,907185f6-0f8e-4e58-9099-4521428a4712,Neuronal Dynamics,École polytechnique fédérale de Lausanne,Course,Course,edX,Advanced,Computer Science; Math; Physics,English,Current,self_paced,Differential Equations; Stochastic Process; Pulses; Heart Rate; Computational Neuroscience,https://www.edx.org/learn/neuroscience/ecole-polytechnique-federale-de-lausanne-neuronal-dynamics,"https://prod-discovery.edx-cdn.org/cdn-cgi/image/width=auto,height=auto,quality=75,format=webp/media/course/image/907185f6-0f8e-4e58-9099-4521428a4712-fbeec330425c.jpg",The activity of neurons in the brain and the code used by these neurons is described by mathematical neuron models at different levels of detail.,7,,,5,7,356,False,EPFLx/BIO465.1x/4T2014
course-82e5c3a1-7d19-44d8-bbbc-f3cda6691a64,82e5c3a1-7d19-44d8-bbbc-f3cda6691a64,Solar Energy: Photovoltaic (PV) Energy Conversion,Delft University of Technology,Course,Course,edX,Advanced,Engineering; Energy & Earth Sciences; Environmental Studies,English,Current,self_paced,Energy Conversion; Semiconductors; Optics; Public Key Certificates; Physics; Solar Cells,https://www.edx.org/learn/solar-energy/delft-university-of-technology-solar-energy-photovoltaic-pv-energy-conversion,"https://prod-discovery.edx-cdn.org/cdn-cgi/image/width=auto,height=auto,quality=75,format=webp/media/course/image/82e5c3a1-7d19-44d8-bbbc-f3cda6691a64-78c134e01e06.jpg","Learn how solar cells generate electricity, and about the semiconductor physics and optics required to design and manufacture solar cells.",12,,,10,11,356,True,course-v1:DelftX+PV1x+1T2017
course-760d56a2-69e4-45f7-9f8d-5de319a13714,760d56a2-69e4-45f7-9f8d-5de319a13714,Fundamentos de anatomía y técnica quirúrgica básica,Universidad del Rosario,Course,Course,edX,Introductory,Medicine; Biology & Life Sciences,Spanish,Current,self_paced,Medical Ultrasonography; Emergency Procedures; Heimlich Maneuver; Trauma Care; Anatomy; First Aid,https://www.edx.org/learn/human-anatomy/universidad-del-rosario-fundamentos-de-anatomia-y-tecnica-quirurgica-basica,"https://prod-discovery.edx-cdn.org/cdn-cgi/image/width=auto,height=auto,quality=75,format=webp/media/course/image/760d56a2-69e4-45f7-9f8d-5de319a13714-7cbd294a434d.jpg",Aprende de una manera creativa y divertida cómo está constituido el cuerpo humano a través de casos clínicos seleccionados basados en hechos históricos reales. Además conocerás las bases anatómicas para la práctica de algunos procedimientos de emergencias que pueden llegar a salvar vidas.,4,,,4,6,356,False,course-v1:URosarioX+URX07+2T2019
course-dd4f1858-ef10-495c-a621-9f0a44fb041a,dd4f1858-ef10-495c-a621-9f0a44fb041a,Vector Search and Embeddings,Google Cloud,Course,Course,edX,Intermediate,Computer Science,English,Current,self_paced,,https://www.edx.org/learn/computer-science/google-cloud-vector-search-and-embeddings,"https://prod-discovery.edx-cdn.org/cdn-cgi/image/width=auto,height=auto,quality=75,format=webp/media/course/image/dd4f1858-ef10-495c-a621-9f0a44fb041a-a04b862a7611.png","Learn how to build powerful search applications with LLM APIs for embeddings using Vertex AI Vector Search. Explore vector search concepts, watch practical demos, and apply your skills in a hands-on lab.",1,,,1,2,355,True,course-v1:GoogleCloud+VSAEMB1x+3T2025
course-c1f721ba-edfc-4ff2-a118-82f85fd8c711,c1f721ba-edfc-4ff2-a118-82f85fd8c711,Foundations of Medical Spanish,Universidades Anáhuac,Course,Course,edX,Introductory,Language,English,Current,self_paced,Spanish Language; Communications,https://www.edx.org/learn/spanish/universidades-anahuac-foundations-of-medical-spanish,"https://prod-discovery.edx-cdn.org/cdn-cgi/image/width=auto,height=auto,quality=75,format=webp/media/course/image/c1f721ba-edfc-4ff2-a118-82f85fd8c711-cdf63fda090c.jpeg",Enhance your communication skills as a doctor or healthcare professional with this introductory Spanish course to engage better with Latin and Hispanic patients.,6,,,4,6,355,True,course-v1:AnahuacX+UAX.MO.3x+1T2021
course-b8f46612-fb39-4875-83fd-31fda5872123,b8f46612-fb39-4875-83fd-31fda5872123,Zero-Energy Design: an approach to make your building sustainable,Delft University of Technology,Course,Course,edX,Intermediate,Architecture; Energy & Earth Sciences,English,Current,self_paced,Energy Consumption; Thermal Insulation; Water Pumps,https://www.edx.org/learn/sustainable-energy/delft-university-of-technology-zero-energy-design-an-approach-to-make-your-building-sustainable,"https://prod-discovery.edx-cdn.org/cdn-cgi/image/width=auto,height=auto,quality=75,format=webp/media/course/image/b8f46612-fb39-4875-83fd-31fda5872123-4ec203b5e19a.jpg",Learn how to get to a net zero energy use of an existing building.,7,,,4,6,354,False,course-v1:DelftX+ZEBD01x+1T2019
course-bcecc730-16bd-46f2-ab3a-1611069f2d5b,bcecc730-16bd-46f2-ab3a-1611069f2d5b,Let's Get Started: Building Self-Awareness,"The University of Maryland, College Park",Course,Course,edX,Introductory,Business & Management; Engineering; Communication,English,Current,self_paced,Self Evaluation; Self-Awareness; Practice Management; Leadership; Business Case; Cognitive Style; Decision Making; Management; Emotional Intelligence; Goal Setting,https://www.edx.org/learn/leadership/the-university-of-maryland-college-park-let-s-get-started-building-self-awareness,"https://prod-discovery.edx-cdn.org/cdn-cgi/image/width=auto,height=auto,quality=75,format=webp/media/course/image/bcecc730-16bd-46f2-ab3a-1611069f2d5b-c7678028eb5f.png",Effective leaders know themselves well. They capitalize on their strengths and manage their weaknesses using self-awareness.Learn how self-aware you are and how you can use self-awareness to intentionally develop your management and leadership skills.,5,,,2,3,353,True,course-v1:USMx+ENCE665.2+2T2020
course-ab3906e2-b173-4afa-bed9-100da4997e65,ab3906e2-b173-4afa-bed9-100da4997e65,Excel: Fundamentals and tools,Universitat Politècnica de València,Course,Course,edX,Introductory,Computer Science,English,Current; Upcoming,self_paced,Operations; Presentations; Microsoft Office; Microsoft Excel,https://www.edx.org/learn/computer-science/universitat-politecnica-de-valencia-excel-fundamentals,"https://prod-discovery.edx-cdn.org/cdn-cgi/image/width=auto,height=auto,quality=75,format=webp/media/course/image/ab3906e2-b173-4afa-bed9-100da4997e65-4b89a54b7757.jpeg","In this course you will learn the most common Microsoft Excel tools, from the basics to charts, functions and data tables.",8,,,3,4,353,False,course-v1:UPValenciaX+XLS101x_EN+2T2024
course-6272a8ba-5bef-495e-a3f9-fae6abd47ed0,6272a8ba-5bef-495e-a3f9-fae6abd47ed0,Revenue Forecasting and Analysis,The International Monetary Fund,Course,Course,edX,Intermediate,Economics & Finance,English,Current,self_paced,Revenue Forecasting; Quantitative Modeling; Corporate Tax; Analytical Techniques; Forecasting; Income Tax,https://www.edx.org/learn/finance/the-international-monetary-fund-revenue-forecasting-and-analysis,"https://prod-discovery.edx-cdn.org/cdn-cgi/image/width=auto,height=auto,quality=75,format=webp/media/course/image/6272a8ba-5bef-495e-a3f9-fae6abd47ed0-1d0c64496d17.png","Presented by the IMF Fiscal Affairs Department, the course offers hands-on learning that will help students build foundational knowledge on the different quantitative models and techniques that can be used to forecast revenues and undertake tax policy analysis, while also exploring related issues such as the features of a sound institutional framework and the key principles of tax policymaking.",8,,,3,4,353,False,course-v1:IMFx+RFAx+3T2018
course-5ec12ce6-2959-4628-b8ed-30d97961d014,5ec12ce6-2959-4628-b8ed-30d97961d014,Entrepreneurship Adventures - مغامرات ريادة الأعمال,King Abdullah University of Science and Technology,Course,Course,edX,Introductory,Business & Management,Arabic,Current,self_paced,Dynamic Content,https://www.edx.org/learn/entrepreneurship/king-abdullah-university-of-science-and-technology-entrepreneurship-adventures-mgmrt-ryd-l-ml,"https://prod-discovery.edx-cdn.org/cdn-cgi/image/width=auto,height=auto,quality=75,format=webp/media/course/image/5ec12ce6-2959-4628-b8ed-30d97961d014-3f9f3764beaa.png","خلال ثمانية أسابيع ستساعدك دورة مغامرات ريادة الأعمال على تطوير فكرك الريادي وبناء فريق عمل متكامل والانطلاق بمشروعك الناشئ. تمنحك هذه الرحلة تجربة مثيرة تضعك في غرفة التحكم لتختبر قدرتك على اتّخاذ القرارات اليومية والمصيرية التي يواجهها رواد الأعمال عند الانطلاق بمشاريعهم الناشئة.
ستخوض في كل أسبوع مغامرة شيقة لتتحدى أفكارك المسبقة عن ريادة الأعمال وتختبر قدراتك القيادية وتتعلم من مغامرات أصحاب المشاريع الريادية. بنهاية هذه المغامرة سجد فرصتك لبداية مشروعك الريادي!",10,,,3,5,353,False,course-v1:KAUST+EC100+2T2021
course-13cb4463-239d-4e64-abdc-753a3620b1a1,13cb4463-239d-4e64-abdc-753a3620b1a1,Biotech — From Science to Business,"Biotechnology, Research, Innovation, Business Modeling, Market Analysis, Strategy",Course,Course,edX,Introductory,Business & Management; Biology & Life Sciences; Chemistry,English,Current,self_paced,Biotechnology; Patents; Research; Innovation,https://www.edx.org/learn/business-administration/technische-universitat-munchen-biotech-from-science-to-business,"https://prod-discovery.edx-cdn.org/cdn-cgi/image/width=auto,height=auto,quality=75,format=webp/media/course/image/13cb4463-239d-4e64-abdc-753a3620b1a1-24b78018a249.jpeg",Bringing a biotech innovation to the market requires a shift from science to business. Learn how to define a strategy for success.,4,,,3,4,353,True,course-v1:TUMx+RBI.1x+1T2023
course-ff83dde2-2442-4712-b380-0ec00a9fe4f7,ff83dde2-2442-4712-b380-0ec00a9fe4f7,Digitalization of Intelligent and Integrated Energy Systems,Delft University of Technology,Course,Course,edX,Introductory,Engineering,English,Current,self_paced,Innovation; Control Systems; Computer Simulation; Software Development; Computer Control Systems; Power Distribution; Blockchain; Machine Learning; Scheduling; Digital Twin; Electric Vehicles; Electric Power Systems; Artificial Intelligence; Digital Transformation; Operations; Research; Willingness To Learn; Integration; Cyber Security; Data Acquisition; Electrical Systems,https://www.edx.org/learn/energy/delft-university-of-technology-digitalization-of-intelligent-and-integrated-energy-systems,"https://prod-discovery.edx-cdn.org/cdn-cgi/image/width=auto,height=auto,quality=75,format=webp/media/course/image/ff83dde2-2442-4712-b380-0ec00a9fe4f7-8b396efdfbac.jpg","Learn where and how to apply intelligence to the energy grid to create a digitalized, automated, integrated and optimized energy system. The course discusses state-of-the-art digital technologies, so you are at the forefront of the power grid revolution.",6,,,4,6,352,True,course-v1:DelftX+IIES02x+1T2022
course-72753189-e7bd-4e91-9c3e-0c81f5157623,72753189-e7bd-4e91-9c3e-0c81f5157623,الدليل الشامل لتصميم الألعاب,HP,Course,Course,edX,Introductory,Computer Science,Arabic,Current,self_paced,Game Design; eSports Management; Mechanics; Innovation; eSports; Video Game Development,https://www.edx.org/learn/game-design/hp-ldlyl-lshml-ltsmym-ll-b,"https://prod-discovery.edx-cdn.org/cdn-cgi/image/width=auto,height=auto,quality=75,format=webp/media/course/image/72753189-e7bd-4e91-9c3e-0c81f5157623-3828b0683d29.jpeg",بدءًا من صياغة عوالم الألعاب الغامرة وتصميم آليات اللعب الجذابة ووصولاً إلى إتقان سرد القصص وإنشاء المستويات، استكشف تعقيدات تصميم الألعاب من خلال هذه الدورة التدريبية الشاملة من HP. احصل على شهادة تم التحقق منها مجانًا باستخدام رمز الإحالة 6FJGJOTX7MFH5M2H,4,,,3,5,352,True,course-v1:HP+HPGG02.ar+3T2023
course-6fe03f19-7fa0-4f57-9c3f-6990433f63ed,6fe03f19-7fa0-4f57-9c3f-6990433f63ed,Autism and Neurodiversity: Building Your Child's Strengths,Curtin University,Course,Course,edX,Introductory,Health & Safety; Education & Teacher Training,English,Current,self_paced,Autism Spectrum Disorders; Advocacy; Planning; Child Development,https://www.edx.org/learn/child-development/curtin-university-autism-and-neurodiversity-building-your-child-s-strengths,"https://prod-discovery.edx-cdn.org/cdn-cgi/image/width=auto,height=auto,quality=75,format=webp/media/course/image/6fe03f19-7fa0-4f57-9c3f-6990433f63ed-179b218575c3.png","Learn to recognise concerning behaviours, understand the diagnosis process, create a plan, build on strengths, and successfully advocate for your child.",6,,,1,2,351,False,course-v1:CurtinX+AUT1x+1T2021
course-638cd0bb-5905-4663-ad58-8edb699cbec2,638cd0bb-5905-4663-ad58-8edb699cbec2,Leadership and Resilience in Healthcare Risk Management,Stanford University,Course,Course,edX,Introductory,Medicine,English,Current,self_paced,,https://www.edx.org/learn/healthcare/stanford-university-leadership-and-resilience-in-healthcare-risk-management,"https://prod-discovery.edx-cdn.org/cdn-cgi/image/width=auto,height=auto,quality=75,format=webp/media/course/image/638cd0bb-5905-4663-ad58-8edb699cbec2-9eba057e9ff8.jpeg","Learn how effective leadership positively influences the crisis management process, and how you, as a leader, can implement resiliency techniques for your organization in this course from the Stanford Center for Health Education.",4,,,2,4,351,True,course-v1:StanfordOnline+STANHCM03+1T2023
course-5e98986e-3f69-47a3-bc15-92cd79a9389d,5e98986e-3f69-47a3-bc15-92cd79a9389d,Reinforcement Learning,RWTH Aachen University,Course,Course,edX,Intermediate,Computer Science,English,Current,self_paced,Reinforcement Learning; Algorithms; Research; Artificial Intelligence; Basic Math,https://www.edx.org/learn/computer-science/rwth-aachen-university-reinforcement-learning-2,"https://prod-discovery.edx-cdn.org/cdn-cgi/image/width=auto,height=auto,quality=75,format=webp/media/course/image/5e98986e-3f69-47a3-bc15-92cd79a9389d-d30d7400d398.jpeg",This MOOC teaches the basics in reinforcement learning. It provides participants with a solid mathematical basis to study new methods from reinforcement learning research and put them into practice.,8,,,2,3,351,False,course-v1:RWTHx+BAI003x+1T2024
course-0b1f82fb-29e6-4c46-bdc6-7fa4d5c0747e,0b1f82fb-29e6-4c46-bdc6-7fa4d5c0747e,Rust Fundamentals,Pragmatic AI Labs,Course,Course,edX,Introductory,Computer Science,English,Current,self_paced,,https://www.edx.org/learn/computer-science/pragmatic-ai-labs-rust-fundamentals,"https://prod-discovery.edx-cdn.org/cdn-cgi/image/width=auto,height=auto,quality=75,format=webp/media/course/image/0b1f82fb-29e6-4c46-bdc6-7fa4d5c0747e-7617b26c68ba.png",Master Rust programming from scratch to build efficient applications.,4,,,3,6,351,True,course-v1:AI+rust1x+2T2024
course-01f88482-c127-4130-b928-902d39e5b326,01f88482-c127-4130-b928-902d39e5b326,The Civil War and Reconstruction - 1850-1861: A House Divided,Columbia University,Course,Course,edX,Introductory,History; Humanities,English,Current,self_paced,Social History Records; RAID,https://www.edx.org/learn/politics/columbia-university-the-civil-war-and-reconstruction-1850-1861-a-house-divided,"https://prod-discovery.edx-cdn.org/cdn-cgi/image/width=auto,height=auto,quality=75,format=webp/media/course/image/01f88482-c127-4130-b928-902d39e5b326-bf578aa4c27e.jpg","Discover how the issue of slavery came to dominate American politics, and how political leaders struggled and failed to resolve the growing crisis in the nation.",20,,,4,6,350,True,ColumbiaX/HIST1.1x/3T2014
course-ca4d451e-2e01-42f4-a49e-d3e891ceb22e,ca4d451e-2e01-42f4-a49e-d3e891ceb22e,"A-level Further Mathematics for Year 13 - Course 1: Differential Equations, Further Integration, Curve Sketching, Complex Numbers, the Vector Product and Further Matrices",Imperial College London,Course,Course,edX,Intermediate,Math,English,Current,self_paced,Sketching; Language Construct; Integration; Basic Math; Differential Equations; Problem Solving; Numerical Analysis,https://www.edx.org/learn/differential-equations/imperial-college-london-a-level-further-mathematics-for-year-13-course-1-differential-equations-further-integration-curve-sketching-complex-numbers-the-vector-product-and-further-matrices,"https://prod-discovery.edx-cdn.org/cdn-cgi/image/width=auto,height=auto,quality=75,format=webp/media/course/image/ca4d451e-2e01-42f4-a49e-d3e891ceb22e-6c727e33eb58.jpeg","Develop your thinking skills, fluency and confidence in A-level further maths and prepare for undergraduate STEM degrees.",8,,,2,4,349,False,course-v1:ImperialX+alm007+1T2021
course-c879d47f-2cf9-4608-b5af-a95b186d707d,c879d47f-2cf9-4608-b5af-a95b186d707d,Sustainable Urban Development,Delft University of Technology; Wageningen University & Research,Course,Course,edX,Introductory,Architecture; Engineering; Environmental Studies,English,Current,self_paced,Urban Design; Integration; Urban Planning; Urbanization; Municipal Or Urban Engineering; Sustainability; Living Conditions; Social Sciences,https://www.edx.org/learn/sustainable-development/delft-university-of-technology-sustainable-urban-development,"https://prod-discovery.edx-cdn.org/cdn-cgi/image/width=auto,height=auto,quality=75,format=webp/media/course/image/c879d47f-2cf9-4608-b5af-a95b186d707d-dff925bc9789.jpg",Learn why cities are key in resolving global urbanization and sustainability challenges and how you can engineer tomorrow’s cities today.,7,,,4,6,349,False,course-v1:DelftWageningenX+AMS.URB.1x+1T2016
course-7b456c49-5b9a-4ff5-bdf0-eaeceaa82d44,7b456c49-5b9a-4ff5-bdf0-eaeceaa82d44,"Mathematics 1 Part 2: Integral calculus, algebra, and applications",The London School of Economics and Political Science,Course,Course,edX,Intermediate,Math,English,Current,self_paced,Economics; Basic Math; Statistics; Management; Integral Calculus; Algebra,https://www.edx.org/learn/math/the-london-school-of-economics-and-political-science-mathematics-1-part-2-integral-calculus-algebra-and-applications,"https://prod-discovery.edx-cdn.org/cdn-cgi/image/width=auto,height=auto,quality=75,format=webp/media/course/image/7b456c49-5b9a-4ff5-bdf0-eaeceaa82d44-e93d0677cab6.jpeg","The second in a series of two courses which help you to master mathematics fundamentals and build your quantitative skillset for progression in high-growth careers, or to use as step towards further study at undergraduate level.",5,,,12,15,349,True,course-v1:LSE+LSEMT105b+3T2022
course-c96ac2eb-e620-41a2-87e2-bc6081486540,c96ac2eb-e620-41a2-87e2-bc6081486540,Water: Addressing the Global Crisis,SDG Academy,Course,Course,edX,Introductory,Environmental Studies; Science,English,Current,self_paced,Sanitation; Water Resources; Technology Ecosystems; Governance; Sustainable Development; Energy Production,https://www.edx.org/learn/environmental-science/sdg-academy-water-addressing-the-global-crisis,"https://prod-discovery.edx-cdn.org/cdn-cgi/image/width=auto,height=auto,quality=75,format=webp/media/course/image/c96ac2eb-e620-41a2-87e2-bc6081486540-9178155a8ded.jpg",We are living in a water stressed world. It is a global crisis and therefore we must act now! What can we do to save the planet and ensure availability of water for all by 2030?,9,,,3,5,348,True,course-v1:SDGAcademyX+WTR001+1T2019
course-aa4be4b5-08b1-42de-b4d8-3f3cf51d2db0,aa4be4b5-08b1-42de-b4d8-3f3cf51d2db0,Industrial Fermentation,Delft University of Technology,Course,Course,edX,Introductory,Engineering; Chemistry; Biology & Life Sciences,English,Current,self_paced,Basic Math; Process Design; Conceptual Design; Quantification; Environmental Engineering; Fermentation; Research And Development; Biology; Industrial Fermentation,https://www.edx.org/learn/engineering/delft-university-of-technology-industrial-fermentation,"https://prod-discovery.edx-cdn.org/cdn-cgi/image/width=auto,height=auto,quality=75,format=webp/media/course/image/aa4be4b5-08b1-42de-b4d8-3f3cf51d2db0-c44875a4fd00.jpeg","Get introduced to the essentials of industrial fermentation processes, which convert renewable feedstocks into biomaterials, chemicals, nutrition products and biofuels with the help of microorganisms.",7,,,6,8,348,True,course-v1:DelftX+IB02x+3T2023
course-76560694-5cae-4a1d-9c4f-1a5798495050,76560694-5cae-4a1d-9c4f-1a5798495050,Herramientas y Metodologías de Gestión de Proyectos,Universidad Nacional de Córdoba,Course,Course,edX,Intermediate,Business & Management; Data Analysis & Statistics; Economics & Finance,Spanish,Current,self_paced,Teamwork; Management; Planning; Communications; Scheduling,https://www.edx.org/learn/soft-skills/universidad-nacional-de-cordoba-herramientas-y-metodologias-de-gestion-de-proyectos,"https://prod-discovery.edx-cdn.org/cdn-cgi/image/width=auto,height=auto,quality=75,format=webp/media/course/image/76560694-5cae-4a1d-9c4f-1a5798495050-65f30f6b53a5.png","Este curso ahonda en las competencias blandas necesarias para gestionar eficientemente un proyecto. y en dos factores críticos al momento de implementar un proyecto como lo son el tiempo y los riesgos asociados. 
A su vez, presenta documentación y herramientas propias de la gestión de proyectos, las cuales resumen todos los factores que hacen a una correcta formulación e implementación y permiten por ende, tener una visión integral del proyecto.",5,,,5,7,348,True,course-v1:UNCordobaX+CPG003X+3T2021
course-651b9979-8ade-4254-9eb1-e09f1e1609fd,651b9979-8ade-4254-9eb1-e09f1e1609fd,Content Marketing Strategy,State Bank of India,Course,Course,edX,Introductory,Business & Management,English,Current,self_paced,,https://www.edx.org/learn/content-marketing/state-bank-of-india-content-marketing-strategy,"https://prod-discovery.edx-cdn.org/cdn-cgi/image/width=auto,height=auto,quality=75,format=webp/media/course/image/651b9979-8ade-4254-9eb1-e09f1e1609fd-ad236a79d5e8.jpeg","Content Marketing strategy encompass the creation and promotion of relevant contentthat attracts, engages and drives profitable customer actions in the digital medium.",4,,,2,3,347,False,course-v1:State-Bank-of-India+SBSC0009X+1T2023
course-eb409cc4-546e-432f-af78-ab81ccbae685,eb409cc4-546e-432f-af78-ab81ccbae685,Introduction to Global Governance,KU Leuven,Course,Course,edX,Introductory,Social Sciences; Law,English,Current,self_paced,,https://www.edx.org/learn/global-studies/ku-leuven-introduction-to-global-governance,"https://prod-discovery.edx-cdn.org/cdn-cgi/image/width=auto,height=auto,quality=75,format=webp/media/course/image/eb409cc4-546e-432f-af78-ab81ccbae685-9e43cbe68703.jpeg","Critical introduction to the concept, importance and analysis of global governance. In particular, this course provides an overview of the main actors involved in global governance and how these actors manage current key global challenges.",7,,,2,3,346,True,course-v1:KULeuvenX+GLOBEx+3T2022
course-5023562c-1a96-4a77-8c66-3468a69a8874,5023562c-1a96-4a77-8c66-3468a69a8874,Circular Economy for a Sustainable Built Environment,Delft University of Technology,Course,Course,edX,Intermediate,Architecture; Engineering; Environmental Studies,English,Current,self_paced,Greenhouse Gas; Energy Consumption; Regional Development; Supply Chain; Built Environment; Urban Design; Business Modeling; Economy; Green Building,https://www.edx.org/learn/circular-economy/delft-university-of-technology-circular-economy-for-a-sustainable-built-environment,"https://prod-discovery.edx-cdn.org/cdn-cgi/image/width=auto,height=auto,quality=75,format=webp/media/course/image/5023562c-1a96-4a77-8c66-3468a69a8874-555d4f270364.png",Learn how the principles of the Circular Economy can be applied to the built environment ranging from products and buildings to metropolitan and regional development strategies.,6,,,3,5,346,False,course-v1:DelftX+CESBE1x+3T2019
course-9df3e51d-9a10-4dbc-85b2-53509c998cd6,9df3e51d-9a10-4dbc-85b2-53509c998cd6,Optimizing Generative AI on Arm Processors: from Edge to Cloud,Arm Education,Course,Course,edX,Intermediate,Computer Science; Engineering,English,Current,self_paced,Smartphone Operation; Algorithms; Mobile Phones; Performance Engineering; Artificial Intelligence; Autonomous System; Pruning; Machine Learning; Scalability; Quantization; Internet Of Things (IoT); SIMD; Data Centers; Amazon Web Services; PyTorch (Machine Learning Library),https://www.edx.org/learn/computer-science/arm-education-ai-on-arm,"https://prod-discovery.edx-cdn.org/cdn-cgi/image/width=auto,height=auto,quality=75,format=webp/media/course/image/9df3e51d-9a10-4dbc-85b2-53509c998cd6-9def75b96d46.jpeg","Efficient AI is more than algorithms. This hands-on course shows you how to optimize GenAI workloads on real-world systems using techniques such as SIMD (SVE, Neon), low-bit quantization, and the optimized KleidiAI library. You will develop essential strategies and skills to build scalable, high-performance AI on edge and cloud-based platforms based on the most widespread processor architecture.",4,,,3,6,345,False,course-v1:ArmEducationX+EDARMXAIOA.4x+2T2025
course-c1eb6708-2973-4d0a-946a-7f28f9eb9313,c1eb6708-2973-4d0a-946a-7f28f9eb9313,من البرمجة إلى استكمال العمل: إتقان برمجة الألعاب,HP,Course,Course,edX,Introductory,Computer Science,English,Current,self_paced,Video Game Development; eSports Management; Artificial Intelligence; Engineering Drawings; eSports; Audio Engineering; Innovation; Development Testing; Mechanics; Game Programming,https://www.edx.org/learn/game-development/hp-mn-lbrmj-l-stkml-l-ml-tqn-brmj-ll-b,"https://prod-discovery.edx-cdn.org/cdn-cgi/image/width=auto,height=auto,quality=75,format=webp/media/course/image/c1eb6708-2973-4d0a-946a-7f28f9eb9313-9dc90f247d85.jpeg",بدءًا من برمجة آليات الألعاب الديناميكية وتحسين الأداء ووصولاً الى فهم دمج الذكاء الاصطناعي وتطوير تجارب تفاعلية، انغمس في تفاصيل برمجة الألعاب من خلال هذه الدورة الشاملة من HP. احصل على شهادة معتمدة مجانية باستخدام رمز الإحالة 6FJGJOTX7MFH5M2H.,4,,,3,5,344,True,course-v1:HP+HPGG03.ar+3T2023
course-834a2b41-9713-4ec2-a65a-236fa5b4cf50,834a2b41-9713-4ec2-a65a-236fa5b4cf50,"MathTrackX: Polynomials, Functions and Graphs",Adelaide University,Course,Course,edX,Introductory,Math,English,Current,self_paced,Algebra; Basic Math; Linear Function,https://www.edx.org/learn/math/university-of-adelaide-mathtrackx-polynomials-functions-and-graphs,"https://prod-discovery.edx-cdn.org/cdn-cgi/image/width=auto,height=auto,quality=75,format=webp/media/course/image/834a2b41-9713-4ec2-a65a-236fa5b4cf50-fb4d220f125f.jpeg",Develop an understanding of polynomial functions and graphs and how these build the algebraic foundations for more complex mathematical concepts.,4,,,3,6,344,True,course-v1:AdelaideX+PolyTraX+1T2020
course-14e2d0d2-94e2-49e2-abee-319cd1bf6490,14e2d0d2-94e2-49e2-abee-319cd1bf6490,Electromagnetic Compatibility Essentials,Graz University of Technology,Course,Course,edX,Intermediate,Electronics; Engineering; Physics,English,Current,self_paced,Electromagnetism; Lecturing; Selling Techniques; Bluetooth; Smartphone Operation; Electronic Engineering; Electromagnetic Interference And Compatibility (EMC/EMI); USB; Basic Math; Research,https://www.edx.org/learn/electricity/graz-university-of-technology-electromagnetic-compatibility-essentials,"https://prod-discovery.edx-cdn.org/cdn-cgi/image/width=auto,height=auto,quality=75,format=webp/media/course/image/14e2d0d2-94e2-49e2-abee-319cd1bf6490-39b93abd6789.png",Advance your career by learning the basics of EMC. Explore all the different aspects and challenges every electronics engineer must be aware of.,4,,,6,10,344,False,course-v1:TUGrazX+EMC1+1T2022
course-bdaa645c-d4e6-4e8d-a327-15e145f88dea,bdaa645c-d4e6-4e8d-a327-15e145f88dea,Sport Analytics: Data Driven Decision Making,University of Alaska Fairbanks,Course,Course,edX,Introductory,Business & Management; Data Analysis & Statistics; Economics & Finance,English,Current,self_paced,Sport Business; Business Analytics; Business Strategies; Analytical Techniques; Data Analysis; Sports Analytics; Strategic Decision-Making; Computer Science; Team Performance Management; Data Science; Data Collection; Critical Thinking; Data-Driven Decision-Making; Decision Making; Front Office; Statistical Analysis; Python (Programming Language); Key Performance Indicators (KPIs); Machine Learning,https://www.edx.org/learn/sports-business/university-of-alaska-fairbanks-sport-analytics-data-driven-decision-making,"https://prod-discovery.edx-cdn.org/cdn-cgi/image/width=auto,height=auto,quality=75,format=webp/media/course/image/bdaa645c-d4e6-4e8d-a327-15e145f88dea-281358826b19.jpeg","In sports, gut instincts are great but data analytics are necessary. Learn the fundamentals of how to use data, facts, and metrics to identify problems, make informed decisions and propose innovative solutions to guide strategic, real world business decisions in the sport industry and for sports teams.",4,,,3,5,343,True,course-v1:AlaskaX+SPRT3x+1T2021
course-d1fc32bc-092d-479e-a767-d060beb3b4ad,d1fc32bc-092d-479e-a767-d060beb3b4ad,Linux Basics: The Command Line Interface,Dartmouth College; IMT,Course,Course,edX,Introductory,Computer Science; Engineering,English,Current,self_paced,Smartphone Operation; Linux; File Systems; Automated Teller Machine; Computer Engineering; Operating Systems; Command-Line Interface; Embedded Systems; Linux Commands,https://www.edx.org/learn/linux/dartmouth-college-linux-basics-the-command-line-interface,"https://prod-discovery.edx-cdn.org/cdn-cgi/image/width=auto,height=auto,quality=75,format=webp/media/course/image/d1fc32bc-092d-479e-a767-d060beb3b4ad-cd769173494f.jpeg",Learn the Linux Command Line interface and become a skilled user of this powerful operating system.,5,,,3,5,342,True,course-v1:Dartmouth_IMTx+DART.IMT.C.06+2T2018
course-c2a2d51b-4841-46aa-b149-e7d1a64b6298,c2a2d51b-4841-46aa-b149-e7d1a64b6298,How to Code: Complex Data,University of British Columbia,Course,Course,edX,Introductory,Computer Science,English,Current,self_paced,Software Development; Control Structures; Data Structures,https://www.edx.org/learn/coding/university-of-british-columbia-how-to-code-complex-data,"https://prod-discovery.edx-cdn.org/cdn-cgi/image/width=auto,height=auto,quality=75,format=webp/media/course/image/c2a2d51b-4841-46aa-b149-e7d1a64b6298-47cd7c0a9390.jpg","Learn how to design more complex programs, using new data structures, abstraction, and generative recursion.",6,,,2,3,342,True,course-v1:UBCx+SPD3x+2T2016
course-5aedd74e-bd8c-4828-8b10-4bdab15df7d3,5aedd74e-bd8c-4828-8b10-4bdab15df7d3,Cyber Risk Supervision,The International Monetary Fund,Course,Course,edX,Introductory,Economics & Finance,English,Current,self_paced,Information Technology; Cyber Security; Cyber Risk; Management; Risk Management,https://www.edx.org/learn/economics/the-international-monetary-fund-cyber-risk-security,"https://prod-discovery.edx-cdn.org/cdn-cgi/image/width=auto,height=auto,quality=75,format=webp/media/course/image/5aedd74e-bd8c-4828-8b10-4bdab15df7d3-b8543912f234.png","As the reliance of the financial sector on Information Technology and the interconnectedness of systems continue to rise, cybersecurity has become a financial stability risk. Financial supervisors need to understand the nature of the risk, learn the essential concepts of cyber risk management, and acquire basic skills needed for effective regulation and supervision.",4,,,3,4,342,False,course-v1:IMFx+CRSx+3T2022
course-4b4c20b1-622d-4f90-ad4e-f410a617c8dc,4b4c20b1-622d-4f90-ad4e-f410a617c8dc,AI at the Edge on Arm: Understanding and Deploying LLMs for Mobile Devices,Arm Education; University of Cambridge,Course,Course,edX,Advanced,Computer Science; Engineering; Electronics,English,Current,self_paced,Mobile Phones; Applications Of Artificial Intelligence; Pruning; Artificial Intelligence; Learning Management Systems,https://www.edx.org/learn/computer-science/arm-education-ai-at-the-edge-on-arm,"https://prod-discovery.edx-cdn.org/cdn-cgi/image/width=auto,height=auto,quality=75,format=webp/media/course/image/4b4c20b1-622d-4f90-ad4e-f410a617c8dc-721cd0087dda.jpeg",AI at the Edge will be powered by Arm. Discover the tools and techniques you’ll need to deploy Language Models (LMs) on ubiquitous Arm-based mobile phones.,6,,,2,3,342,False,course-v1:ArmEducationX_UniversityofCambridge+AIEA+2T2025
course-c6836d74-3147-4269-85fc-eb400fd1b3bd,c6836d74-3147-4269-85fc-eb400fd1b3bd,ChatGPT - Usos y Estrategias,Tecnológico de Monterrey,Course,Course,edX,Introductory,Computer Science; Science; Education & Teacher Training,Spanish,Current,self_paced,Experimentation; Strategic Planning; Artificial Intelligence; Natural Language Processing,https://www.edx.org/learn/chatgpt/tecnologico-de-monterrey-chatgpt-usos-y-estrategias,"https://prod-discovery.edx-cdn.org/cdn-cgi/image/width=auto,height=auto,quality=75,format=webp/media/course/image/c6836d74-3147-4269-85fc-eb400fd1b3bd-716d1d5f0a9f.jpeg","Conoce la historia de la Inteligencia Artificial y aprende a utilizar efectivamente ChatGPT mediante diferentes estrategias para implementar su uso responsable en entornos educativos y laborales. Analiza diferentes ejemplos prácticos y aplica tus conocimientos para complementar tus actividades operativas incrementando tu productividad. Estudia las consideraciones éticas, capacidades y limitaciones de plataformas como ChatGPT, permitiéndote hacer uso consciente y responsable de las plataformas asistidas por IA.",4,,,3,5,341,False,course-v1:TecdeMonterreyX+GPTUYE.1X+1T2024
course-61b300e3-4e6c-4f75-bb02-09493091dfd6,61b300e3-4e6c-4f75-bb02-09493091dfd6,Copyright Law in the Music Business,Berklee College of Music,Course,Course,edX,Introductory,Business & Management; Music; Humanities,English,Current,self_paced,Mechanics; Lawsuits; Intellectual Property; Copyright Laws; Entertainment Law; Writing; Music Industry,https://www.edx.org/learn/music-business/berklee-college-of-music-copyright-law-in-the-music-business,"https://prod-discovery.edx-cdn.org/cdn-cgi/image/width=auto,height=auto,quality=75,format=webp/media/course/image/61b300e3-4e6c-4f75-bb02-09493091dfd6-1d94b610068a.jpeg",Learn the basics of copyright law and better understand how it works in the Music Business.,4,,,3,5,341,True,course-v1:BerkleeX+MBMC-003+2T2021
course-f8d26e31-a9ea-4891-8e4d-ccf3be0e10f2,f8d26e31-a9ea-4891-8e4d-ccf3be0e10f2,Project Finance: Funding Projects Successfully,Delft University of Technology,Course,Course,edX,Advanced,Business & Management; Economics & Finance; Law,English,Current,instructor_paced,Project Finance; Infrastructure; Cooperation; Operations,https://www.edx.org/learn/project-management/delft-university-of-technology-project-finance-funding-projects-successfully,"https://prod-discovery.edx-cdn.org/cdn-cgi/image/width=auto,height=auto,quality=75,format=webp/media/course/image/f8d26e31-a9ea-4891-8e4d-ccf3be0e10f2-af109b42c4db.jpg",Learn the key strategies used by project managers to generate crucial funding for their projects.,5,,,4,6,340,True,course-v1:DelftX+MEP301x+2T2017
course-84962208-bba8-43c5-9d2e-3b76e4294e31,84962208-bba8-43c5-9d2e-3b76e4294e31,Cosmopolitan Tang: Aristocratic Culture in China,Harvard University,Course,Course,edX,Introductory,History; Humanities; Art & Culture,English,Current,self_paced,,https://www.edx.org/learn/chinese-history/harvard-university-cosmopolitan-tang-aristocratic-culture-in-china,"https://prod-discovery.edx-cdn.org/cdn-cgi/image/width=auto,height=auto,quality=75,format=webp/media/course/image/84962208-bba8-43c5-9d2e-3b76e4294e31-5d1fe3d1a0be.jpg",Explore the reunification of China under the Tang with a focus on aristocratic culture — from poetry to calligraphy to literature.,12,,,1,3,340,True,course-v1:HarvardX+SW12.3x+2015
course-525e5740-59e0-4d33-85e3-0bbe15ffcbaa,525e5740-59e0-4d33-85e3-0bbe15ffcbaa,Le solfège à votre portée,Université de Montréal,Course,Course,edX,Intermediate,Music; Art & Culture,French,Current,self_paced,,https://www.edx.org/learn/music-theory/universite-de-montreal-le-solfege-a-votre-portee-2,"https://prod-discovery.edx-cdn.org/cdn-cgi/image/width=auto,height=auto,quality=75,format=webp/media/course/image/525e5740-59e0-4d33-85e3-0bbe15ffcbaa-d7be4a6d0b09.png","La théorie musicale est souvent perçue comme étant difficile à comprendre, et le solfège comme un apprentissage complexe. Ces cours ont pour but de changer cette perspective en vous proposant une méthode dynamique associant dès les premiers instants la théorie musicale aux sons qu’elle représente. En plus des nombreuses capsules vidéos animées qui vous seront présentées, des activités et des exerciseurs vous permettront de développer les réflexes nécessaires à la lecture de textes musicaux.",3,,,2,3,340,False,course-v1:UMontrealX+MUS-001+2T2024
course-bc4f1420-ca20-48b6-880d-0ddde0f5c09f,bc4f1420-ca20-48b6-880d-0ddde0f5c09f,Macroeconomics: Theory and Policy,Indian Institute of Management Bangalore,Course,Course,edX,Intermediate,Economics & Finance,English,Current,self_paced,Monetary Policies; Fiscal Policies; Economics; Macroeconomics; Market Liquidity; Investments,https://www.edx.org/learn/macroeconomics/indian-institute-of-management-bangalore-macroeconomics-theory-and-policy,"https://prod-discovery.edx-cdn.org/cdn-cgi/image/width=auto,height=auto,quality=75,format=webp/media/course/image/bc4f1420-ca20-48b6-880d-0ddde0f5c09f-fe444dc9a9e6.png","This course provides a basic understanding of the overall components of economies which tend to be the key factor for taking decisions in a large scale. The course deals with theoretical models of Consumption, Savings, Investment alongwith key economic concepts like Inflation and Unemployment. This course will discuss the unique economic terms which dictate the working of economies all over the world.",6,,,3,4,339,False,course-v1:IIMBx+ES105x+3T2022
course-7389c7b2-5247-475f-b069-ae99384fc62c,7389c7b2-5247-475f-b069-ae99384fc62c,Inteligencia emocional para el liderazgo efectivo y colaboración,Universidades Anáhuac,Course,Course,edX,Introductory,Social Sciences; Business & Management,Spanish,Current,self_paced,Team Management; Self-Discipline; Emotional Intelligence; Leadership,https://www.edx.org/learn/leadership/universidades-anahuac-inteligencia-emocional-para-el-liderazgo-efectivo-y-colaboracion,"https://prod-discovery.edx-cdn.org/cdn-cgi/image/width=auto,height=auto,quality=75,format=webp/media/course/image/7389c7b2-5247-475f-b069-ae99384fc62c-fad191388f60.jpg","En este curso en línea aprenderás de que forma utilizar el liderazgo emocional efectivo como el factor clave para el éxito de un buen manejo de equipo, tanto en lo social como en lo profesional. Conviértete en un líder en control de sus emociones.",4,,,4,5,338,True,course-v1:AnahuacX+UAMY-CP2x+3T2019
course-98e84ce0-553e-43b5-b535-0dcd16f79fb3,98e84ce0-553e-43b5-b535-0dcd16f79fb3,إدارة التغيير والابتكار,Qatar University,Course,Course,edX,Introductory,Business & Management,Arabic,Current,self_paced,,https://www.edx.org/learn/business-management/qatar-university-dr-ltgyyr-wlbtkr,"https://prod-discovery.edx-cdn.org/cdn-cgi/image/width=auto,height=auto,quality=75,format=webp/media/course/image/98e84ce0-553e-43b5-b535-0dcd16f79fb3-6671f76546e0.png",يقدم هذا المقرر المفاهيم الأساسية لإدارة التغيير التنظيمي والابتكار ويهدف الى شرح مفهوم التغيير التنظيمي والأسباب التي تؤدي إلى التغيير وأهميته في عالم اليوم الذي يتسم بالتغير المستمر والسريع، بالإضافة الى دور القيادة في إنجاحه مع تقديم شرح وافي وتصور كامل لعملية التغيير وأسباب مقاومة التغيير وكيفية التعامل معها. يشرح المقرر أيضا المفاهيم الأساسية للابتكار ومجالاته المتعددة والعوامل التي تدفع المنظمات للاهتمام به.,5,,,3,5,337,True,course-v1:QUx+QU02X04+3T2024
course-9640e28c-81cc-4fbc-a0b2-071cf42190bd,9640e28c-81cc-4fbc-a0b2-071cf42190bd,Logistics Fundamentals,LOGYCA,Course,Course,edX,Introductory,Engineering,English,Current,self_paced,Outsourcing; Operations; Management,https://www.edx.org/learn/logistics/logyca-logistics-fundamentals,"https://prod-discovery.edx-cdn.org/cdn-cgi/image/width=auto,height=auto,quality=75,format=webp/media/course/image/9640e28c-81cc-4fbc-a0b2-071cf42190bd-93822f961013.png","Have you ever wondered how products arrive at your hands? From the clothes we wear to the food we consume, they have been through a series of links, processes, operations and flows we know as logistics.",5,,,4,7,337,False,course-v1:logycaX+LFE001+2T2020
course-7f84da35-2770-43de-886a-c41bcc8f4567,7f84da35-2770-43de-886a-c41bcc8f4567,Forensic Engineering: Learning from Failures,Delft University of Technology,Course,Course,edX,Introductory,Engineering; Health & Safety,English,Current,self_paced,Forensic Engineering; Forensic Sciences; Aerospace Engineering; Investigation; Architectural Engineering; Forecasting; Biomechanical Engineering,https://www.edx.org/learn/aeronautical-engineering/delft-university-of-technology-forensic-engineering-learning-from-failures,"https://prod-discovery.edx-cdn.org/cdn-cgi/image/width=auto,height=auto,quality=75,format=webp/media/course/image/7f84da35-2770-43de-886a-c41bcc8f4567-4d2e6c15cc96.jpg",Don't let good failures go to waste! Identify the causes of failure and use this knowledge to enhance safety and improve performance.,6,,,3,4,337,False,course-v1:DelftX+TUDF-FE01x+3T2017
course-1c2ced38-fcbf-4c67-92eb-38f09b81476f,1c2ced38-fcbf-4c67-92eb-38f09b81476f,NoSQL Database Basics,IBM,Course,Course,edX,Introductory,Computer Science,English,Current,self_paced,NoSQL; Relational Databases; Cloudant; Database as a Service (DBaaS); Apache Cassandra; Agile Methodology; Data as a Service (DaaS); Database Permissions; Management; Database Management; MongoDB; Scalability; Big Data,https://www.edx.org/learn/nosql/ibm-nosql-database-basics,"https://prod-discovery.edx-cdn.org/cdn-cgi/image/width=auto,height=auto,quality=75,format=webp/media/course/image/1c2ced38-fcbf-4c67-92eb-38f09b81476f-e7e3ba1249db.png","This course introduces you to the fundamentals of NoSQL, including the four key non-relational database categories. By the end of the course you will have hands-on skills for working with MongoDB, Cassandra and IBM Cloudant NoSQL databases.",5,,,2,3,337,True,course-v1:IBM+DB0151EN+2T2021
course-11d76826-cc8a-4ae6-8681-7ec0f6f2690c,11d76826-cc8a-4ae6-8681-7ec0f6f2690c,How to analyze a microbiome,KU Leuven,Course,Course,edX,Intermediate,Biology & Life Sciences; Data Analysis & Statistics,English,Current,self_paced,Data Analysis,https://www.edx.org/learn/microbiology/ku-leuven-how-to-analyze-a-microbiome,"https://prod-discovery.edx-cdn.org/cdn-cgi/image/width=auto,height=auto,quality=75,format=webp/media/course/image/11d76826-cc8a-4ae6-8681-7ec0f6f2690c-e93766238e15.jpeg",Learn common analysis techniques to make sense of microbial sequencing data.,7,,,1,3,337,False,course-v1:KULeuvenX+MICROx+3T2020
course-c5fd6be8-1018-43cb-9034-ffe59b75a3d2,c5fd6be8-1018-43cb-9034-ffe59b75a3d2,Managing Conflicts on Projects with Cultural and Emotional Intelligence,"The University of Maryland, College Park",Course,Course,edX,Introductory,Business & Management; Communication; Engineering,English,Current,self_paced,Communications; Conflict Resolution; Problem Solving; Logo Design; Capability Maturity Model; Emotional Intelligence; Storyboarding; Program Management; Intercultural Competence; Influencing Skills; Persuasive Communication; Conflict Management; Non-Verbal Communication,https://www.edx.org/learn/conflict-resolution/the-university-of-maryland-college-park-managing-conflicts-on-projects-with-cultural-and-emotional-intelligence,"https://prod-discovery.edx-cdn.org/cdn-cgi/image/width=auto,height=auto,quality=75,format=webp/media/course/image/c5fd6be8-1018-43cb-9034-ffe59b75a3d2-ed7f673918cc.jpeg",Great program managers understand and heal bad communication habits and conflicts that arise within project teams and stakeholders. Learn how by leveraging emotional and cultural intelligence using the Coordinated Management of Meaning (CMM).,5,,,3,5,336,True,course-v1:USMx+PMCOMM03+1T2021
course-2d54dea2-ec85-4474-ae04-09fee261ca35,2d54dea2-ec85-4474-ae04-09fee261ca35,Understanding Nuclear Energy,Delft University of Technology,Course,Course,edX,Intermediate,Engineering; Physics; Science,English,Current; Upcoming,self_paced,Debating; Nuclear Reactor; Nuclear Safety; Economics; Nuclear Power; Nuclear Fuel; Physics; Nuclear Fuel Cycle,https://www.edx.org/learn/nuclear-energy/delft-university-of-technology-understanding-nuclear-energy,"https://prod-discovery.edx-cdn.org/cdn-cgi/image/width=auto,height=auto,quality=75,format=webp/media/course/image/2d54dea2-ec85-4474-ae04-09fee261ca35-b6bcaf8b92e6.jpg",Learn the science and technology behind nuclear energy and the special features of this energy source.,6,,,4,6,336,False,course-v1:DelftX+NUCLEAR01x+3T2016
course-9e364976-4f52-4784-9f02-33e4f3b51a70,9e364976-4f52-4784-9f02-33e4f3b51a70,"Sustainable Supply Chain Planning, Sourcing, and Procurement",International Supply Chain Education Alliance,Course,Course,edX,Intermediate,Business & Management; Environmental Studies; Engineering,English,Current,self_paced,Warehousing; Planning; Procurement; Materials Planning; Sourcing; Supply Chain Management; Supply Chain Planning; Supply Chain,https://www.edx.org/learn/sustainability/international-supply-chain-education-alliance-sustainable-supply-chain-planning-sourcing-and-procurement,"https://prod-discovery.edx-cdn.org/cdn-cgi/image/width=auto,height=auto,quality=75,format=webp/media/course/image/9e364976-4f52-4784-9f02-33e4f3b51a70-c131faa67d4b.jpeg","Learn the fundamental concepts of planning, sourcing, and procurement with applied sustainable techniques. The course will begin with content on how to integrate sustainability and circularity into planning and sourcing. The course demonstrates the importance of efficiency and long-term planning to ensure the minimization of waste and the maximization of productive Supply Chain flow.
​Preparatory material - can be applied to ISCEA CSSCP - Certified Sustainable Supply Chain Professional - Certificate, now available on edX.",4,,,2,8,335,True,course-v1:ISCEA+SSCP02+1T2022
course-4a73acff-ee97-495a-8602-dcf9b4e5fce6,4a73acff-ee97-495a-8602-dcf9b4e5fce6,Edición de vídeo y postproducción con DaVinci Resolve. Básico,Universidad Carlos III de Madrid,Course,Course,edX,Introductory,Communication; Art & Culture; Computer Science,Spanish,Current,self_paced,Tutorials; DaVinci Resolve (Video Editing Software); Written Composition; Audio Mixing; Audio Editing; Sound Effects; Computing Platforms; Audio Editing Software; Video Editing; Animations; Post-Production; Workflow Management; Color Correction; Visual Effects; Creativity,https://www.edx.org/learn/video-editing/universidad-carlos-iii-de-madrid-edicion-de-video-y-postproduccion-con-davinci-resolve,"https://prod-discovery.edx-cdn.org/cdn-cgi/image/width=auto,height=auto,quality=75,format=webp/media/course/image/4a73acff-ee97-495a-8602-dcf9b4e5fce6-bd747619275f.png","Entrarás en contacto con los flujos de trabajo del montaje y la postproducción con la versión gratuita de Davinci Resolve. Para ello realizarás ejercicios prácticos, como animaciones gráficas, corrección de color y efectos de sonido",5,,,3,4,335,True,course-v1:UC3Mx+PCA.3x+1T2021
course-a8e91ade-6941-45bc-983d-a645b7dbc832,a8e91ade-6941-45bc-983d-a645b7dbc832,Doing Gender and Why it Matters,The University of Hong Kong,Course,Course,edX,Introductory,Social Sciences; Art & Culture; Humanities,English,Current,self_paced,Social Policy; Education Policy; Psychology; Resilience; Sociology; Cultural Studies,https://www.edx.org/learn/gender-studies/university-of-hong-kong-doing-gender-and-why-it-matters,"https://prod-discovery.edx-cdn.org/cdn-cgi/image/width=auto,height=auto,quality=75,format=webp/media/course/image/a8e91ade-6941-45bc-983d-a645b7dbc832-b1e2753d6a2f.jpeg","Understand gendered realities through an in-depth consideration of ""sex"" and ""gender"" as cultural, social and legal phenomena impacting society and how they interact with structures of power and violence using an interdisciplinary lens.",6,,,2,3,334,False,course-v1:HKUx+Genderx+1T2019
course-a2e61c73-a1c2-4795-a501-c1a2d1fd919a,a2e61c73-a1c2-4795-a501-c1a2d1fd919a,The Opioid Crisis in America,Harvard University,Course,Course,edX,Introductory,Medicine; Health & Safety,English,Current,self_paced,Drug Overdose Treatment; Medical Prescription,https://www.edx.org/learn/drugs/harvard-university-the-opioid-crisis-in-america,"https://prod-discovery.edx-cdn.org/cdn-cgi/image/width=auto,height=auto,quality=75,format=webp/media/course/image/a2e61c73-a1c2-4795-a501-c1a2d1fd919a-679cbe96c7e2.jpg","Learn about the opioid epidemic in the United States, including information about treatment and recovery from opioid addiction.",10,,,1,2,334,False,course-v1:HarvardX+HHP100+1T2017
course-77b1eb75-d9e5-498e-9247-c3f534f2b5b1,77b1eb75-d9e5-498e-9247-c3f534f2b5b1,Viruses & How to Beat Them I: Introduction to Cell Biology & Viruses,Tel Aviv University; IsraelX,Course,Course,edX,Introductory,Biology & Life Sciences,English,Current,self_paced,,https://www.edx.org/learn/cellular-biology/tel-aviv-university-viruses-how-to-beat-them-i-introduction-to-cell-biology-viruses,"https://prod-discovery.edx-cdn.org/cdn-cgi/image/width=auto,height=auto,quality=75,format=webp/media/course/image/77b1eb75-d9e5-498e-9247-c3f534f2b5b1-8b292b94cfb3.png","Whereas cells are alive, viruses are not. Discover how living cells translate information coded in our genes into proteins and what happens when viruses hijack our cells and cause life threatening diseases.",4,,,2,3,334,True,course-v1:TAUx+Viruses101+3T2023
course-cb5838e0-6627-48e1-97a1-08ec9eb7dd54,cb5838e0-6627-48e1-97a1-08ec9eb7dd54,Gender and Sexuality,American Psychological Association,Course,Course,edX,Introductory,Social Sciences,English,Current,self_paced,,https://www.edx.org/learn/gender-studies/american-psychological-association-gender-and-sexuality,"https://prod-discovery.edx-cdn.org/cdn-cgi/image/width=auto,height=auto,quality=75,format=webp/media/course/image/cb5838e0-6627-48e1-97a1-08ec9eb7dd54-0a62921c06a4.jpeg","The goal of this course is to help you understand current topics in sex and gender and how they apply to everyday life. This course provides you with information to differentiate between sex, or sex assigned at birth, and gender. You will explore the development of sex characteristics and gender over the lifespan, including the variability of gender across cultures. You will also learn about the development of diverse sexual identities, along with variations in sexual behaviors and possible consequences. Finally, you will have a chance to learn about romantic attraction and love, including different types of romantic relationships.",8,,,2,5,333,True,course-v1:APA+GEN-SEX+3T2023
course-af93e0a5-c0d3-4ca6-a291-8a26864cea43,af93e0a5-c0d3-4ca6-a291-8a26864cea43,'Talk to me': Improving mental health and suicide prevention in young adults,Curtin University,Course,Course,edX,Introductory,Health & Safety; Communication,English,Current,self_paced,Suicide Intervention; Mental Health,https://www.edx.org/learn/mental-health/curtin-university-talk-to-me-improving-mental-health-and-suicide-prevention-in-young-adults,"https://prod-discovery.edx-cdn.org/cdn-cgi/image/width=auto,height=auto,quality=75,format=webp/media/course/image/af93e0a5-c0d3-4ca6-a291-8a26864cea43-1b16976ab753.jpeg","As a student, parent, teacher, coach, or health professional, learn strategies to help improve the mental health of young people in your life, recognise concerning behaviours, and feel better prepared to have conversations about mental health.",6,,,2,3,333,False,course-v1:CurtinX+TTM1x+2T2019
course-f1220644-4c69-4989-8f2d-7f18d87184c6,f1220644-4c69-4989-8f2d-7f18d87184c6,VITARA-Enterprise Risk Management,The International Monetary Fund,Course,Course,edX,Introductory,Economics & Finance,English,Current,self_paced,,https://www.edx.org/learn/risk-management/the-international-monetary-fund-vitara-enterprise-risk-management,"https://prod-discovery.edx-cdn.org/cdn-cgi/image/width=auto,height=auto,quality=75,format=webp/media/course/image/f1220644-4c69-4989-8f2d-7f18d87184c6-db4116590f3e.png","This short, self-paced course provides fundamental knowledge on modern Enterprise Risk Management (ERM) good practices. The strategic goal of ERM is to understand and manage enterprise risks (including compliance, IT, HR, finance, project, and reform-related risks) in a holistic, structured, and systematic fashion. ERM informs strategy and planning and thus improve the quality and viability of strategies and organizational performance. ERM seeks to ensure that significant organizational risks (which can also be thought of as barriers, threats, or obstacles) are recognized. It also ensures that where required, and to the extent possible, these risks are mitigated to acceptable levels and possibly turned into opportunities.",1,,,3,6,332,False,course-v1:IMFx+VITARA-ERM+2T2024
course-a7d71d63-49d2-43f7-af6e-6a65e00f227e,a7d71d63-49d2-43f7-af6e-6a65e00f227e,Mobile & Desktop Apps,Microsoft,Course,Course,edX,Introductory,Computer Science,English,Current,self_paced,Software Development; User Interface Design; Desktop Environments; Programming Tools,https://www.edx.org/learn/computer-science/microsoft-mobile-desktop-apps,"https://prod-discovery.edx-cdn.org/cdn-cgi/image/width=auto,height=auto,quality=75,format=webp/media/course/image/a7d71d63-49d2-43f7-af6e-6a65e00f227e-b94275353ad8.jpeg","You will learn about building mobile and desktop applications. The content covers general development concepts and skills for creating applications, focusing on the overall process rather than specific files or folders.",2,,,2,3,331,True,course-v1:Microsoft+APP-105+2T2025
course-4d84e313-dde1-4d20-a045-ea2f804c7362,4d84e313-dde1-4d20-a045-ea2f804c7362,Creating Modern China: The Republican Period to the Present,Harvard University,Course,Course,edX,Introductory,History; Social Sciences,English,Current,self_paced,Infrastructure,https://www.edx.org/learn/chinese-history/harvard-university-creating-modern-china-the-republican-period-to-the-present,"https://prod-discovery.edx-cdn.org/cdn-cgi/image/width=auto,height=auto,quality=75,format=webp/media/course/image/4d84e313-dde1-4d20-a045-ea2f804c7362-04d9a5e4468b.jpg",Explore the birth of modern China with a focus on the time between the fall of the Qing and the end of World War II.,12,,,1,3,331,True,course-v1:HarvardX+SW12.8x+2015
course-6c6eb7fd-cc12-4916-b55a-9a2b0ee7148d,6c6eb7fd-cc12-4916-b55a-9a2b0ee7148d,AP® English Literature & Composition – Part 2: Poems,"University of California, Berkeley",Course,Course,edX,Introductory,Humanities; Literature,English,Current,self_paced,Writing; Creative Writing; Vocabulary,https://www.edx.org/learn/ap/university-of-california-berkeley-ap-r-english-literature-composition-part-2-poems,"https://prod-discovery.edx-cdn.org/cdn-cgi/image/width=auto,height=auto,quality=75,format=webp/media/course/image/6c6eb7fd-cc12-4916-b55a-9a2b0ee7148d-d288d6aa3fa5.jpg",Learn how to read and interpret poetry and enhance your reading and writing skills in preparation for the AP® English Literature &amp; Composition exam.,7,,,4,5,330,False,course-v1:BerkeleyX+ColWri11.2+1T2019
course-ee542ade-2550-45ab-b06a-9316676a90bb,ee542ade-2550-45ab-b06a-9316676a90bb,Introducción a la inversión bursátil,Universitat Politècnica de València,Course,Course,edX,Introductory,Economics & Finance,Spanish,Current; Upcoming,self_paced,Investments; Stock Markets,https://www.edx.org/learn/stocks/universitat-politecnica-de-valencia-introduccion-a-la-inversion-bursatil,"https://prod-discovery.edx-cdn.org/cdn-cgi/image/width=auto,height=auto,quality=75,format=webp/media/course/image/ee542ade-2550-45ab-b06a-9316676a90bb-1d8aaa99c2ca.jpg","Aprende las bases de la inversión en bolsa. Conoce los productos en que invertir, gráficos e indicadores que usan los gestores profesionales.",2,,,3,4,329,False,course-v1:UPValenciaX+BOL1201.x+T12016
course-9dfa5126-51e2-4d67-ab49-9e2268d80a1f,9dfa5126-51e2-4d67-ab49-9e2268d80a1f,Global Politics,Università degli Studi di Napoli Federico II,Course,Course,edX,Introductory,Social Sciences,English,Current,self_paced,Political Sciences; International Studies; French Language; Economics; Anthropology; Sociology; Psychology; Joint Ventures; Global Politics; English Language,https://www.edx.org/learn/politics/universita-degli-studi-di-napoli-federico-ii-global-politics,"https://prod-discovery.edx-cdn.org/cdn-cgi/image/width=auto,height=auto,quality=75,format=webp/media/course/image/9dfa5126-51e2-4d67-ab49-9e2268d80a1f-b80f2eaf88ab.jpg","Join us on a cosmopolitan adventure through politics, society, conflict and nature, and ask yourself, as we look to the future of humanity, whether there is one global order that is sufficiently complex to be both lasting and sustainable.",6,,,4,6,329,False,course-v1:FedericaX+Fed.X19+1T2018
course-fe0c8b35-8af3-4456-8bd1-029f50dbefe1,fe0c8b35-8af3-4456-8bd1-029f50dbefe1,Python Data Structures,The University of Michigan,Course,Course,edX,Introductory,Computer Science,English,Current,self_paced,JSON; Python (Programming Language); Data Structures,https://www.edx.org/learn/python/the-university-of-michigan-python-data-structures,"https://prod-discovery.edx-cdn.org/cdn-cgi/image/width=auto,height=auto,quality=75,format=webp/media/course/image/fe0c8b35-8af3-4456-8bd1-029f50dbefe1-d51f3ed9ef55.png","The second course in Python for Everybody explores variables that contain collections of data like string, lists, dictionaries, and tuples. Learning how to store and represent and manipulate data collections while a program is running is an important part of learning how to program.",7,,,2,4,327,False,course-v1:MichiganX+py4e102x+1T2019
course-b9081090-47ab-4c7f-93f5-ea2c0342a564,b9081090-47ab-4c7f-93f5-ea2c0342a564,Knowledge Translation 1 - Introduction,Université de Montréal,Course,Course,edX,Introductory,Education & Teacher Training; Medicine; Social Sciences,English,Current,self_paced,,https://www.edx.org/learn/education-teacher-training/universite-de-montreal-knowledge-translation-1-introduction,"https://prod-discovery.edx-cdn.org/cdn-cgi/image/width=auto,height=auto,quality=75,format=webp/media/course/image/b9081090-47ab-4c7f-93f5-ea2c0342a564-19fa46a17403.png","Welcome to this introductory course on knowledge translation!
This course is part of a series titled “Knowledge Translation: Promoting Evidence-informed Practices and Policies.”
MOOC 1 is an introduction to Knowledge Translation. It offers you a chance to familiarize yourself with the basic concepts of knowledge translation and learn to identify the factors that promote or discourage knowledge use.",8,,,2,3,327,False,course-v1:UMontrealX+RENARD101-EN+2T2024
course-42cb9573-93a5-4075-b3d3-210043d43bc5,42cb9573-93a5-4075-b3d3-210043d43bc5,تمويل ريادة الأعمال,Qatar University,Course,Course,edX,Introductory,Business & Management,Arabic,Current,self_paced,,https://www.edx.org/learn/business-management/qatar-university-tmwyl-ryd-l-ml,"https://prod-discovery.edx-cdn.org/cdn-cgi/image/width=auto,height=auto,quality=75,format=webp/media/course/image/42cb9573-93a5-4075-b3d3-210043d43bc5-f36657e27bfb.png",يهدف هذا المقرر إلى تزويد الفهم العميق للقضايا المالية المتعلقة بالمشاريع الريادية. يغطي المقررمجموعة متنوعة من المواضيع بما فيها: أنواع ريادة الأعمال، البيانات المالية والتحليل المالي، مصادر التمويل المختلفة، الخطة المالية، خطة عمل المشروع، تقييم الاحتياجات المالية، طرق وأداوات تقييم المشاريع، وعملية اتخاد القرارالاستثماري المناسب.,5,,,3,5,327,True,course-v1:QUx+QU02X03+3T2024
course-0191b66a-4a30-49b9-a4bb-aeeb4d96b15b,0191b66a-4a30-49b9-a4bb-aeeb4d96b15b,Data Analysis for the Behavioral Sciences,American Psychological Association,Course,Course,edX,Introductory,Data Analysis & Statistics; Social Sciences,English,Current,self_paced,Statistics; Data Analysis; Confidence Intervals; Psychology; Statistical Hypothesis Testing; Behavioral Science,https://www.edx.org/learn/data-analysis/american-psychological-association-data-analysis-for-the-behavioral-sciences,"https://prod-discovery.edx-cdn.org/cdn-cgi/image/width=auto,height=auto,quality=75,format=webp/media/course/image/0191b66a-4a30-49b9-a4bb-aeeb4d96b15b-1a652baba272.jpeg",How do statistics apply to your life and how can we use statistics to draw conclusions about the world? This course will provide you with an integrated and engaging online experience to explore statistics in the behavioral sciences.,8,,,2,5,327,True,course-v1:APA+DAT-ANA+1T2023
course-f18fdeea-c53d-4ab0-904f-f193f81dc697,f18fdeea-c53d-4ab0-904f-f193f81dc697,Marketing Essentials,Adelaide University,Course,Course,edX,Introductory,Communication; Business & Management,English,Current,self_paced,Marketing; Marketing Channel; Marketing Strategies,https://www.edx.org/learn/communication/university-of-adelaide-marketing-essentials,"https://prod-discovery.edx-cdn.org/cdn-cgi/image/width=auto,height=auto,quality=75,format=webp/media/course/image/f18fdeea-c53d-4ab0-904f-f193f81dc697-73e10f7d3f64.jpeg","Unpack marketing fundamentals, how marketing works and why marketing is important.",4,,,1,2,326,False,course-v1:AdelaideX+MarketingEssX+2T2025
course-77ba4032-53cb-4d03-8023-4f2e739883fb,77ba4032-53cb-4d03-8023-4f2e739883fb,AI to Understand and Connect People,KU Leuven,Course,Course,edX,Introductory,Humanities; Social Sciences; Education & Teacher Training,English,Current,self_paced,Public Policies; Natural Language Processing; Machine Learning; Social Sciences; Research; Deep Learning; Aesthetics; Artificial Intelligence; Computer Vision,https://www.edx.org/learn/humanities/ku-leuven-ai-to-understand-and-connect-people-a-course-for-humanities-and-social-sciences-professionals,"https://prod-discovery.edx-cdn.org/cdn-cgi/image/width=auto,height=auto,quality=75,format=webp/media/course/image/77ba4032-53cb-4d03-8023-4f2e739883fb-06c7d2b0e9d2.jpeg","A course for Humanities and Social Sciences professionals. Learn the foundations of AI and explore its impact on culture, education, regulation, and the public sector.",9,,,3,4,325,False,course-v1:KULeuvenX+HUMANAIx+2T2025
course-00168fe8-832f-4aeb-a923-97760f037dda,00168fe8-832f-4aeb-a923-97760f037dda,"Literati China: Examinations, Neo-Confucianism, and Later Imperial China",Harvard University,Course,Course,edX,Introductory,History; Humanities; Art & Culture,English,Current,self_paced,Urbanization,https://www.edx.org/learn/imperial-china/harvard-university-literati-china-examinations-neo-confucianism-and-later-imperial-china,"https://prod-discovery.edx-cdn.org/cdn-cgi/image/width=auto,height=auto,quality=75,format=webp/media/course/image/00168fe8-832f-4aeb-a923-97760f037dda-be01553dae3e.jpg","Explore China’s imperial period, with a focus on the Song dynasty and the role of the exam system in government.",12,,,1,3,325,True,course-v1:HarvardX+SW12.4x+2015
course-6c9b7d4f-592b-4e65-9419-d421a7c75df6,6c9b7d4f-592b-4e65-9419-d421a7c75df6,"A-level Mathematics for Year 13 - Course 2: General Motion, Moments and Equilibrium, The Normal Distribution, Vectors, Differentiation Methods, Integration Methods and Differential Equations",Imperial College London,Course,Course,edX,Intermediate,Math,English,Current,self_paced,Normal Distribution; Differential Equations,https://www.edx.org/learn/math/imperial-college-london-a-level-mathematics-for-year-13-course-2-general-motion-moments-and-equilibrium-the-normal-distribution-vectors-differentiation-methods-integration-methods-and-differential-equations,"https://prod-discovery.edx-cdn.org/cdn-cgi/image/width=auto,height=auto,quality=75,format=webp/media/course/image/6c9b7d4f-592b-4e65-9419-d421a7c75df6-be20b96e80a3.jpeg","Develop your thinking skills, fluency and confidence to aim for an A* in A-level maths and prepare for undergraduate STEM degrees.",7,,,2,4,324,False,course-v1:ImperialX+alm004+1T2020
course-1ab686c7-5e5a-4e5d-8174-fc56c1e98d85,1ab686c7-5e5a-4e5d-8174-fc56c1e98d85,Human Resources: Acquiring and Managing Talent in the 21st Century,"University of California, Riverside",Course,Course,edX,Introductory,Business & Management,English,Current,self_paced,,https://www.edx.org/learn/human-resources/university-of-california-riverside-human-resources-acquiring-and-managing-talent-in-the-21st-century,"https://prod-discovery.edx-cdn.org/cdn-cgi/image/width=auto,height=auto,quality=75,format=webp/media/course/image/1ab686c7-5e5a-4e5d-8174-fc56c1e98d85-14a2fb6fdbae.jpeg","As organizations strive to remain competitive, strategic talent management remains at the forefront to develop its culture and drive business success. HR professionals and organizational leaders are charged with prioritizing the recruitment and retention of dynamic people in alignment with the organization’s mission, vision, and goals, all the while engaging, developing, and empowering employees to invest in the org’s success – creating an exponential return on investment. Building and leveraging a diverse workforce across generations, culture, language, communication competence, and technical aptitude are among an organization’s key performance drivers.",8,,,1,3,323,False,course-v1:UCR+MGT850+2T2023
course-99d94f94-8358-4cbf-887f-8dbf06e12119,99d94f94-8358-4cbf-887f-8dbf06e12119,Neurociencias y movimiento humano con IA,Universidad del Rosario,Course,Course,edX,Introductory,Medicine; Health & Safety,Spanish,Current,self_paced,,https://www.edx.org/learn/medicine/universidad-del-rosario-neurociencias-y-movimiento-humano-con-ia,"https://prod-discovery.edx-cdn.org/cdn-cgi/image/width=auto,height=auto,quality=75,format=webp/media/course/image/99d94f94-8358-4cbf-887f-8dbf06e12119-07a61f2f1add.jpeg","Explora los principios fundamentales de la neuroanatomía y la relación entre el cerebro y el movimiento humano mediante un enfoque práctico y aplicado con el uso de inteligencia artificial. Aborda trastornos neurológicos como el Parkinson y promueve estrategias no farmacológicas, como el ejercicio físico, para potenciar la neuroplasticidad y mejorar la calidad de vida.",4,,,4,6,322,False,course-v1:URosarioX+URX139+1T2025
course-f4a512fe-a9b5-435b-9068-b6889d86ee18,f4a512fe-a9b5-435b-9068-b6889d86ee18,Platform Business Models,Indian Institute of Management Bangalore,Course,Course,edX,Advanced,Business & Management; Economics & Finance,English,Current,self_paced,Operations; Business Modeling; Economics; Technology Ecosystems,https://www.edx.org/learn/business-model/indian-institute-of-management-bangalore-platform-business-models,"https://prod-discovery.edx-cdn.org/cdn-cgi/image/width=auto,height=auto,quality=75,format=webp/media/course/image/f4a512fe-a9b5-435b-9068-b6889d86ee18-5d6290c2973e.jpeg","This course provides a strategic perspective to understanding platform business models. In contrast to traditional pipeline businesses, platform business models need different treatment, both in terms of strategies and operations. This course will discuss the unique economics of platform businesses, and the specific decisions leaders in platform firms need to take.",5,,,3,5,321,False,course-v1:IIMBx+ST901x+2T2021
course-122f14a2-58ae-46c2-b4b9-f3070c5a27c4,122f14a2-58ae-46c2-b4b9-f3070c5a27c4,Cell cultivation techniques: An introduction,ZHAW Zurich University of Applied Sciences,Course,Course,edX,Intermediate,Biology & Life Sciences; Engineering; Science,English,Current,self_paced,Antibodies; Cell Biology; Cell Cultures; Tissue Culture; Chinese Hamster Ovary Cell; Enzymes; Suspension (Vehicle); Biopharmaceuticals; Bioreactors,https://www.edx.org/learn/cellular-biology/zhaw-zurich-university-of-applied-sciences-cell-cultivation-techniques-an-introduction,"https://prod-discovery.edx-cdn.org/cdn-cgi/image/width=auto,height=auto,quality=75,format=webp/media/course/image/122f14a2-58ae-46c2-b4b9-f3070c5a27c4-205d05313bca.jpeg","Do you want to know what is a bioreactor and how is it operated? How are cells cultivated for biopharmaceutical production, and what are the difficulties? In this course, you will learn the basic techniques for the successful cultivation of mammalian, plant, and stem cells.",8,,,4,6,321,False,course-v1:ZHAWx+CCT1x+2T2022
course-7c0ae6f4-2ed5-4ccc-a722-760716d2faff,7c0ae6f4-2ed5-4ccc-a722-760716d2faff,Data Analytics and Visualization Capstone Project,IBM,Course,Course,edX,Advanced,Data Analysis & Statistics,English,Current,self_paced,Data-Driven Decision-Making; Business Intelligence; Preparing Executive Summaries; Pandas (Python Package); Data Wrangling; Relational Databases; Jupyter; Scikit-learn (Machine Learning Library); Seaborn; Relational Database Management Systems; Data Collection; Presentations; SQL (Programming Language); Matplotlib; IBM Cognos Business Intelligence; Data Analysis; SciPy; Python (Programming Language); Statistical Analysis; NumPy; Dashboard; Data Visualization,https://www.edx.org/learn/data-analysis/ibm-data-analytics-and-visualization-capstone-project,"https://prod-discovery.edx-cdn.org/cdn-cgi/image/width=auto,height=auto,quality=75,format=webp/media/course/image/7c0ae6f4-2ed5-4ccc-a722-760716d2faff-6752edb77c9c.jpeg",Showcase your data analysis skills to prospective employers by carrying out common tasks performed by data analysts on a data set simulating a real-life business scenario and creating a comprehensive data analysis report.,6,,,2,3,320,True,course-v1:IBM+DA0321+1T2021
course-10bf847e-f36e-4c75-8097-9c2f6f86fc57,10bf847e-f36e-4c75-8097-9c2f6f86fc57,Analyzing Data with R,IBM,Course,Course,edX,Introductory,Data Analysis & Statistics,English,Current,self_paced,Data Science; Data Analysis; R (Programming Language); On-Time Performance; Data Preprocessing; Exploratory Data Analysis,https://www.edx.org/learn/data-analysis/ibm-analyzing-data-with-r,"https://prod-discovery.edx-cdn.org/cdn-cgi/image/width=auto,height=auto,quality=75,format=webp/media/course/image/10bf847e-f36e-4c75-8097-9c2f6f86fc57-15797284e311.jpeg",R is the key that opens the door between the problems you want to solve with data and the answers you need. This course walks you through the process of answering questions through data.,6,,,2,3,320,True,course-v1:IBM+DA0151EN+2T2021
course-f308686e-1be6-440a-af0c-1dedb3f5ef4c,f308686e-1be6-440a-af0c-1dedb3f5ef4c,Modern Product Leadership,"The University of Maryland, College Park",Course,Course,edX,Introductory,Business & Management; Computer Science; Design,English,Current,self_paced,Agile Methodology; Team Building; Influencing Skills; Communications; Sales; Empowerment; Leadership; Product Management; Innovation; New Product Development; Research; Goal Setting; Product Roadmaps; Product Leadership; Product Strategy; Technology Roadmaps,https://www.edx.org/learn/product-management/the-university-of-maryland-college-park-modern-product-leadership,"https://prod-discovery.edx-cdn.org/cdn-cgi/image/width=auto,height=auto,quality=75,format=webp/media/course/image/f308686e-1be6-440a-af0c-1dedb3f5ef4c-2e45934569c7.png",Lead product teams and organizations to deliver winning solutions for customers while driving engagement and innovation across the enterprise,4,,,2,3,319,True,course-v1:USMx+ENES608.5+3T2020
course-8ff895c8-8f42-4375-a185-1d17018498a4,8ff895c8-8f42-4375-a185-1d17018498a4,Mastering Generative AI: Model Foundations and NLP,IBM,Course,Course,edX,Intermediate,Computer Science,English,Current,self_paced,,https://www.edx.org/learn/computer-science/ibm-mastering-generative-ai-model-foundations-and-nlp,"https://prod-discovery.edx-cdn.org/cdn-cgi/image/width=auto,height=auto,quality=75,format=webp/media/course/image/8ff895c8-8f42-4375-a185-1d17018498a4-5f484ebab9f5.jpeg","Gain job-ready skills in generative AI and NLP that employers need. Enhance your resume with in-demand expertise that will help you stand out as an AI engineer, AI developer, or data scientist.",2,,,2,3,319,True,course-v1:IBM+AI0201EN+3T2024
course-86301eb9-9d97-4263-be86-2cc6f35faab7,86301eb9-9d97-4263-be86-2cc6f35faab7,Advanced Cardiac Imaging: Echocardiography (Echo),The University of Hong Kong,Course,Course,edX,Introductory,Medicine; Science,English,Current,self_paced,,https://www.edx.org/learn/medicine/the-university-of-hong-kong-advanced-cardiac-imaging-echocardiography-echo,"https://prod-discovery.edx-cdn.org/cdn-cgi/image/width=auto,height=auto,quality=75,format=webp/media/course/image/86301eb9-9d97-4263-be86-2cc6f35faab7-e20fb7f79e9e.jpeg","First ever echocardiography MOOC! Learn the echo essentials through short videos, downloadable cases, and web forums.",5,,,2,3,319,False,course-v1:HKUx+Echox+1T2025
course-83c62468-3458-40cc-ac21-9eb3909ec204,83c62468-3458-40cc-ac21-9eb3909ec204,Risk Management in Development Projects,Inter-American Development Bank,Course,Course,edX,Intermediate,Business & Management,English,Current,self_paced,Project Management Body Of Knowledge (PMBOK) Methodology; Project Management Institute (PMI) Methodology; Risk Management; Project Risk Management,https://www.edx.org/learn/risk-management/inter-american-development-bank-risk-management-in-development-projects,"https://prod-discovery.edx-cdn.org/cdn-cgi/image/width=auto,height=auto,quality=75,format=webp/media/course/image/83c62468-3458-40cc-ac21-9eb3909ec204-1d351e5558c0.jpg",Learn to preemptively manage positive and negative events that may affect the execution of a development project.,10,,,2,3,319,True,course-v1:IDBx+IDB34.2x+3T2019
course-dc8d0981-9423-4bed-8ce1-f1145e967129,dc8d0981-9423-4bed-8ce1-f1145e967129,"Principles, Materials and Technologies of Façades",Delft University of Technology,Course,Course,edX,Intermediate,Architecture,English,Current,self_paced,Cultural Influences; Research; Green Building; Innovation,https://www.edx.org/learn/architecture/delft-university-of-technology-principles-materials-and-technologies-of-facades,"https://prod-discovery.edx-cdn.org/cdn-cgi/image/width=auto,height=auto,quality=75,format=webp/media/course/image/dc8d0981-9423-4bed-8ce1-f1145e967129-1844036570ec.jpeg","Learn the fundamentals of façade engineering, including theory, construction technologies, materials and the principal systems.",7,,,3,4,318,False,course-v1:DelftX+PMTF1x+1T2025
course-8e0f90f8-8490-49c8-88aa-97fd18f32cee,8e0f90f8-8490-49c8-88aa-97fd18f32cee,Four Facets of Contemporary Japanese Architecture: Theory,The University of Tokyo,Course,Course,edX,Intermediate,Architecture,Japanese,Current,self_paced,Advertisement,https://www.edx.org/learn/architecture/the-university-of-tokyo-four-facets-of-contemporary-japanese-architecture-theory,"https://prod-discovery.edx-cdn.org/cdn-cgi/image/width=auto,height=auto,quality=75,format=webp/media/course/image/8e0f90f8-8490-49c8-88aa-97fd18f32cee-eb2a784e243f.png","Learn the history, ideas and concepts behind contemporary Japanese architecture through four architectural facets and five generations of architects.",,,,1,2,318,True,course-v1:UTokyoX+UTokyo004x+1T2016
course-5a4fb01d-464b-4be4-a208-bca419195280,5a4fb01d-464b-4be4-a208-bca419195280,Writing successfully for the Stage,University of Cambridge,Course,Course,edX,Intermediate,Communication; Art & Culture; Humanities,English,Current,self_paced,Creativity; Communications; Scripting,https://www.edx.org/learn/creative-writing/university-of-cambridge-writing-successfully-for-the-stage,"https://prod-discovery.edx-cdn.org/cdn-cgi/image/width=auto,height=auto,quality=75,format=webp/media/course/image/5a4fb01d-464b-4be4-a208-bca419195280-f15f3acbd530.jpeg","Learn to structure your dramatic writing to a professional standard, as well as develop professionally transferable communication skills. This course will broaden your understanding of how to write engaging and interesting stories in order to attract producers and directors to your work. You will understand how to write effective dialogue, and how to edit your work.",4,,,8,10,318,True,course-v1:UniversityofCambridge+2021EDX002+3T2020
course-48ba320c-b9fa-4761-9fc4-a0fbac228528,48ba320c-b9fa-4761-9fc4-a0fbac228528,Implant Dentistry,The University of Hong Kong,Course,Course,edX,Introductory,Medicine,English,Current,self_paced,Treatment Planning; Surgical Procedures; Dentistry,https://www.edx.org/learn/dentistry/university-of-hong-kong-implant-dentistry,"https://prod-discovery.edx-cdn.org/cdn-cgi/image/width=auto,height=auto,quality=75,format=webp/media/course/image/48ba320c-b9fa-4761-9fc4-a0fbac228528-01ef613f35e9.jpeg","Learn Implant Dentistry from world-class specialists and researchers! Join the state of art in the biology, the technology and clinical management in implant dentistry today!",5,,,2,5,318,False,course-v1:HKUx+Dentistry_1x+1T2020
course-0a4df8e6-0eff-40ea-b139-7b3c88ddfe5f,0a4df8e6-0eff-40ea-b139-7b3c88ddfe5f,AI skills for Engineers: Supervised Machine Learning,Delft University of Technology,Course,Course,edX,Intermediate,Computer Science; Data Analysis & Statistics,English,Current,self_paced,,https://www.edx.org/learn/artificial-intelligence/delft-university-of-technology-ai-skills-for-engineers-supervised-machine-learning,"https://prod-discovery.edx-cdn.org/cdn-cgi/image/width=auto,height=auto,quality=75,format=webp/media/course/image/0a4df8e6-0eff-40ea-b139-7b3c88ddfe5f-b8b2e0900b55.png",Learn the fundamentals of machine learning to help you correctly apply various classification and regression machine learning algorithms to real-life problems using the Python toolbox scikit-learn.,6,,,6,8,318,True,course-v1:DelftX+AIfE5x+2T2023
course-ea2dbb42-5b2b-4938-8e52-6d4277465105,ea2dbb42-5b2b-4938-8e52-6d4277465105,Strategy Foundations - A Broader View,"University of Oxford; Saïd Business School, University of Oxford",Course,Course,edX,Introductory,Business & Management,English,Current,self_paced,Marketing Mix; Resilience; Operations; Innovation,https://www.edx.org/learn/business-management/university-of-oxford-strategy-foundations-a-broader-view,"https://prod-discovery.edx-cdn.org/cdn-cgi/image/width=auto,height=auto,quality=75,format=webp/media/course/image/ea2dbb42-5b2b-4938-8e52-6d4277465105-62baa9202170.jpeg","Craft a robust organisational strategy by aligning partnerships, processes and key players, ensuring clarity of vision in a complex business landscape.",4,,,2,4,317,False,course-v1:OxfordX+OXFSTA01+2T2025
course-d301f45c-aede-467e-8c66-8d81d21819a3,d301f45c-aede-467e-8c66-8d81d21819a3,Digital Marketing and Data Driven Analytics,Tecnológico de Monterrey,Course,Course,edX,Intermediate,Business & Management; Data Analysis & Statistics,English,Current,self_paced,Digital Communications; User Experience; Influencer Marketing; Marketing; Analytics; Digital Marketing; Social Media; Search Engine Marketing; Algorithms; Search Engine Optimization; Big Data,https://www.edx.org/learn/digital-marketing/tecnologico-de-monterrey-digital-marketing-and-data-driven-analytics,"https://prod-discovery.edx-cdn.org/cdn-cgi/image/width=auto,height=auto,quality=75,format=webp/media/course/image/d301f45c-aede-467e-8c66-8d81d21819a3-9bb4d71961a2.jpeg","Digital Marketing is the backbone element which uses platforms and digital technologies, such as any kind of device to maintain connected to the users. Once the users are part of this ecosystem, the companies convert this random data in accurate algorithms to improve the effectiveness of any marketing campaign.",4,,,5,8,317,True,course-v1:TecdeMonterreyX+DMDx+1T2021
course-b8d99478-57ca-4254-b948-1daa54d799e4,b8d99478-57ca-4254-b948-1daa54d799e4,Generative AI and LLMs on AWS,Pragmatic AI Labs,Course,Course,edX,Introductory,Computer Science,English,Current,self_paced,,https://www.edx.org/learn/computer-science/pragmatic-ai-labs-generative-ai-and-llms-on-aws,"https://prod-discovery.edx-cdn.org/cdn-cgi/image/width=auto,height=auto,quality=75,format=webp/media/course/image/b8d99478-57ca-4254-b948-1daa54d799e4-2aed8e45f209.png",Unlock scalable generative AI with expert training on deploying and optimizing large language models on AWS for peak performance and compliance.,4,,,3,6,317,True,course-v1:AI+llmops3x+1T2024
course-a207783b-7253-43db-9bbd-313114a3c629,a207783b-7253-43db-9bbd-313114a3c629,El arte de vender: introducción a las ventas,Pontificia Universidad Javeriana,Course,Course,edX,Introductory,Economics & Finance; Business & Management,Spanish,Current,self_paced,Sales; Selling Techniques; Marketing,https://www.edx.org/learn/sales/pontificia-universidad-javeriana-el-arte-de-vender-introduccion-a-las-ventas,"https://prod-discovery.edx-cdn.org/cdn-cgi/image/width=auto,height=auto,quality=75,format=webp/media/course/image/a207783b-7253-43db-9bbd-313114a3c629-88afa34eb76a.jpg",Aprender a desarrollar los conceptos que forman la cultura del vendedor y que lo hacen clave en el marketing de productos o servicios.,4,,,4,6,317,True,course-v1:JaverianaX+Ven2.2x+3T2018
course-4eb2a5c1-6ea4-452d-898f-9b8474dcd4a6,4eb2a5c1-6ea4-452d-898f-9b8474dcd4a6,Soft Skills: Solve Problems w/ Creative & Critical Thinking,IBM,Course,Course,edX,Introductory,Business & Management; Communication,English,Current,self_paced,,https://www.edx.org/learn/business-administration/ibm-soft-skills-solve-problems-w-creative-critical-thinking,"https://prod-discovery.edx-cdn.org/cdn-cgi/image/width=auto,height=auto,quality=75,format=webp/media/course/image/4eb2a5c1-6ea4-452d-898f-9b8474dcd4a6-4da560d79061.png","Use critical and creative thinking to analyze and solve any problem you might encounter in the workplace, an extremely valuable skill to have in any profession!",1,,,3,5,317,True,course-v1:IBM+SN0131EN+2T2023
course-c3d00ed5-8ead-4cce-9a3b-c6f12590e44b,c3d00ed5-8ead-4cce-9a3b-c6f12590e44b,Linear Algebra III: Determinants and Eigenvalues,The Georgia Institute of Technology,Course,Course,edX,Intermediate,Math,English,Current; Upcoming,self_paced,Dynamical Systems; Markov Chain; Linear Equations; Matrix Algebra; Linear Algebra; Multivariable Calculus; Eigenvalues And Eigenvectors,https://www.edx.org/learn/algebra/the-georgia-institute-of-technology-linear-algebra-iii-determinants-and-eigenvalues,"https://prod-discovery.edx-cdn.org/cdn-cgi/image/width=auto,height=auto,quality=75,format=webp/media/course/image/c3d00ed5-8ead-4cce-9a3b-c6f12590e44b-b8753cb9a8c2.jpeg","This course takes you through roughly three weeks of MATH 1554, Linear Algebra, as taught in the School of Mathematics at The Georgia Institute of Technology.",3,,,5,6,316,True,course-v1:GTx+LINALGxIII+2T2020
course-71bc8f0f-7b1c-4229-bf8b-14d83385e222,71bc8f0f-7b1c-4229-bf8b-14d83385e222,Identifying Entrepreneurial Opportunities,"The University of Maryland, College Park",Course,Course,edX,Introductory,Business & Management,English,Current,self_paced,Innovation; Opportunity Analysis; Psychology; Sociology; Entrepreneurship,https://www.edx.org/learn/entrepreneurship/the-university-of-maryland-college-park-identifying-entrepreneurial-opportunities,"https://prod-discovery.edx-cdn.org/cdn-cgi/image/width=auto,height=auto,quality=75,format=webp/media/course/image/71bc8f0f-7b1c-4229-bf8b-14d83385e222-6427c5c4f7df.png",Learn today’s newest skills and tools for identifying and acting on entrepreneurial opportunities for startup companies and corporate innovations,4,,,2,3,316,True,course-v1:USMx+ENES662x+1T2019
course-cd4477e2-7a2c-412a-aa09-22a737c08601,cd4477e2-7a2c-412a-aa09-22a737c08601,Introduction to Negotiation Strategy,"University of California, Davis",Course,Course,edX,Introductory,Business & Management,English,Current,self_paced,,https://www.edx.org/learn/negotiations/university-of-california-davis-introduction-to-negotiation-strategy,"https://prod-discovery.edx-cdn.org/cdn-cgi/image/width=auto,height=auto,quality=75,format=webp/media/course/image/cd4477e2-7a2c-412a-aa09-22a737c08601-56e046acef91.jpeg","Explore the elements of a successful negotiation, learn to avoid common mistakes and apply the principles of strategic negotiation in a real-world case.",4,,,2,4,315,True,course-v1:UCDavis+UCDNEG01+2T2023
course-a2081b4c-f608-44bc-94bc-ba761c9183f2,a2081b4c-f608-44bc-94bc-ba761c9183f2,Teaching Complex Thinking through Art with the National Gallery of Art,The Smithsonian Institution,Course,Course,edX,Introductory,Education & Teacher Training; Art & Culture; Humanities,English,Current,self_paced,,https://www.edx.org/learn/art/the-smithsonian-institution-teaching-complex-thinking-through-art-with-the-national-gallery-of-art,"https://prod-discovery.edx-cdn.org/cdn-cgi/image/width=auto,height=auto,quality=75,format=webp/media/course/image/a2081b4c-f608-44bc-94bc-ba761c9183f2-955c931bb568.jpeg","Develop complex thinking with strategies from the National Gallery of Art and Project Zero at Harvard University, making connections to artworks, exploring viewpoints with empathy, and uncovering complexities, in this course for educators of all levels and subjects.",16,,,1,5,315,False,course-v1:SmithsonianX+NGA2.1X+1T2024
course-e81950fb-2371-4967-ab23-ce69ffec155f,e81950fb-2371-4967-ab23-ce69ffec155f,PM4R Agile: mentalidad ágil en proyectos de desarrollo,Inter-American Development Bank,Course,Course,edX,Intermediate,Business & Management,Spanish,Current,self_paced,Research; Management; Learning Platforms; Accountability; Corporate Social Responsibility; Agile Methodology; Project Implementation,https://www.edx.org/learn/agile/inter-american-development-bank-pm4r-agile-mentalidad-agil-en-proyectos-de-desarrollo,"https://prod-discovery.edx-cdn.org/cdn-cgi/image/width=auto,height=auto,quality=75,format=webp/media/course/image/e81950fb-2371-4967-ab23-ce69ffec155f-6b334a772259.png",¿Trabajas en proyectos de desarrollo e impacto social y necesitas mejorar el ritmo de ejecución de tu proyecto? ¿Quieres motivar a tu equipo y aplicar un enfoque ágil en tus proyectos? Aprende los principios básicos de la agilidad y a desarrollar una mentalidad ágil que mejore los resultados de tus proyectos y de tu equipo.,10,,,1,2,314,False,course-v1:IDBx+IDB6.9x+3T2021
course-234715cb-4c35-4e65-bf20-7044247f5f48,234715cb-4c35-4e65-bf20-7044247f5f48,"Money Markets, Foreign Exchange and Time Value of Money",New York Institute of Finance,Course,Course,edX,Introductory,Economics & Finance,English,Current,self_paced,Financial Services; Money Market; Capital Markets; Time Value Of Money; Financial Market; Finance; Equities; Derivatives,https://www.edx.org/learn/economics/new-york-institute-of-finance-money-markets-foreign-exchange-and-time-value-of-money,"https://prod-discovery.edx-cdn.org/cdn-cgi/image/width=auto,height=auto,quality=75,format=webp/media/course/image/234715cb-4c35-4e65-bf20-7044247f5f48-773181c5c401.jpg","Get introduced to the money markets, foreign exchange and time-value of money.",4,,,1,2,314,True,course-v1:NYIF+CM.PC1x+2T2019
course-e8850ec1-3ef3-4a66-bc98-02f62b272775,e8850ec1-3ef3-4a66-bc98-02f62b272775,Probability and Statistics II:  Random Variables – Great Expectations to Bell Curves,The Georgia Institute of Technology,Course,Course,edX,Intermediate,Data Analysis & Statistics; Math; Engineering,English,Current; Upcoming,self_paced,Random Variables; Statistics; R (Programming Language); Probability; Statistical Packages; Probability And Statistics; Computer Simulation,https://www.edx.org/learn/statistics/the-georgia-institute-of-technology-probability-and-statistics-ii-random-variables-great-expectations-to-bell-curves,"https://prod-discovery.edx-cdn.org/cdn-cgi/image/width=auto,height=auto,quality=75,format=webp/media/course/image/e8850ec1-3ef3-4a66-bc98-02f62b272775-767052074a53.jpeg","This course discusses properties and applications of random variables. For instance, how many customers are likely to arrive in the next hour? What’s the probability that a lightbulb will last more than a year?
When you’re done with this course, you’ll have enough firepower to undertake a wide variety of modeling and analysis problems; and you’ll be well-prepared for the upcoming Statistics courses.",4,,,6,12,312,True,course-v1:GTx+ISYE6739xII+2T2020
course-cabd0da4-430b-4cad-9c7c-87c8eb6ed456,cabd0da4-430b-4cad-9c7c-87c8eb6ed456,Managing Innovation and New Technologies in the Extractive Industries,SDG Academy,Course,Course,edX,Intermediate,Energy & Earth Sciences; Engineering,English,Current,self_paced,Innovation; Teaching; Technological Change; Decision Making,https://www.edx.org/learn/energy-earth-sciences/sdg-academy-managing-innovation-and-new-technologies-in-the-extractive-industries,"https://prod-discovery.edx-cdn.org/cdn-cgi/image/width=auto,height=auto,quality=75,format=webp/media/course/image/cabd0da4-430b-4cad-9c7c-87c8eb6ed456-73aaafbc960b.jpeg","Extractive industries like mining and oil &amp; gas have become increasingly technology-driven, but managing this rapid technological change remains a challenge for companies, governments, and stakeholders.
This MOOC equips participants with tools and ideas to enhance innovation and R&amp;D, with the ability to contribute significantly to SDGs 7 (Affordable and Clean Energy), 9 (Industry, Innovation and Infrastructure), and 13 (Climate Action).",8,,,2,4,312,False,course-v1:SDGAcademyX+MINT001+1T2025
course-0b7de30c-436f-41c6-a601-5513017e11c2,0b7de30c-436f-41c6-a601-5513017e11c2,Crisis Resource Management,Columbia University,Course,Course,edX,Introductory,Health & Safety; Medicine,English,Current,self_paced,Teamwork; Presentations; Decision Making; Customer Relationship Management; Resource Management; Team Management; Cultural Influences; Aviation,https://www.edx.org/learn/crisis-resource-management/columbia-university-crisis-resource-management,"https://prod-discovery.edx-cdn.org/cdn-cgi/image/width=auto,height=auto,quality=75,format=webp/media/course/image/0b7de30c-436f-41c6-a601-5513017e11c2-e03367bbd023.png","Learn the skills critical for effective teamwork in a crisis situation with focus on preparation, decision-making, and reflection across multidisciplinary teams.",12,,,3,6,311,False,course-v1:ColumbiaX+CRMx+1T2020
course-90a35a07-2d42-4080-be6d-6e69bf786899,90a35a07-2d42-4080-be6d-6e69bf786899,Drones for Agriculture: Prepare and Design Your Drone (UAV) Mission,Wageningen University & Research,Course,Course,edX,Intermediate,Data Analysis & Statistics; Energy & Earth Sciences; Environmental Studies,English,Current,self_paced,Aerial Photography; Curiosity; Agriculture; Data Visualization; Unmanned Aerial Systems (UAS); Remote Sensing; Image Resolution; Workflow Management; Planning Tools; Planning; Unmanned Aerial Vehicle; Aerial Surveys,https://www.edx.org/learn/drones/wageningen-university-research-drones-for-agriculture-prepare-and-design-your-drone-uav-mission,"https://prod-discovery.edx-cdn.org/cdn-cgi/image/width=auto,height=auto,quality=75,format=webp/media/course/image/90a35a07-2d42-4080-be6d-6e69bf786899-3238177efb4f.jpg","Take a dive and expand your knowledge about drones en drone technology. Learn how to prepare and execute a flight mission with an Unmanned Aerial Vehicle (UAV) and how to use, process and understand the collected drone data for your own applications.",3,,,4,8,310,False,course-v1:WageningenX+DRONE01x+3T2019
course-387419b5-3e61-4655-9545-49cbcc52b5d4,387419b5-3e61-4655-9545-49cbcc52b5d4,Interdisciplinary Management of Cardiopulmonary Health and Disease - Cardiac Focus,The Hong Kong Polytechnic University,Course,Course,edX,Introductory,Medicine; Biology & Life Sciences,English,Current,self_paced,Nursing; Disease Management; Management; Psychological Intervention,https://www.edx.org/learn/medicine/the-hong-kong-polytechnic-university-interdisciplinary-management-of-cardiopulmonary-health-and-disease-cardiac-focus,"https://prod-discovery.edx-cdn.org/cdn-cgi/image/width=auto,height=auto,quality=75,format=webp/media/course/image/387419b5-3e61-4655-9545-49cbcc52b5d4-a69388ed14da.jpeg","Learn how different healthcare professionals work together to give holistic management for patients with cardiac diseases.
了解不同医疗专业人员之间的合作，为心脏疾病患者提供全面的医疗服务。",8,,,3,6,310,False,course-v1:HKPolyUx+RSCPEx102x+3T2021
course-727971ff-3872-4fdc-9133-5a4d6d0077ab,727971ff-3872-4fdc-9133-5a4d6d0077ab,"Introduction to Cloud Native, DevOps, Agile, and NoSQL",IBM,Course,Course,edX,Intermediate,Computer Science,English,Current,self_paced,RESTful API; MongoDB; Scrum (Software Development); Software Development Life Cycle; Cloudant; Cloud-Native Computing; Cloud Development; Artificial Intelligence; Git (Version Control System); Continuous Delivery; Behavior-Driven Development; Agile Methodology; Application Development; Node.js; Application Programming Interface (API); Public Cloud; Cloud-Native Applications; JSON; Web Ide; Continuous Integration; DevOps; Cloud Services; User Story; Software Quality (SQA/SQC); NoSQL; IBM Cloud Computing,https://www.edx.org/learn/cloud-computing/ibm-developing-cloud-native-applications,"https://prod-discovery.edx-cdn.org/cdn-cgi/image/width=auto,height=auto,quality=75,format=webp/media/course/image/727971ff-3872-4fdc-9133-5a4d6d0077ab-544ee8dbd64b.png","Learn to develop cloud-native applications from scratch in this comprehensive course. Covering key cloud concepts, tools, and techniques, you'll also explore DevOps culture, CI/CD practices, and MongoDB principles.",2,,,6,8,309,True,course-v1:IBM+CAD201EN+3T2020
course-61161cb7-c3b1-49e5-b5f0-d9e57b16b6f2,61161cb7-c3b1-49e5-b5f0-d9e57b16b6f2,VITARA - Information Technology and Data Management,The International Monetary Fund,Course,Course,edX,Introductory,Economics & Finance,English,Current,self_paced,,https://www.edx.org/learn/economics-finance/the-international-monetary-fund-vitara-information-technology-and-data-management,"https://prod-discovery.edx-cdn.org/cdn-cgi/image/width=auto,height=auto,quality=75,format=webp/media/course/image/61161cb7-c3b1-49e5-b5f0-d9e57b16b6f2-c7540eecf71c.png",This module opens by explaining how information technology (IT) can help achieve a tax administration's goals and the role of executives in managing and overseeing IT resources.,1,,,3,6,309,False,course-v1:IMFx+ITDx+1T2025
course-c6b1478b-c04f-44f6-8713-507ea6d6fb19,c6b1478b-c04f-44f6-8713-507ea6d6fb19,Understanding Political Concepts,Università degli Studi di Napoli Federico II,Course,Course,edX,Introductory,Social Sciences,English,Current,self_paced,Innovation; Political Sciences; Creativity,https://www.edx.org/learn/politics/universita-degli-studi-di-napoli-federico-ii-understanding-political-concepts,"https://prod-discovery.edx-cdn.org/cdn-cgi/image/width=auto,height=auto,quality=75,format=webp/media/course/image/c6b1478b-c04f-44f6-8713-507ea6d6fb19-ad95411f4104.jpg","This course offers an exciting journey through political science concepts. Understand key concepts like party, bureaucracy, andconstitution by using new methods developed for scholars and students; including the innovative ""Hyperpolitics"" tool.",6,,,4,6,308,True,course-v1:FedericaX+Fed.X-21+2T2018
course-a695fee5-5562-4fea-bc8d-0c16a8210d16,a695fee5-5562-4fea-bc8d-0c16a8210d16,"Debt Management, Debt Reporting and Investor Relations",The International Monetary Fund,Course,Course,edX,Introductory,Economics & Finance,English,Current,self_paced,Operations; Debt Management Planning; Capital Markets; Market Development; Investor Relations,https://www.edx.org/learn/economics-finance/the-international-monetary-fund-debt-management-debt-reporting-and-investors-relations,"https://prod-discovery.edx-cdn.org/cdn-cgi/image/width=auto,height=auto,quality=75,format=webp/media/course/image/a695fee5-5562-4fea-bc8d-0c16a8210d16-189b1bc7126a.png","This course, presented by the Monetary and Capital Markets Department, provides capacity building for debt managers on sound practices in debt management, debt reporting, and investor relations to support debt management operations and improve public debt transparency.",4,,,3,6,308,False,course-v1:IMFx+DMIRx+3T2024
course-f047a6e2-a14d-4d65-9c82-1b2253dec862,f047a6e2-a14d-4d65-9c82-1b2253dec862,Droit d’asile et des réfugiés,Université catholique de Louvain,Course,Course,edX,Advanced,Law,French,Current,self_paced,Refugee Issues; Decision Making; International Laws,https://www.edx.org/learn/refugee-law/universite-catholique-de-louvain-droit-dasile-et-des-refugies,"https://prod-discovery.edx-cdn.org/cdn-cgi/image/width=auto,height=auto,quality=75,format=webp/media/course/image/f047a6e2-a14d-4d65-9c82-1b2253dec862-f8e617790ee1.png",Qu'est-ce que l'asile ? Qu'est-ce que le principe de non-refoulement ? Qui doit être reconnu et protégé comme réfugié ? Ces concepts sont complexes. Apprenez à les comprendre et à les appliquer.,14,,,6,8,307,False,course-v1:LouvainX+Louv21x+1T2020
course-ea26bd2f-4b0e-4388-b0f8-43f9636eb90b,ea26bd2f-4b0e-4388-b0f8-43f9636eb90b,"Inglés empresarial: ventas, gestión y liderazgo",Universidades Anáhuac,Course,Course,edX,Introductory,Business & Management; Language; Communication,Spanish,Current,self_paced,Teaching; Communications; Business English; Leadership; Sales Management; Presentations,https://www.edx.org/learn/english/universidades-anahuac-ingles-empresarial-ventas-gestion-y-liderazgo,"https://prod-discovery.edx-cdn.org/cdn-cgi/image/width=auto,height=auto,quality=75,format=webp/media/course/image/ea26bd2f-4b0e-4388-b0f8-43f9636eb90b-8c2ea181866f.jpeg",Este curso en línea te permitirá aprender inglés y tener una inmersión del idioma en los negocios para sobresalir en tu carrera profesional.,4,,,5,8,307,True,course-v1:AnahuacX+UAM.CP3.2x+1T2020
course-941d1e0a-758c-4792-acbe-e50aef58a236,941d1e0a-758c-4792-acbe-e50aef58a236,Drones for Agriculture: Advanced Sensing and Analysis,Wageningen University & Research,Course,Course,edX,Intermediate,Data Analysis & Statistics; Environmental Studies; Energy & Earth Sciences,English,Current,self_paced,Agriculture; Crop Management; Curiosity; Hyperspectral Imaging; Light Detection And Ranging (LiDAR); Data Processing,https://www.edx.org/learn/drones/wageningen-university-research-drones-for-agriculture-advanced-sensing-and-analysis,"https://prod-discovery.edx-cdn.org/cdn-cgi/image/width=auto,height=auto,quality=75,format=webp/media/course/image/941d1e0a-758c-4792-acbe-e50aef58a236-cb88c880debc.jpeg",Are you wondering how drones can contribute to improving crop management? Discover what sensing approaches are available on the market. Join us and learn how to turn the data you collect into valuable information.,6,,,2,4,307,False,course-v1:WageningenX+Drone02x+2T2024
course-911bef22-070f-4f97-acd5-e30e563da32b,911bef22-070f-4f97-acd5-e30e563da32b,"Google Cloud Computing Foundations: Data, ML, and AI in Google Cloud",Google Cloud,Course,Course,edX,Introductory,Computer Science,English,Current,self_paced,Google Cloud; Data Analysis; Cloud Computing; Management; Machine Learning; Artificial Intelligence; Big Data,https://www.edx.org/learn/cloud-computing/google-cloud-google-cloud-computing-foundations-data-ml-and-ai-in-google-cloud,"https://prod-discovery.edx-cdn.org/cdn-cgi/image/width=auto,height=auto,quality=75,format=webp/media/course/image/911bef22-070f-4f97-acd5-e30e563da32b-6b425a56387d.png","This final course in the Google Cloud Computing Foundations Professional Certificate reviews managed big data services, machine learning and its value, and how to demonstrate your skill set in Google Cloud.",1,,,4,5,307,True,course-v1:GoogleCloud+GCCF4x+3T2022
course-83fe6f4d-2509-4d94-a10a-649882b582d5,83fe6f4d-2509-4d94-a10a-649882b582d5,Genetic Models for Animal Breeding,Wageningen University & Research,Course,Course,edX,Intermediate,Biology & Life Sciences; Science; Chemistry,English,Current,self_paced,DNA Sequencing; Animal Reproduction; Legislation; Biology; Aquaculture,https://www.edx.org/learn/animal-breeding/wageningen-university-research-genetic-models-for-animal-breeding,"https://prod-discovery.edx-cdn.org/cdn-cgi/image/width=auto,height=auto,quality=75,format=webp/media/course/image/83fe6f4d-2509-4d94-a10a-649882b582d5-6a21af3ef4d4.jpg",Understand the genetic and statistic principles that enable responsible animal breeding. Learn how to set up a breeding programme and apply genetic models and tools to predict the breeding value. Subscribe to this online course now.,6,,,4,6,307,True,course-v1:WageningenX+ABG01x+3T2017
course-779be18f-0317-4827-a505-3cd9f21f902a,779be18f-0317-4827-a505-3cd9f21f902a,Advanced Principles & Topics in AI & Machine Learning in Healthcare,MGH Institute of Health Professions,Course,Course,edX,Intermediate,Data Analysis & Statistics; Medicine; Health & Safety,English,Current,self_paced,,https://www.edx.org/learn/data-analysis-statistics/mgh-institute-of-health-professions-advanced-principles-topics-in-ai-machine-learning-in-healthcare,"https://prod-discovery.edx-cdn.org/cdn-cgi/image/width=auto,height=auto,quality=75,format=webp/media/course/image/779be18f-0317-4827-a505-3cd9f21f902a-c5ce66b08952.jpeg","In this course, you will dive deeper into advanced theories, designs, and real-world healthcare applications of Artificial Intelligence (AI) and Machine Learning (ML). This part of the course focuses on more sophisticated machine learning techniques, the implementation of AI systems, and discussions on the future of AI in healthcare. Engage in current debates, interactive exercises, and review cutting-edge research to understand how AI is transforming the future of healthcare.",4,,,2,4,307,True,course-v1:MGH_Institute+DA-802+1T2025
course-29f00af4-2abd-4960-b044-e1cc58af5d10,29f00af4-2abd-4960-b044-e1cc58af5d10,Corporate Sustainability Foundations,"University of Oxford; Saïd Business School, University of Oxford",Course,Course,edX,Introductory,Business & Management,English,Current,self_paced,Value Creation; Balancing (Ledger/Billing); Sustainable Business; Creating Shareholder Value; Corporate Sustainability; Triple Bottom Line (TBL); Innovation; Operations; Stakeholder Engagement; Governance; Ethical Leadership,https://www.edx.org/learn/business-management/university-of-oxford-corporate-sustainability-foundations,"https://prod-discovery.edx-cdn.org/cdn-cgi/image/width=auto,height=auto,quality=75,format=webp/media/course/image/29f00af4-2abd-4960-b044-e1cc58af5d10-931c07b2d3cc.jpeg","Drive sustainable value creation by balancing shareholder value and stakeholder engagement, embedding corporate sustainability into profit and purpose.",4,,,2,4,306,False,course-v1:OxfordX+OXFLSC01+2T2025
course-d3280345-c4fd-4b9e-a2d7-2054b96d8fc4,d3280345-c4fd-4b9e-a2d7-2054b96d8fc4,Machine Learning: Exploratory Data Analysis,IBM,Course,Course,edX,Intermediate,Computer Science; Data Analysis & Statistics,English,Current,self_paced,,https://www.edx.org/learn/computer-science/ibm-exploratory-data-analysis-for-machine-learning-2,"https://prod-discovery.edx-cdn.org/cdn-cgi/image/width=auto,height=auto,quality=75,format=webp/media/course/image/d3280345-c4fd-4b9e-a2d7-2054b96d8fc4-02be78fbc1b0.png","Learn to retrieve, clean, and prepare data for using real-world tools and techniques. Gain essential skills for machine learning and AI that employers value.",1,,,10,14,305,True,course-v1:IBM+ML0232EN+1T2025
course-cdcce640-c969-4f1f-88d8-9042018bfae3,cdcce640-c969-4f1f-88d8-9042018bfae3,Grow Your Own Food,University of Alaska Fairbanks,Course,Course,edX,Introductory,Food & Nutrition; Biology & Life Sciences; Energy & Earth Sciences,English,Current,self_paced,Pest Control; Irrigation (Landscaping And Agriculture); Planning; Drip Irrigation; Soil Science; Management; Mulch,https://www.edx.org/learn/food-nutrition/university-of-alaska-fairbanks-grow-your-own-food,"https://prod-discovery.edx-cdn.org/cdn-cgi/image/width=auto,height=auto,quality=75,format=webp/media/course/image/cdcce640-c969-4f1f-88d8-9042018bfae3-5755e24435f3.jpeg",Learn the basics from start to finish of how to successfully grow food. Learn how to garden productively and sustainably.,4,,,2,4,305,False,course-v1:AlaskaX+GROW1x+3T2024
course-cbe977ab-e20f-4909-982f-715d81fc9d90,cbe977ab-e20f-4909-982f-715d81fc9d90,A travel by Spanish America: Spanish for beginners,Universidad del Rosario,Course,Course,edX,Introductory,Language,Spanish,Current,self_paced,Spanish Language,https://www.edx.org/learn/spanish/universidad-del-rosario-a-travel-by-spanish-america-spanish-for-beginners,"https://prod-discovery.edx-cdn.org/cdn-cgi/image/width=auto,height=auto,quality=75,format=webp/media/course/image/cbe977ab-e20f-4909-982f-715d81fc9d90-3ed0c99ec351.jpeg","Learn basic expressions in Spanish and communicative tools to get ready to travel to any Spanish-speaking country, while you get to know relevant aspects of the Spanish American culture.",4,,,4,6,305,False,course-v1:URosarioX+URX14+2T2020
course-4db0b5ba-5d2b-404c-819c-827449fdced3,4db0b5ba-5d2b-404c-819c-827449fdced3,Harnessing data for healthcare advancement,University of Cambridge,Course,Course,edX,Introductory,Data Analysis & Statistics; Medicine; Biology & Life Sciences,English,Current,self_paced,,https://www.edx.org/learn/data-analysis-statistics/university-of-cambridge-harnessing-data-for-healthcare-advancement,"https://prod-discovery.edx-cdn.org/cdn-cgi/image/width=auto,height=auto,quality=75,format=webp/media/course/image/4db0b5ba-5d2b-404c-819c-827449fdced3-a4c2d49e5567.png","Learn to manage health data, develop data science projects, and collaborate effectively in healthcare. This course covers data-driven decision-making, healthcare systems, project management, and data visualization to ensure impactful healthcare outcomes.",10,,,5,9,305,True,course-v1:UniversityofCambridge+DDDM+3T2024
course-c4cd77f1-9d1f-4478-bb4a-45f90fcd71d4,c4cd77f1-9d1f-4478-bb4a-45f90fcd71d4,IT Support Case Studies,IBM,Course,Course,edX,Intermediate,Computer Science,English,Current,self_paced,Technical Support; Cloud Computing; CompTIA IT Fundamentals; Communications; Customer Service; Troubleshooting (Problem Solving); Information Technology,https://www.edx.org/learn/it-support/ibm-it-support-case-studies,"https://prod-discovery.edx-cdn.org/cdn-cgi/image/width=auto,height=auto,quality=75,format=webp/media/course/image/c4cd77f1-9d1f-4478-bb4a-45f90fcd71d4-1f2c082b917c.png",This Capstone course provides a series of case studies for demonstrating skills to perform in a Technical Support role. It also includes a practice exam to help you prepare for the CompTIA IT Fundamentals (Tech+) Certification Exam.,6,,,6,8,304,True,course-v1:IBM+CC0340EN+3T2022
course-7b3e45ca-d79b-48e3-9b78-4e91f4209e3b,7b3e45ca-d79b-48e3-9b78-4e91f4209e3b,Data Structures Fundamentals,"The University of California, San Diego",Course,Course,edX,Intermediate,Computer Science; Math,English,Current,self_paced,Algorithms; Data Structures; Operations; Computational Thinking; C++ (Programming Language); Priority Queue; Python (Programming Language); Java (Programming Language),https://www.edx.org/learn/data-structures/the-university-of-california-san-diego-data-structures-fundamentals,"https://prod-discovery.edx-cdn.org/cdn-cgi/image/width=auto,height=auto,quality=75,format=webp/media/course/image/7b3e45ca-d79b-48e3-9b78-4e91f4209e3b-b2a4b45cabaf.png",Learn about data structures that are used in computational thinking – both basic and advanced.,6,,,8,10,304,True,course-v1:UCSanDiegoX+ALGS201x+2T2017
course-2f110fb2-7ebf-47aa-b81f-c4b6fbf9c2e6,2f110fb2-7ebf-47aa-b81f-c4b6fbf9c2e6,Solar Resource Assessment in Desert Climates,Hamad Bin Khalifa University,Course,Course,edX,Advanced,Energy & Earth Sciences; Environmental Studies; Engineering,English,Current,self_paced,Solar Radiation; Forecasting; Meteorology; Advocacy,https://www.edx.org/learn/solar-energy/hamad-bin-khalifa-university-solar-resource-assessment-in-desert-climates,"https://prod-discovery.edx-cdn.org/cdn-cgi/image/width=auto,height=auto,quality=75,format=webp/media/course/image/2f110fb2-7ebf-47aa-b81f-c4b6fbf9c2e6-0e0979b0a362.jpg","Learn how to use the components of solar radiation,solar spectrum, forecasting and meteorology to advocate and plan for deploying PV in desert climates",7,,,1,3,304,True,course-v1:HBKUx+HBK001+1T2019
course-08ec8100-90a5-489d-9030-6108e622c778,08ec8100-90a5-489d-9030-6108e622c778,Introducción a Matemáticas para Finanzas y Negocios,Tecnológico de Monterrey,Course,Course,edX,Advanced,Economics & Finance,Spanish,Current,self_paced,Financial Asset; Arbitration; Macroeconomics; Microeconomics; Mathematical Optimization; Decision Making; Basic Math; Rate Of Return; Derivatives; Supply And Demand; Financial Analysis; Money Market; Annuities; Finance,https://www.edx.org/learn/finance/tecnologico-de-monterrey-introduccion-a-matematicas-para-finanzas-y-negocios,"https://prod-discovery.edx-cdn.org/cdn-cgi/image/width=auto,height=auto,quality=75,format=webp/media/course/image/08ec8100-90a5-489d-9030-6108e622c778-42cdcc20ffcc.jpeg",El objetivo del curso es entender como ciertos conceptos matemáticos se utilizan de forma recurrente para analizar problemas financieros y de negocios.,5,,,5,8,304,True,course-v1:TecdeMonterreyX+HC_MFN.1x+2T2020
course-b8eac1f6-1911-4a4a-aec3-39ed9945422f,b8eac1f6-1911-4a4a-aec3-39ed9945422f,Big Data Analytics,Adelaide University,Course,Course,edX,Intermediate,Computer Science; Data Analysis & Statistics,English,Current,self_paced,Big Data Analytics; Big Data; Creativity; Statistical Modeling; Data Science; Apache Spark; Data Analysis; Analytic Applications,https://www.edx.org/learn/big-data/university-of-adelaide-big-data-analytics,"https://prod-discovery.edx-cdn.org/cdn-cgi/image/width=auto,height=auto,quality=75,format=webp/media/course/image/b8eac1f6-1911-4a4a-aec3-39ed9945422f-dabd82b17c8a.png","Learn key big data analytics technologies and techniques, including R and Apache Spark, for data modelling and to analyse large-scale data sets to uncover valuable business information.",10,,,8,10,303,True,course-v1:AdelaideX+AnalysisX+3T2017
course-76d85f2f-b772-4c13-a976-294eb28a2988,76d85f2f-b772-4c13-a976-294eb28a2988,La gestion des conflits,HEC Montréal,Course,Course,edX,Introductory,Business & Management,French,Current,self_paced,Research; Conflict Management; Psychology,https://www.edx.org/learn/conflict-resolution/hec-montreal-la-gestion-des-conflits,"https://prod-discovery.edx-cdn.org/cdn-cgi/image/width=auto,height=auto,quality=75,format=webp/media/course/image/76d85f2f-b772-4c13-a976-294eb28a2988-b8a2d5b1c347.jpg","En tant que gestionnaire, apprenez à cerner le noeud d’un conflit pour intervenir de façon adéquate et prévenir la résurgence des conflits.",7,,,2,3,303,True,course-v1:HECMontrealX+RHRT02.1x+3T2019
course-6ac84308-7299-40e5-adce-0a4a9f8ed074,6ac84308-7299-40e5-adce-0a4a9f8ed074,Storytelling That Delivers Program and Project Outcomes,"The University of Maryland, College Park",Course,Course,edX,Introductory,Business & Management; Engineering; Communication,English,Current,self_paced,Agile Project Management; Project Management Institute (PMI) Methodology; Risk Management; Project Management Body Of Knowledge (PMBOK) Methodology; Agile Projects; Communication Certificates; Certified Associate In Project Management; Program Management; PMI Agile Certified Practitioner; Project Management Professional Certification; Scrum (Software Development); Project Management; Persuasive Communication,https://www.edx.org/learn/storytelling/the-university-of-maryland-college-park-storytelling-that-delivers-program-and-project-outcomes,"https://prod-discovery.edx-cdn.org/cdn-cgi/image/width=auto,height=auto,quality=75,format=webp/media/course/image/6ac84308-7299-40e5-adce-0a4a9f8ed074-6352549e1978.jpeg","Storytelling is how leaders lead other leaders. Tell your project’s story to inspire your project teams, encourage your stakeholders, and gain customer commitment to project and program success.",5,,,3,5,303,True,course-v1:USMx+PMCOMM05+3T2021
course-d4ac1c57-1388-4616-87d7-05956676a806,d4ac1c57-1388-4616-87d7-05956676a806,3D GIS,University of Alaska Fairbanks,Course,Course,edX,Intermediate,Engineering; Energy & Earth Sciences; Data Analysis & Statistics,English,Current,self_paced,3D Modeling; Spatial Data Infrastructures; ArcGIS (GIS Software); Mapping; GIS Applications; Mapping Software; GIS Mapping; Planning; Data Visualization; Problem Solving; Cartographic Relief Depiction (Cartography); Visualization; Decision Making; Land Management; Geographic Information Systems; Spatial Analysis; Workflow Management; Geology,https://www.edx.org/learn/gis-geographic-information-systems/university-of-alaska-fairbanks-3d-gis,"https://prod-discovery.edx-cdn.org/cdn-cgi/image/width=auto,height=auto,quality=75,format=webp/media/course/image/d4ac1c57-1388-4616-87d7-05956676a806-8111fec5232d.jpeg","Take your maps into the third dimension: Learn GIS concepts and tools to visualize, analyze, and interpret spatial data in 3D. Reveal patterns that can lead to problem-solving and better decision making.",4,,,3,5,302,True,course-v1:AlaskaX+GIS2x+2T2021
course-759db122-3782-4f72-8215-67be70e4b2f8,759db122-3782-4f72-8215-67be70e4b2f8,Fundamentos de Ciberseguridad: un enfoque práctico,Inter-American Development Bank; Universidad Carlos III de Madrid,Course,Course,edX,Intermediate,Computer Science,Spanish,Current,self_paced,Information Technology; Cyber Security; Research; Computer Security,https://www.edx.org/learn/cybersecurity/inter-american-development-bank-fundamentos-de-ciberseguridad-un-enfoque-practico,"https://prod-discovery.edx-cdn.org/cdn-cgi/image/width=auto,height=auto,quality=75,format=webp/media/course/image/759db122-3782-4f72-8215-67be70e4b2f8-b7948b4d5a19.png","Aprende a pensar como un hacker, pero actúa como un experto en ciberseguridad.",6,,,5,7,302,False,course-v1:IDB_UC3Mx+IDB_UC3M.1x+1T2020
course-594f5d0b-f069-49d8-9222-8f9a9ecbf451,594f5d0b-f069-49d8-9222-8f9a9ecbf451,Nutrition for Healthy Ageing,Wageningen University & Research,Course,Course,edX,Intermediate,Food & Nutrition; Biology & Life Sciences; Medicine,English,Current,instructor_paced,Mental Health; Bone Densities; Aging Processes; Influencing Skills; Digestive System,https://www.edx.org/learn/nutrition/wageningen-university-research-nutrition-for-healthy-ageing,"https://prod-discovery.edx-cdn.org/cdn-cgi/image/width=auto,height=auto,quality=75,format=webp/media/course/image/594f5d0b-f069-49d8-9222-8f9a9ecbf451-ff04991cc63c.jpeg",What you eat and how you live has a big impact on your physical and mental health. But can it also slow down ageing? Be empowered by the science behind diet and the ageing body. Join us and learn to take control of your ageing process!,6,,,4,5,302,False,course-v1:WageningenX+NUTR108x+1T2024
course-544d56f8-57cb-4a1b-bc90-21e2ce0ea233,544d56f8-57cb-4a1b-bc90-21e2ce0ea233,Advanced Bioconductor,Harvard University,Course,Course,edX,Advanced,Data Analysis & Statistics; Biology & Life Sciences; Science,English,Current,self_paced,Hierarchical Data Format; Biology; Software Engineering; Matrix Algebra; Statistical Inference; Bioconductor (Bioinformatics Software); Functional Genomics; Relational Databases; R (Programming Language); Life Sciences; Data Integration; Graphical User Interface; Rmarkdown; Ribonucleic Acid Sequencing; Transcription Factors; Data Analysis; Statistics; Data Architecture; Linear Model; Data Warehousing,https://www.edx.org/learn/data-analysis/harvard-university-advanced-bioconductor,"https://prod-discovery.edx-cdn.org/cdn-cgi/image/width=auto,height=auto,quality=75,format=webp/media/course/image/544d56f8-57cb-4a1b-bc90-21e2ce0ea233-bb85a0f891f9.jpg","Learn advanced approaches to genomic visualization, reproducible analysis, data architecture, and exploration of cloud-scale consortium-generated genomic data.",4,,,2,4,302,True,course-v1:HarvardX+PH525.7x+3T2015
course-33f565c6-807e-4208-b2bd-f05be698230d,33f565c6-807e-4208-b2bd-f05be698230d,"Men, Boys and Masculinities",The University of Iceland,Course,Course,edX,Intermediate,Social Sciences; Education & Teacher Training,English,Current,self_paced,,https://www.edx.org/learn/social-science/the-university-of-iceland-masculinities,"https://prod-discovery.edx-cdn.org/cdn-cgi/image/width=auto,height=auto,quality=75,format=webp/media/course/image/33f565c6-807e-4208-b2bd-f05be698230d-70e20fd5ede8.png","This course provides a solid introduction to studies on men, boys and masculinities, and addresses gendered issues relating to men and boys across a variety of fields.",8,,,3,6,302,False,course-v1:UIcelandX+UIcelandXU23+1T2024
course-3a338193-82ba-49bb-9275-816c893d0a93,3a338193-82ba-49bb-9275-816c893d0a93,Python de la A a la Z,Universidades Anáhuac,Course,Course,edX,Introductory,Engineering; Data Analysis & Statistics,Spanish,Current,self_paced,Critical Thinking; Python (Programming Language); Usability; Go (Programming Language); Operations,https://www.edx.org/learn/python/universidades-anahuac-python-de-la-a-a-la-z,"https://prod-discovery.edx-cdn.org/cdn-cgi/image/width=auto,height=auto,quality=75,format=webp/media/course/image/3a338193-82ba-49bb-9275-816c893d0a93-6dbbb78b8b8d.jpeg",Aprende lo básico de la programación con el lenguaje Python.,6,,,3,4,301,True,course-v1:AnahuacX+UVA.CP7.1x+2T2021
course-f5182300-19e8-41c7-8333-fb0ea31d99e3,f5182300-19e8-41c7-8333-fb0ea31d99e3,Assessment Design with AI,The Georgia Institute of Technology,Course,Course,edX,Introductory,Education & Teacher Training,English,Current; Upcoming,self_paced,,https://www.edx.org/learn/artificial-intelligence/the-georgia-institute-of-technology-assessment-design-with-ai,"https://prod-discovery.edx-cdn.org/cdn-cgi/image/width=auto,height=auto,quality=75,format=webp/media/course/image/f5182300-19e8-41c7-8333-fb0ea31d99e3-b3bde2ccd0fa.jpeg",Learn how to adjust your assessments to thrive—not just survive—in a world of pervasive conversational AI like ChatGPT.,4,,,3,4,300,True,course-v1:GTx+AI4E101x+1T2024
course-cf542750-a7e7-44b4-b6d2-be2245ea3520,cf542750-a7e7-44b4-b6d2-be2245ea3520,Fundamentos de Mecánica para Ingeniería,Universitat Politècnica de València,Course,Course,edX,Introductory,Physics,Spanish,Current,self_paced,Mechanics; Kinematics,https://www.edx.org/learn/engineering/universitat-politecnica-de-valencia-fundamentos-de-mecanica-para-ingenieria,"https://prod-discovery.edx-cdn.org/cdn-cgi/image/width=auto,height=auto,quality=75,format=webp/media/course/image/cf542750-a7e7-44b4-b6d2-be2245ea3520-b2cdcd337712.jpg","Estudiaremos la cinemática y la dinámica del punto, los conceptos de trabajo y potencia y la energía mecánica.",6,,,3,4,300,True,course-v1:UPValenciaX+FFI101.1x+2T2016
course-9a8d0ae3-da4d-4eee-b131-379419d7acda,9a8d0ae3-da4d-4eee-b131-379419d7acda,Principios del Acompañamiento Educativo,Universidades Anáhuac,Course,Course,edX,Introductory,Humanities; Education & Teacher Training,Spanish,Current,self_paced,Management; Self-Motivation,https://www.edx.org/learn/humanities/universidades-anahuac-principios-esenciales-del-acompanamiento,"https://prod-discovery.edx-cdn.org/cdn-cgi/image/width=auto,height=auto,quality=75,format=webp/media/course/image/9a8d0ae3-da4d-4eee-b131-379419d7acda-9e98a69040ac.jpeg","Este curso te permitirá comprender la importancia del acompañamiento como una herramienta fundamental para el logro de tus objetivos, tanto educativos como formativos, dentro de la institución.",4,,,2,3,300,False,course-v1:AnahuacX+UAMY.MO.16x+1T2025
course-0d6061d7-df9f-4528-9e45-941b6126097c,0d6061d7-df9f-4528-9e45-941b6126097c,SQL Concepts for Data Engineers,IBM,Course,Course,edX,Intermediate,Data Analysis & Statistics,English,Current,self_paced,Nested Queries; SQL (Programming Language); Data Science; Stored Procedure,https://www.edx.org/learn/sql/ibm-sql-concepts-for-data-engineers,"https://prod-discovery.edx-cdn.org/cdn-cgi/image/width=auto,height=auto,quality=75,format=webp/media/course/image/0d6061d7-df9f-4528-9e45-941b6126097c-cac6ac0e0983.png","In this short course you will learn additional SQL concepts such as views, stored procedures, transactions and joins.",1,,,4,5,300,True,course-v1:IBM+DB0303EN+1T2021
course-5f1fc2f5-69f7-4ae0-aa83-c329a75bd424,5f1fc2f5-69f7-4ae0-aa83-c329a75bd424,Micro and Nanofabrication (MEMS),École polytechnique fédérale de Lausanne,Course,Course,edX,Advanced,Engineering,English,Current,self_paced,Zooming; Mobile Phones; Microfabrication; Nanofabrication; Medical Devices,https://www.edx.org/learn/engineering/ecole-polytechnique-federale-de-lausanne-micro-and-nanofabrication-mems,"https://prod-discovery.edx-cdn.org/cdn-cgi/image/width=auto,height=auto,quality=75,format=webp/media/course/image/5f1fc2f5-69f7-4ae0-aa83-c329a75bd424-e4f78c975c75.jpg",Learn the fundamentals of microfabrication and nanofabrication by using the most effective techniques in a cleanroom environment.,7,,,3,5,299,False,course-v1:EPFLx+memsX+2016_T4
course-5419a850-f5d8-4965-9690-6a5d0bc0be40,5419a850-f5d8-4965-9690-6a5d0bc0be40,Inclusive Teaching: Supporting All Students in the College Classroom,Columbia University,Course,Course,edX,Introductory,Education & Teacher Training,English,Current,self_paced,Universal Design For Learning; Psychology; Diverse Learners; Teaching; Request For Proposal; Student Development; Cultural Responsiveness; Universal Design; Biology,https://www.edx.org/learn/education/columbia-university-inclusive-teaching-supporting-all-students-in-the-college-classroom,"https://prod-discovery.edx-cdn.org/cdn-cgi/image/width=auto,height=auto,quality=75,format=webp/media/course/image/5419a850-f5d8-4965-9690-6a5d0bc0be40-76231a075ed3.png",Explore the principles of inclusive teaching and learn how to apply them in your classroom to support diverse learners.,6,,,2,3,299,False,course-v1:ColumbiaX+INCLTEACH1x+2T2019
course-1c51ce2c-6ec3-477d-b075-5a51a7b49e13,1c51ce2c-6ec3-477d-b075-5a51a7b49e13,Innovation Essentials for Business Leaders,"University of Oxford; Saïd Business School, University of Oxford",Course,Course,edX,Introductory,Business & Management,English,Current,self_paced,Innovation,https://www.edx.org/learn/business-management/university-of-oxford-innovation-essentials-for-business-leaders,"https://prod-discovery.edx-cdn.org/cdn-cgi/image/width=auto,height=auto,quality=75,format=webp/media/course/image/1c51ce2c-6ec3-477d-b075-5a51a7b49e13-f3801856f9d3.jpeg","Challenge cultural ideas about innovation to better understand its terminology, forms, and the principles for creating an effective innovation system.",4,,,2,4,299,False,course-v1:OxfordX+OXFINO01+2T2025
course-d6e0a8b3-6b3c-479c-a165-09359e0b1ecf,d6e0a8b3-6b3c-479c-a165-09359e0b1ecf,Job Interview Preparation For Tech Professionals,University of Cape Town,Course,Course,edX,Intermediate,Communication,English,Current,self_paced,,https://www.edx.org/learn/communication/university-of-cape-town-job-interview-preparation-for-tech-professionals,"https://prod-discovery.edx-cdn.org/cdn-cgi/image/width=auto,height=auto,quality=75,format=webp/media/course/image/d6e0a8b3-6b3c-479c-a165-09359e0b1ecf-bde265d2b2fd.jpeg","Craft an outstanding resume, learn to write a professional cover letter, and prepare for a job interview.",6,,,2,6,298,True,course-v1:UCT+UCTELC03+3T2024
course-43098251-bf25-4b03-b589-ca17c722625c,43098251-bf25-4b03-b589-ca17c722625c,Quick Start Guide to Social Media,Aptly,Course,Course,edX,Introductory,Business & Management,English,Current,self_paced,,https://www.edx.org/learn/business-management/aptly-quick-start-guide-to-social-media,"https://prod-discovery.edx-cdn.org/cdn-cgi/image/width=auto,height=auto,quality=75,format=webp/media/course/image/43098251-bf25-4b03-b589-ca17c722625c-9a145adfb6de.png","Jumpstart your social media marketing efforts with this course! Learn to identify your target audience, map their journey, and select the right platforms to engage them. Develop strategies for creating engaging content, growing your presence, and using analytics to optimize campaigns. By the end, you'll have the skills to set goals, align platforms, and drive results—perfect for beginners seeking practical, hands-on knowledge in social media marketing.",3,,,5,6,297,False,course-v1:Aptly+SM101+3T2024
course-049ca241-7dd6-49d1-8728-f4160dae3dc9,049ca241-7dd6-49d1-8728-f4160dae3dc9,English for Doing Business in Asia – Speaking,The Hong Kong University of Science and Technology,Course,Course,edX,Introductory,Humanities; Business & Management; Language,English,Current,self_paced,Business Simulation; Business Writing; Written Communication; Communications; Writing; Grammar; English Language,https://www.edx.org/learn/english/the-hong-kong-university-of-science-and-technology-english-for-doing-business-in-asia-speaking,"https://prod-discovery.edx-cdn.org/cdn-cgi/image/width=auto,height=auto,quality=75,format=webp/media/course/image/049ca241-7dd6-49d1-8728-f4160dae3dc9-a17378f17463.jpg",Introducing strategies for developing your spoken English communication skills in the context of doing business in Asia.,7,,,3,4,297,True,course-v1:HKUSTx+EBA101x+1T2016
course-a0d4763b-1f4a-4bbf-ad4a-ec3f388bcbb4,a0d4763b-1f4a-4bbf-ad4a-ec3f388bcbb4,Communicating Strategically,Dartmouth College,Course,Course,edX,Intermediate,Communication; Business & Management,English,Current,self_paced,Communication Strategies; Corporate Branding; Crisis Communications; Communications; Management; Corporate Communications; Problem Solving,https://www.edx.org/learn/communication/dartmouth-college-communicating-strategically-4,"https://prod-discovery.edx-cdn.org/cdn-cgi/image/width=auto,height=auto,quality=75,format=webp/media/course/image/a0d4763b-1f4a-4bbf-ad4a-ec3f388bcbb4-65d24b3a6020.png",This course from Tuck Executive Education at Dartmouth equips future leaders with the skills to communicate strategically within a business context.,4,,,3,5,296,True,course-v1:DartmouthX+SCC1+3T2024
course-06aaf4fb-98f3-4cf2-b681-8e858544e588,06aaf4fb-98f3-4cf2-b681-8e858544e588,Minerals and Mining in a Sustainable World,The University of Queensland,Course,Course,edX,Advanced,Engineering; Social Sciences; Environmental Studies,English,Current,self_paced,Governance; Sustainability; Scenario Planning; Sustainable Development; Futures Exchange,https://www.edx.org/learn/mining/the-university-of-queensland-minerals-and-mining-in-a-sustainable-world,"https://prod-discovery.edx-cdn.org/cdn-cgi/image/width=auto,height=auto,quality=75,format=webp/media/course/image/06aaf4fb-98f3-4cf2-b681-8e858544e588-7293efa3a37a.jpeg","This course provides learners with an overview of the role of minerals in society, the history of the sustainable development agenda, and the emerging focus on the relationship between mineral development and the Sustainable Development Goals.",8,,,4,5,295,False,course-v1:UQx+MINE2x+2T2020
course-033743d6-2bba-41c9-9921-44e2b9eda53c,033743d6-2bba-41c9-9921-44e2b9eda53c,Mastering Generative AI Project:  RAG and LangChain App,IBM,Course,Course,edX,Intermediate,Computer Science,English,Current,self_paced,,https://www.edx.org/learn/computer-science/ibm-mastering-generative-ai-project-rag-and-langchain-app,"https://prod-discovery.edx-cdn.org/cdn-cgi/image/width=auto,height=auto,quality=75,format=webp/media/course/image/033743d6-2bba-41c9-9921-44e2b9eda53c-921b4f63f971.jpeg",Get valuable practical experience building a real-world gen AI application that you can talk about in interviews.,3,,,2,4,295,True,course-v1:IBM+AI0214EN+3T2024
course-f0543bb0-b2d6-45db-a805-950aa835a3d8,f0543bb0-b2d6-45db-a805-950aa835a3d8,Introduction to Data Science and Basic Statistics for Business,Tecnológico de Monterrey,Course,Course,edX,Advanced,Data Analysis & Statistics; Business & Management,Spanish,Current,self_paced,Big Data; Probability Distribution; Business Technologies; Statistics; Decision Making; Data Science; Statistical Methods,https://www.edx.org/learn/data-analysis/tecnologico-de-monterrey-introduction-to-data-science-and-basic-statistics-for-business,"https://prod-discovery.edx-cdn.org/cdn-cgi/image/width=auto,height=auto,quality=75,format=webp/media/course/image/f0543bb0-b2d6-45db-a805-950aa835a3d8-67ed97d17697.jpeg","In this course you will acquire statistical methods for decision making in business, as well as technological tools to develop quantitative skills.
Areas such as "" big data"" require very clear knowledge of statistics and business, technology provides us various applications that require solid training in statistics for proper use and interpretation .",4,,,5,8,294,True,course-v1:TecdeMonterreyX+EQ-IDS.1x+1T2021
course-d5234734-307f-4974-aa96-fd670469b569,d5234734-307f-4974-aa96-fd670469b569,"Virtualization, Docker, and Kubernetes for Data Engineering",Pragmatic AI Labs,Course,Course,edX,Introductory,Computer Science,English,Current,self_paced,,https://www.edx.org/learn/data-engineering/pragmatic-ai-labs-virtualization-docker-and-kubernetes-for-data-engineering,"https://prod-discovery.edx-cdn.org/cdn-cgi/image/width=auto,height=auto,quality=75,format=webp/media/course/image/d5234734-307f-4974-aa96-fd670469b569-e44efa4ded4d.png","Master virtualization, Docker, and Kubernetes for data engineering. Gain hands-on experience with cloud development environments, container orchestration, and production best practices.",4,,,3,6,294,True,course-v1:AI+dataeng5x+1T2024
course-a5980e83-aeca-426c-9447-cbd24cfd70b2,a5980e83-aeca-426c-9447-cbd24cfd70b2,Building a Lean Startup,Davidson College,Course,Course,edX,Introductory,Business & Management,English,Current,self_paced,Go-to-Market Strategy; Customer Service; New Product Development; Innovation; Business Planning; Lean Startup Methodology,https://www.edx.org/learn/entrepreneurship/davidson-college-building-a-lean-startup,"https://prod-discovery.edx-cdn.org/cdn-cgi/image/width=auto,height=auto,quality=75,format=webp/media/course/image/a5980e83-aeca-426c-9447-cbd24cfd70b2-5f9737f7a3df.png","Based on Eric Ries's influential book The Lean Startup , this course will bring your business idea to life with the help of time-tested tools and strategies employed by some of the world’s most successful startups.",4,,,4,10,294,True,course-v1:DavidsonX+JiE+2T2022
course-5b49fa46-87c5-46ad-afeb-12771588ca2e,5b49fa46-87c5-46ad-afeb-12771588ca2e,Gestión de riesgos en proyectos de desarrollo,Inter-American Development Bank,Course,Course,edX,Intermediate,Business & Management; Economics & Finance,Spanish,Current,self_paced,International Standards; Risk Management; Project Management Institute (PMI) Methodology; Project Management,https://www.edx.org/learn/risk-management/inter-american-development-bank-gestion-de-riesgos-en-proyectos-de-desarrollo,"https://prod-discovery.edx-cdn.org/cdn-cgi/image/width=auto,height=auto,quality=75,format=webp/media/course/image/5b49fa46-87c5-46ad-afeb-12771588ca2e-5a65034d147c.jpg",Aprende a gestionar anticipadamente los eventos positivos y negativos que pueden afectar la ejecución de un proyecto de desarrollo.,10,,,2,3,294,False,course-v1:IDBx+IDB34.1x+1T2019
course-e3e0edd2-7e1b-4254-96a9-7c40034ce228,e3e0edd2-7e1b-4254-96a9-7c40034ce228,Python Programming: Object-Oriented Design,Codio,Course,Course,edX,Introductory,Computer Science,English,Current,self_paced,,https://www.edx.org/learn/python/codio-python-programming-object-oriented-design,"https://prod-discovery.edx-cdn.org/cdn-cgi/image/width=auto,height=auto,quality=75,format=webp/media/course/image/e3e0edd2-7e1b-4254-96a9-7c40034ce228-401b3c780554.png","Code and run your first Python program in minutes without installing anything!
This beginner-focused course will further develop your programming skills. Topics covered include creating classes, mutability, encapsulation, inheritance, and polymorphism.",5,,,2,3,293,True,course-v1:Codio+python3.1+1T2023
course-7c60ebf4-f24a-4584-ae21-ec2855767f26,7c60ebf4-f24a-4584-ae21-ec2855767f26,Mental Health History and Treatment,University of Alaska Fairbanks,Course,Course,edX,Intermediate,Social Sciences; Health & Safety; Ethics,English,Current,self_paced,Mental Health; Mental Diseases; Compassion; Community Mental Health Services; Trauma Care,https://www.edx.org/learn/mental-health/university-of-alaska-fairbanks-mental-health-history-and-treatment,"https://prod-discovery.edx-cdn.org/cdn-cgi/image/width=auto,height=auto,quality=75,format=webp/media/course/image/7c60ebf4-f24a-4584-ae21-ec2855767f26-aad1c5a94625.jpeg","This course will explore the history and treatment of individuals with mental health disorders in the United States. Learners will be introduced to diagnoses, current treatment, and social impacts to care.",6,,,4,6,293,True,course-v1:AlaskaX+MH1x+2T2022
course-a2710edc-59a7-436f-9e0f-97582e6f5f89,a2710edc-59a7-436f-9e0f-97582e6f5f89,Backend APIs & Microservices,Microsoft,Course,Course,edX,Intermediate,Computer Science,English,Current,self_paced,RESTful API; Application Programming Interface (API); Client Server Models; Scalability; Microservices; Dataflow; Operations; C# (Programming Language); .NET Framework,https://www.edx.org/learn/computer-science/microsoft-backend-apis-microservices,"https://prod-discovery.edx-cdn.org/cdn-cgi/image/width=auto,height=auto,quality=75,format=webp/media/course/image/a2710edc-59a7-436f-9e0f-97582e6f5f89-9b3bee074f77.jpeg","Learn how to build backend web APIs using C#, implement RESTful services, connect applications to databases, and deploy scalable cloud-based microservices using best practices in modern backend development",2,,,2,3,292,False,course-v1:Microsoft+API-104+2T2025
course-7a0a60d7-747b-44e8-b274-62f9dd9c5283,7a0a60d7-747b-44e8-b274-62f9dd9c5283,Geospatial Science: Remote Sensing,University of Alaska Fairbanks,Course,Course,edX,Introductory,Energy & Earth Sciences; Data Analysis & Statistics; Environmental Studies,English,Current,self_paced,,https://www.edx.org/learn/energy-earth-sciences/university-of-alaska-fairbanks-geospatial-science-remote-sensing,"https://prod-discovery.edx-cdn.org/cdn-cgi/image/width=auto,height=auto,quality=75,format=webp/media/course/image/7a0a60d7-747b-44e8-b274-62f9dd9c5283-8c09086f1cf1.jpeg",This course conveys geospatial remote sensing concepts starting with the basics of imaging and geospatial data. It introduces airborne remote sensing and provides an introduction to multispectral imagery. It discusses stereo-photogrammetry and summarizes advanced remote sensing methods such as synthetic aperture radar (SAR) and hyperspectral sensing.,4,,,4,6,292,True,course-v1:AlaskaX+GS-400+1T2025
course-bb8d8107-29c6-4004-9a9d-088ca28a7dda,bb8d8107-29c6-4004-9a9d-088ca28a7dda,Storytelling for Social Change,The University of Michigan,Course,Course,edX,Introductory,Communication; Art & Culture; Humanities,English,Current,self_paced,Empathy; Storytelling,https://www.edx.org/learn/social-justice/the-university-of-michigan-storytelling-for-social-change,"https://prod-discovery.edx-cdn.org/cdn-cgi/image/width=auto,height=auto,quality=75,format=webp/media/course/image/bb8d8107-29c6-4004-9a9d-088ca28a7dda-5165a747d5c6.png",Use stories to deliver messages that affect people. Learn how to craft a story that develops empathy and delivers impact.,5,,,1,3,291,False,course-v1:MichiganX+Storytelling101x+3T2018
course-af05174d-613f-4a54-9c6e-8298a26417e3,af05174d-613f-4a54-9c6e-8298a26417e3,The Conquest of Space: Space Exploration and Rocket Science,Universidad Carlos III de Madrid,Course,Course,edX,Introductory,Engineering; History,English,Current,self_paced,Spacecraft Propulsion; Space Exploration; Cooperation,https://www.edx.org/learn/space/universidad-carlos-iii-de-madrid-the-conquest-of-space-space-exploration-and-rocket-science,"https://prod-discovery.edx-cdn.org/cdn-cgi/image/width=auto,height=auto,quality=75,format=webp/media/course/image/af05174d-613f-4a54-9c6e-8298a26417e3-0f427e63cd96.jpg",Explore the history of space travel and learn the basics of aerospace engineering.,7,,,3,4,291,False,course-v1:UC3Mx+BIA.1x+1T2016
course-21e97f78-3f87-4874-856e-3c13ec9680cd,21e97f78-3f87-4874-856e-3c13ec9680cd,Introduction to User Experience,HEC Montréal,Course,Course,edX,Intermediate,Computer Science; Design; Engineering,English,Current,self_paced,Innovation; User Experience Design (UX); UX Research; Prototyping; Self Service Technologies; Human-Centered Design; Research Design; Research; Human Factors; Mobile Application Development; Design Thinking; Usability; User Experience; Ideation,https://www.edx.org/learn/user-experience-ux/hec-montreal-introduction-to-user-experience,"https://prod-discovery.edx-cdn.org/cdn-cgi/image/width=auto,height=auto,quality=75,format=webp/media/course/image/21e97f78-3f87-4874-856e-3c13ec9680cd-f65f4b8e725f.jpeg","This MOOC will review the fundamental elements UX practice (e.g., UX project, key concepts, activities, roles, deliverables).
From application software to mobile application and website, get an introduction on how to design professional interfaces offering quality experiences.",4,,,6,9,291,True,course-v1:HECMontrealX+UXe01x.1+3T2020
course-af918aff-59fb-4bf9-9b3c-a290310dc4bd,af918aff-59fb-4bf9-9b3c-a290310dc4bd,Planeación Estratégica,Tecnológico de Monterrey,Course,Course,edX,Introductory,Business & Management,Spanish,Current,self_paced,,https://www.edx.org/learn/business-administration/tecnologico-de-monterrey-planeacion-estrategica,"https://prod-discovery.edx-cdn.org/cdn-cgi/image/width=auto,height=auto,quality=75,format=webp/media/course/image/af918aff-59fb-4bf9-9b3c-a290310dc4bd-0dd0dff06db4.jpg","La dinámica que se observa en el mercado hoy en día, está exigiendo a las empresas a actualizar sus estrategias (modelos de negocio, estructura organizacional, innovar en sus productos y servicios, etc.) para poder seguir siendo competitivas.


Esto requiere de cambios importantes en los que se necesitan líderes capaces de impulsar a los negocios y a sus colaboradores hacia todos esos cambios. En este curso además de identificar conceptos básicos de la transformación digital, se distinguirán las nuevas tecnologías y metodologías para aplicar de manera correcta esa transformación en los retails.


Se mencionará la importancia del cambio cultural en las organizaciones, en pro de alinearse con los nuevos requerimientos y necesidades del mercado y se verá una propuesta metodológica para lograr una transformación digital exitosa. Todo esto desarrollado en cuatro temas que llevarán de la mano al participante hacia el entendimiento de la necesidad de digitalizarse y conservar un posicionamiento adecuado en su mercado e industria.",4,,,4,5,290,True,course-v1:TecdeMonterreyX+PLES.3X+2T2023
course-311ffd88-2f4f-4db7-b8a9-36c8de0a44e5,311ffd88-2f4f-4db7-b8a9-36c8de0a44e5,Clinical Reasoning Process,Université de Montréal,Course,Course,edX,Introductory,Medicine,English,Current,self_paced,Medical Education; Clinical Reasoning; Dentistry; Nursing; Veterinary Medicine,https://www.edx.org/learn/medicine/universite-de-montreal-clinical-reasoning-process,"https://prod-discovery.edx-cdn.org/cdn-cgi/image/width=auto,height=auto,quality=75,format=webp/media/course/image/311ffd88-2f4f-4db7-b8a9-36c8de0a44e5-5149f5d82e12.png","The course introduces the clinical reasoning process as it is used by clinicians from different health disciplines: medicine, dentistry, nursing, veterinary medicine, and pharmacy. The course offers a step-by-step description and explanation of the process, illustrated with clinical examples. This course is of interest to both students and health professionals as they hone their knowledge and clinical reasoning skills.",6,,,2,4,290,False,course-v1:UMontrealX+CRP+1T2020a
course-b01ee61e-1ac1-4a07-b5f4-348a4b4868d6,b01ee61e-1ac1-4a07-b5f4-348a4b4868d6,Databases: Semistructured Data,Stanford University,Course,Course,edX,Introductory,Computer Science,English,Current,self_paced,Telecommunications; JSON; Human Readable; Data Abstraction; Query Languages; Database Design; SQL (Programming Language); Concurrency Controls; Computer Science; Database Systems; Relational Databases; Extensible Stylesheet Language Transformations (XSLT); XQuery; Extensible Markup Language (XML); XPath,https://www.edx.org/learn/relational-databases/stanford-university-databases-semistructured-data,"https://prod-discovery.edx-cdn.org/cdn-cgi/image/width=auto,height=auto,quality=75,format=webp/media/course/image/b01ee61e-1ac1-4a07-b5f4-348a4b4868d6-934315464fc2.png","This course is one of five self-paced courses on the topic of Databases, originating as one of Stanford's three inaugural massive open online courses released in the fall of 2011. The original ""Databases"" courses are now all available on edx.org.
Part of the Databases series, this is a standalone course; learners seeking to develop an understanding of topics in this course do not need to take other Databases courses. This course covers the JSON and XML standards for semistructured data, along with query languages and schema declaration features for XML.

The XML Data section of this course introduces the XML model for semistructured and self-describing data, including DTDs and some features of XML Schema.
The JSON Data section of this course introduces the JSON model for human-readable structured or semistructured data.
The XPath and XQuery section of this course covers the XPath language for processing XML data, along with many features of the more advanced XQuery language.
The XSLT section of this course provides a general introduction to the XSLT rule-based language for querying and transforming XML data.",2,,,8,10,289,True,course-v1:StanfordOnline+SOE.YDB-SSD0001+2T2020
course-8203b2ca-f5db-4a16-ae2b-02ca1df8aa2a,8203b2ca-f5db-4a16-ae2b-02ca1df8aa2a,Discover Political Science,Université catholique de Louvain,Course,Course,edX,Intermediate,Social Sciences,English,Current,self_paced,Political Sciences,https://www.edx.org/learn/political-science/universite-catholique-de-louvain-discover-political-science,"https://prod-discovery.edx-cdn.org/cdn-cgi/image/width=auto,height=auto,quality=75,format=webp/media/course/image/8203b2ca-f5db-4a16-ae2b-02ca1df8aa2a-3f6371f2c5a4.jpg",Understand current political stakesas you learn about important concepts and how to analyze politics with a critical point of view.,10,,,4,6,289,False,course-v1:LouvainX+Louv3x_E+1T2018
course-93a81245-fc14-4e11-8cc0-fda4559f3e85,93a81245-fc14-4e11-8cc0-fda4559f3e85,Healthcare and Crisis Preparation,Stanford University,Course,Course,edX,Introductory,Medicine,English,Current,self_paced,,https://www.edx.org/learn/healthcare/stanford-university-healthcare-and-crisis-preparation,"https://prod-discovery.edx-cdn.org/cdn-cgi/image/width=auto,height=auto,quality=75,format=webp/media/course/image/93a81245-fc14-4e11-8cc0-fda4559f3e85-57bad1a80543.jpeg",Discover the role the crisis response team plays in disaster management in this course from the Stanford Center for Health Education.,4,,,2,4,288,True,course-v1:StanfordOnline+STANHCM01+1T2023
course-3fb038ad-4532-4bee-aacb-128773b00970,3fb038ad-4532-4bee-aacb-128773b00970,Introduction to Online Education & Course Planning,The University of Wisconsin-Madison,Course,Course,edX,Introductory,Education & Teacher Training,English,Current,self_paced,Learning Styles; Backward Design; Materials Planning; Teaching; Lesson Planning; Planning,https://www.edx.org/learn/education/the-university-of-wisconsin-madison-introduction-to-online-education-course-planning,"https://prod-discovery.edx-cdn.org/cdn-cgi/image/width=auto,height=auto,quality=75,format=webp/media/course/image/3fb038ad-4532-4bee-aacb-128773b00970-0e8d1e1ac4bf.jpeg","Learn the fundamentals of online education and online learners through proven strategies including developing effective online learning modules and course content and materials, planning a learning module using the Backward Design methodology, and defining learning outcomes as well as key course topics.",3,,,4,6,288,True,course-v1:WisconsinX+NDTPCO1.00+2T2022
course-0cc9b728-daae-4b30-8ce1-667c16b3c83b,0cc9b728-daae-4b30-8ce1-667c16b3c83b,Explore Trading and Lending in Decentralized Finance,University of Toronto,Course,Course,edX,Intermediate,Economics & Finance,English,Current,self_paced,,https://www.edx.org/learn/economics/university-of-toronto-trading-and-lending-in-decentralized-finance,"https://prod-discovery.edx-cdn.org/cdn-cgi/image/width=auto,height=auto,quality=75,format=webp/media/course/image/0cc9b728-daae-4b30-8ce1-667c16b3c83b-bfd69a607b5c.jpeg","In this course from the Rotman School of Management at the University of Toronto, you will develop a robust understanding of trading, borrowing, and lending as organized by decentralized finance (DeFi) protocols.",3,,,2,4,288,True,course-v1:University_of_TorontoX+UTORBLD02+2T2023
course-ca6c3258-ad5f-47ca-a463-4840f0f87be5,ca6c3258-ad5f-47ca-a463-4840f0f87be5,Theatre and set design,Università degli Studi di Napoli Federico II,Course,Course,edX,Introductory,Architecture; Art & Culture,English,Current,self_paced,Planning; Management; Painting; Geometry,https://www.edx.org/learn/design/universita-degli-studi-di-napoli-federico-ii-theatre-and-set-design,"https://prod-discovery.edx-cdn.org/cdn-cgi/image/width=auto,height=auto,quality=75,format=webp/media/course/image/ca6c3258-ad5f-47ca-a463-4840f0f87be5-26e04c5781f0.jpeg",Study the foundamentals of scenography and set design and learn how to create a theatrical scenic perspective,10,,,4,6,287,False,course-v1:FedericaX+84+2T2021
course-9a09e075-d750-4882-9b7e-090b6a466af0,9a09e075-d750-4882-9b7e-090b6a466af0,Fundamentals of Quantum Information,Delft University of Technology,Course,Course,edX,Advanced,Computer Science; Electronics; Engineering,English,Current,self_paced,Physics; Quantum Information; Quantum Technology; Algorithms; Quantum Gates; Quantum Computing; Communications; Basic Math; Legal Discovery,https://www.edx.org/learn/quantum-computing/delft-university-of-technology-fundamentals-of-quantum-information,"https://prod-discovery.edx-cdn.org/cdn-cgi/image/width=auto,height=auto,quality=75,format=webp/media/course/image/9a09e075-d750-4882-9b7e-090b6a466af0-abed87b0f00a.jpeg",Quantum information is at the heart of quantum computing: learn how it is mathematically represented via quantum circuits and how to manipulate quantum entanglement with these circuits.,4,,,6,8,287,True,course-v1:DelftX+QTM4x+2T2021
course-7191278f-17f7-410d-9b4d-e705ad15d40e,7191278f-17f7-410d-9b4d-e705ad15d40e,Build Generative AI Agents with Vertex AI and Flutter,Google Cloud,Course,Course,edX,Introductory,Computer Science,English,Current,self_paced,,https://www.edx.org/learn/computer-science/google-cloud-build-generative-ai-agents-with-vertex-ai-and-flutter,"https://prod-discovery.edx-cdn.org/cdn-cgi/image/width=auto,height=auto,quality=75,format=webp/media/course/image/7191278f-17f7-410d-9b4d-e705ad15d40e-d9ab9efcbfc0.png","Learn to develop a Flutter app and integrate it with Gemini, Google's generative AI models, using Vertex AI Agent Builder.",3,,,3,4,287,False,course-v1:GoogleCloud+BGAIVF1x+2T2025
course-69f4b8db-8a82-4439-87a2-7f5b1fe5334b,69f4b8db-8a82-4439-87a2-7f5b1fe5334b,Advanced RAG,Pragmatic AI Labs,Course,Course,edX,Intermediate,Computer Science; Data Analysis & Statistics,English,Current,self_paced,Artificial Intelligence; Machine Learning; Applications Of Artificial Intelligence; Software Development; Master Of Laws; Artificial Intelligence Development; Document Processing,https://www.edx.org/learn/computer-science/pragmatic-ai-labs-advanced-rag,"https://prod-discovery.edx-cdn.org/cdn-cgi/image/width=auto,height=auto,quality=75,format=webp/media/course/image/69f4b8db-8a82-4439-87a2-7f5b1fe5334b-2b6d2504fade.png","Master cutting-edge RAG techniques to enhance LLM applications. Learn embedding strategies, document processing, and advanced retrieval methods for building high-performance AI solutions in enterprise environments.
10 hands-on labs and exercise to ""learn by doing"".",4,,,2,4,287,False,course-v1:AI+rag1x+3T2024
course-16747879-5956-408a-8add-8d9d3b23b373,16747879-5956-408a-8add-8d9d3b23b373,Tropical coastal ecosystems,The University of Queensland,Course,Course,edX,Introductory,Biology & Life Sciences; Energy & Earth Sciences; Environmental Studies,English,Current,self_paced,Coastal Ecology; Ecology; Ecosystem Science,https://www.edx.org/learn/ecosystems/the-university-of-queensland-tropical-coastal-ecosystems,"https://prod-discovery.edx-cdn.org/cdn-cgi/image/width=auto,height=auto,quality=75,format=webp/media/course/image/16747879-5956-408a-8add-8d9d3b23b373-e5d1bedaec7f.jpg",Take the challenge and understand problems and solutions to managing tropical coastal ecosystems.,9,,,4,5,287,False,UQx/TROPIC101x/1T2014
